<?xml version="1.0" encoding="UTF-8"?>
<StructureDefinition xmlns="http://hl7.org/fhir">
  <id value="DiseaseInformationTOXD"/>
  <url value="https://demis.rki.de/fhir/StructureDefinition/DiseaseInformationTOXD"/>
  <version value="1.0.1"/>
  <name value="DiseaseInformationTOXD"/>
  <title value="Klinische und epidemiologische Angaben für Toxoplasma gondii; Meldepflicht nur bei konnatalen Infektionen"/>
  <status value="active"/>
  <date value="2025-08-12"/>
  <description value="Die klinischen und epidemiologischen Angaben für den Meldetatbestand &quot;Toxoplasma gondii; Meldepflicht nur bei konnatalen Infektionen&quot; werden in dieser QuestionnaireResponse-Ressource entsprechend dem dazugehörigen Fragebogen DiseaseQuestionsTOXD übermittelt."/>
  <fhirVersion value="4.0.1"/>
  <kind value="resource"/>
  <abstract value="false"/>
  <type value="QuestionnaireResponse"/>
  <baseDefinition value="https://demis.rki.de/fhir/StructureDefinition/DiseaseInformationNonNominal"/>
  <derivation value="constraint"/>
  <differential>
    <element id="QuestionnaireResponse.questionnaire">
      <path value="QuestionnaireResponse.questionnaire"/>
      <fixedCanonical value="https://demis.rki.de/fhir/Questionnaire/DiseaseQuestionsTOXD"/>
    </element>
  </differential>
</StructureDefinition>
