<?xml version="1.0" encoding="UTF-8"?>
<StructureDefinition xmlns="http://hl7.org/fhir">
  <id value="DiseaseInformationHIVD"/>
  <url value="https://demis.rki.de/fhir/StructureDefinition/DiseaseInformationHIVD"/>
  <version value="1.0.1"/>
  <name value="DiseaseInformationHIVD"/>
  <title value="Klinische und epidemiologische Angaben für Humanes Immundefizienz-Virus (HIV)"/>
  <status value="active"/>
  <date value="2025-08-12"/>
  <description value="Die klinischen und epidemiologischen Angaben für den Meldetatbestand &quot;Humanes Immundefizienz-Virus (HIV)&quot; werden in dieser QuestionnaireResponse-Ressource entsprechend dem dazugehörigen Fragebogen DiseaseQuestionsHIVD übermittelt."/>
  <fhirVersion value="4.0.1"/>
  <kind value="resource"/>
  <abstract value="false"/>
  <type value="QuestionnaireResponse"/>
  <baseDefinition value="https://demis.rki.de/fhir/StructureDefinition/DiseaseInformationNonNominal"/>
  <derivation value="constraint"/>
  <differential>
    <element id="QuestionnaireResponse.questionnaire">
      <path value="QuestionnaireResponse.questionnaire"/>
      <fixedCanonical value="https://demis.rki.de/fhir/Questionnaire/DiseaseQuestionsHIVD"/>
    </element>
  </differential>
</StructureDefinition>
