<?xml version="1.0" encoding="UTF-8"?>
<StructureDefinition xmlns="http://hl7.org/fhir">
  <id value="DiseaseInformationNEGD"/>
  <url value="https://demis.rki.de/fhir/StructureDefinition/DiseaseInformationNEGD"/>
  <version value="1.0.1"/>
  <name value="DiseaseInformationNEGD"/>
  <title value="Klinische und epidemiologische Angaben für Neisseria gonorrhoeae"/>
  <status value="active"/>
  <date value="2025-08-12"/>
  <description value="Die klinischen und epidemiologischen Angaben für den Meldetatbestand &quot;Neisseria gonorrhoeae&quot; werden in dieser QuestionnaireResponse-Ressource entsprechend dem dazugehörigen Fragebogen DiseaseQuestionsNEGD übermittelt."/>
  <fhirVersion value="4.0.1"/>
  <kind value="resource"/>
  <abstract value="false"/>
  <type value="QuestionnaireResponse"/>
  <baseDefinition value="https://demis.rki.de/fhir/StructureDefinition/DiseaseInformationNonNominal"/>
  <derivation value="constraint"/>
  <differential>
    <element id="QuestionnaireResponse.questionnaire">
      <path value="QuestionnaireResponse.questionnaire"/>
      <fixedCanonical value="https://demis.rki.de/fhir/Questionnaire/DiseaseQuestionsNEGD"/>
    </element>
  </differential>
</StructureDefinition>
