<?xml version="1.0" encoding="utf-8"?>
<CodeSystem xmlns="http://hl7.org/fhir">
  <id value="salutation" />
  <url value="https://demis.rki.de/fhir/CodeSystem/salutation" />
  <version value="1.3.1" />
  <name value="Salutation" />
  <title value="Anrede" />
  <status value="active" />
  <experimental value="false" />
  <date value="2025-03-28" />
  <publisher value="Robert Koch-Institut" />
  <contact>
    <telecom>
      <system value="email" />
      <value value="demis-support@rki.de" />
    </telecom>
  </contact>
  <description value="Das CodeSystem Salutation enthält die Codes der Anreden." />
  <jurisdiction>
    <coding>
      <system value="urn:iso:std:iso:3166" />
      <version value="ALPHA-2" />
      <code value="DE" />
    </coding>
  </jurisdiction>
  <copyright value="(C) 2021-2025 Robert Koch-Institut" />
  <caseSensitive value="false" />
  <valueSet value="https://demis.rki.de/fhir/ValueSet/salutation" />
  <content value="complete" />
  <count value="3" />
  <concept>
    <code value="mr" />
    <display value="Herr" />
  </concept>
  <concept>
    <code value="mrs" />
    <display value="Frau" />
  </concept>
  <concept>
    <code value="noSalutation" />
    <display value="Keine Anrede" />
  </concept>
</CodeSystem>