<?xml version="1.0" encoding="utf-8"?>
<StructureDefinition xmlns="http://hl7.org/fhir">
  <id value="ClusterID" />
  <url value="https://demis.rki.de/fhir/StructureDefinition/ClusterID" />
  <version value="1.0.0" />
  <name value="ClusterID" />
  <title value="ClusterID" />
  <status value="active" />
  <date value="2024-08-26" />
  <description value="Die ClusterID dient der Angabe der Referenz auf das bei der Analyse der Genomsequenzdaten erzeugte Cluser (Gruppe von ähnlichen Genomsequenzdaten)." />
  <fhirVersion value="4.0.1" />
  <kind value="complex-type" />
  <abstract value="false" />
  <context>
    <type value="element" />
    <expression value="Specimen.processing" />
  </context>
  <type value="Extension" />
  <baseDefinition value="http://hl7.org/fhir/StructureDefinition/Extension" />
  <derivation value="constraint" />
  <differential>
    <element id="Extension.url">
      <path value="Extension.url" />
      <fixedUri value="https://demis.rki.de/fhir/StructureDefinition/ClusterID" />
    </element>
    <element id="Extension.value[x]">
      <path value="Extension.value[x]" />
      <short value="ClusterID" />
      <definition value="ClusterID" />
      <min value="1" />
      <type>
        <code value="Identifier" />
        <profile value="https://demis.rki.de/fhir/StructureDefinition/ClusterIdIdentifier" />
      </type>
      <mustSupport value="true" />
    </element>
  </differential>
</StructureDefinition>