<?xml version="1.0" encoding="UTF-8"?>
<StructureDefinition xmlns="http://hl7.org/fhir">
  <id value="PathogenDetectionINVP"/>
  <url value="https://demis.rki.de/fhir/StructureDefinition/PathogenDetectionINVP"/>
  <version value="2.0.0"/>
  <name value="PathogenDetectionINVP"/>
  <title value="Erregernachweis für Influenzavirus; Meldepflicht nur für den direkten Nachweis"/>
  <status value="active"/>
  <date value="2024-07-11"/>
  <description value="Der Influenzavirus-Erregernachweis spezifiziert den Erregernachweis hinsichtlich des Labortestes, der Nachweismethode und der Probe für Influenzavirus (Meldepflicht nur für den direkten Nachweis)."/>
  <fhirVersion value="4.0.1"/>
  <kind value="resource"/>
  <abstract value="false"/>
  <type value="Observation"/>
  <baseDefinition value="https://demis.rki.de/fhir/StructureDefinition/PathogenDetection"/>
  <derivation value="constraint"/>
  <differential>
    <element id="Observation.meta">
      <path value="Observation.meta"/>
      <min value="1"/>
      <mustSupport value="true"/>
    </element>
    <element id="Observation.meta.profile">
      <path value="Observation.meta.profile"/>
      <min value="1"/>
      <max value="1"/>
      <fixedCanonical value="https://demis.rki.de/fhir/StructureDefinition/PathogenDetectionINVP"/>
      <mustSupport value="true"/>
    </element>
    <element id="Observation.code">
      <path value="Observation.code"/>
      <definition value="Typ des durchgeführten Labortests. Der Wert muss als LOINC-Code - entsprechend des vom RKI definierten und in regelmäßigen Abständen aktualisierten ValueSets (https://demis.rki.de/fhir/ValueSet/laboratoryTestINVP) – im coding Element dargestellt werden. Für eine begrenzte Übergangszeit ist die Verwendung des text Elementes in Ausnahmefällen zulässig. Folgende Ausbaustufen des Systems werden hier jedoch deutlich restriktiver sein, um einen automatisierte Weiterverarbeitung der Inhalte im Gesundheitsamt zu ermöglichen."/>
    </element>
    <element id="Observation.code.coding">
      <path value="Observation.code.coding"/>
      <binding>
        <strength value="required"/>
        <valueSet value="https://demis.rki.de/fhir/ValueSet/laboratoryTestINVP"/>
      </binding>
    </element>
    <element id="Observation.value[x]:valueCodeableConcept">
      <path value="Observation.value[x]"/>
      <sliceName value="valueCodeableConcept"/>
    </element>
    <element id="Observation.value[x]:valueCodeableConcept.coding:codeableConceptSNOMED">
      <path value="Observation.value[x].coding"/>
      <sliceName value="codeableConceptSNOMED"/>
      <binding>
        <strength value="required"/>
        <valueSet value="https://demis.rki.de/fhir/ValueSet/answerSetINVP"/>
      </binding>
    </element>
    <element id="Observation.value[x]:valueCodeableConcept.coding:codeableConceptSNOMED.system">
      <path value="Observation.value[x].coding.system"/>
      <patternUri value="http://snomed.info/sct"/>
    </element>
    <element id="Observation.value[x]:valueString">
      <path value="Observation.value[x]"/>
      <sliceName value="valueString"/>
      <max value="0"/>
    </element>
    <element id="Observation.specimen">
      <path value="Observation.specimen"/>
      <type>
        <code value="Reference"/>
        <targetProfile value="https://demis.rki.de/fhir/StructureDefinition/SpecimenINVP"/>
      </type>
    </element>
  </differential>
</StructureDefinition>
