<?xml version="1.0" encoding="UTF-8"?>
<StructureDefinition xmlns="http://hl7.org/fhir">
  <id value="PathogenDetectionCVDP"/>
  <url value="https://demis.rki.de/fhir/StructureDefinition/PathogenDetectionCVDP"/>
  <version value="2.0.0"/>
  <name value="PathogenDetectionCVDP"/>
  <title value="Erregernachweis für Severe-Acute-Respiratory-Syndrome-Coronavirus-2 (SARS-CoV-2)"/>
  <status value="active"/>
  <date value="2024-08-04"/>
  <description value="Der SARS-CoV-2-Erregernachweis spezifiziert den Erregernachweis hinsichtlich des Labortestes, der Nachweismethode und der Probe für SARS-CoV-2."/>
  <fhirVersion value="4.0.1"/>
  <mapping>
    <identity value="sct-concept"/>
    <uri value="http://snomed.info/conceptdomain"/>
    <name value="SNOMED CT Concept Domain Binding"/>
  </mapping>
  <mapping>
    <identity value="sct-attr"/>
    <uri value="http://snomed.org/attributebinding"/>
    <name value="SNOMED CT Attribute Binding"/>
  </mapping>
  <kind value="resource"/>
  <abstract value="false"/>
  <type value="Observation"/>
  <baseDefinition value="https://demis.rki.de/fhir/StructureDefinition/PathogenDetection"/>
  <derivation value="constraint"/>
  <differential>
    <element id="Observation.meta">
      <path value="Observation.meta"/>
      <min value="1"/>
      <mustSupport value="true"/>
    </element>
    <element id="Observation.meta.profile">
      <path value="Observation.meta.profile"/>
      <min value="1"/>
      <max value="1"/>
      <fixedCanonical value="https://demis.rki.de/fhir/StructureDefinition/PathogenDetectionCVDP"/>
      <mustSupport value="true"/>
    </element>
    <element id="Observation.code">
      <path value="Observation.code"/>
      <definition value="Typ des durchgeführten Labortests. Der Wert muss als LOINC-Code - entsprechend des vom RKI definierten und in regelmäßigen Abständen aktualisierten ValueSets (https://demis.rki.de/fhir/ValueSet/laboratoryTest) – im coding Element dargestellt werden. Für eine begrenzte Übergangszeit ist die Verwendung des text Elementes in Ausnahmefällen zulässig. Folgende Ausbaustufen des Systems werden hier jedoch deutlich restriktiver sein, um einen automatisierte Weiterverarbeitung der Inhalte im Gesundheitsamt zu ermöglichen. &#10; &#10;Um SARS-CoV-2-Mutationen und -Varianten zu melden sind folgende LOINC Codes zu verwenden: &#10;Für den Nachweis einer Variante mittels Sequenzierung ist der LOINC code 96741-4 (https://loinc.org/96741-4/) zu verwenden. Die Variante soll als valueString in der PANGOLIN Notation angegeben werden. &#10;Für den Nachweis einzelner Mutationen im Spike protein (S Gen) ist der LOINC-Code 96751-3 (https://loinc.org/96751-3/) zu verwenden. Mutationen sollen in der Notation entsprechend der Empfehlungen der Human Genome Variation Society (HGVS) als valueString angegeben werden."/>
    </element>
    <element id="Observation.code.coding">
      <path value="Observation.code.coding"/>
      <binding>
        <strength value="required"/>
        <valueSet value="https://demis.rki.de/fhir/ValueSet/laboratoryTestCVDP"/>
      </binding>
    </element>
    <element id="Observation.value[x]:valueCodeableConcept">
      <path value="Observation.value[x]"/>
      <sliceName value="valueCodeableConcept"/>
    </element>
    <element id="Observation.value[x]:valueCodeableConcept.coding:codeableConceptSNOMED">
      <path value="Observation.value[x].coding"/>
      <sliceName value="codeableConceptSNOMED"/>
      <binding>
        <strength value="required"/>
        <valueSet value="https://demis.rki.de/fhir/ValueSet/answerSetCVDP"/>
      </binding>
    </element>
    <element id="Observation.value[x]:valueCodeableConcept.coding:codeableConceptSNOMED.system">
      <path value="Observation.value[x].coding.system"/>
      <patternUri value="http://snomed.info/sct"/>
    </element>
    <element id="Observation.value[x]:valueString">
      <path value="Observation.value[x]"/>
      <sliceName value="valueString"/>
      <max value="0"/>
    </element>
    <element id="Observation.specimen">
      <path value="Observation.specimen"/>
      <type>
        <code value="Reference"/>
        <targetProfile value="https://demis.rki.de/fhir/StructureDefinition/SpecimenCVDP"/>
      </type>
    </element>
  </differential>
</StructureDefinition>
