<?xml version="1.0" encoding="UTF-8"?>
<StructureDefinition xmlns="http://hl7.org/fhir">
  <id value="PathogenDetectionHINP"/>
  <url value="https://demis.rki.de/fhir/StructureDefinition/PathogenDetectionHINP"/>
  <version value="2.0.0"/>
  <name value="PathogenDetectionHINP"/>
  <title value="Erregernachweis für Haemophilus influenzae; Meldepflicht nur für den direkten Nachweis aus Liquor oder Blut"/>
  <status value="active"/>
  <date value="2024-07-11"/>
  <description value="Der Haemophilus influenzae-Erregernachweis spezifiziert den Erregernachweis hinsichtlich des Labortestes, der Nachweismethode und der Probe für Haemophilus influenzae (Meldepflicht nur für den direkten Nachweis aus Liquor oder Blut)."/>
  <fhirVersion value="4.0.1"/>
  <mapping>
    <identity value="sct-concept"/>
    <uri value="http://snomed.info/conceptdomain"/>
    <name value="SNOMED CT Concept Domain Binding"/>
  </mapping>
  <mapping>
    <identity value="sct-attr"/>
    <uri value="http://snomed.org/attributebinding"/>
    <name value="SNOMED CT Attribute Binding"/>
  </mapping>
  <kind value="resource"/>
  <abstract value="false"/>
  <type value="Observation"/>
  <baseDefinition value="https://demis.rki.de/fhir/StructureDefinition/PathogenDetection"/>
  <derivation value="constraint"/>
  <differential>
    <element id="Observation.meta">
      <path value="Observation.meta"/>
      <min value="1"/>
      <mustSupport value="true"/>
    </element>
    <element id="Observation.meta.profile">
      <path value="Observation.meta.profile"/>
      <min value="1"/>
      <max value="1"/>
      <fixedCanonical value="https://demis.rki.de/fhir/StructureDefinition/PathogenDetectionHINP"/>
      <mustSupport value="true"/>
    </element>
    <element id="Observation.code">
      <path value="Observation.code"/>
      <definition value="Typ des durchgeführten Labortests. Der Wert muss als LOINC-Code - entsprechend des vom RKI definierten und in regelmäßigen Abständen aktualisierten ValueSets (https://demis.rki.de/fhir/ValueSet/laboratoryTestHINP) – im coding Element dargestellt werden. Für eine begrenzte Übergangszeit ist die Verwendung des text Elementes in Ausnahmefällen zulässig. Folgende Ausbaustufen des Systems werden hier jedoch deutlich restriktiver sein, um einen automatisierte Weiterverarbeitung der Inhalte im Gesundheitsamt zu ermöglichen."/>
    </element>
    <element id="Observation.code.coding">
      <path value="Observation.code.coding"/>
      <binding>
        <strength value="required"/>
        <valueSet value="https://demis.rki.de/fhir/ValueSet/laboratoryTestHINP"/>
      </binding>
    </element>
    <element id="Observation.value[x]:valueCodeableConcept">
      <path value="Observation.value[x]"/>
      <sliceName value="valueCodeableConcept"/>
    </element>
    <element id="Observation.value[x]:valueCodeableConcept.coding:codeableConceptSNOMED">
      <path value="Observation.value[x].coding"/>
      <sliceName value="codeableConceptSNOMED"/>
      <binding>
        <strength value="required"/>
        <valueSet value="https://demis.rki.de/fhir/ValueSet/answerSetHINP"/>
      </binding>
    </element>
    <element id="Observation.value[x]:valueCodeableConcept.coding:codeableConceptSNOMED.system">
      <path value="Observation.value[x].coding.system"/>
      <patternUri value="http://snomed.info/sct"/>
    </element>
    <element id="Observation.value[x]:valueString">
      <path value="Observation.value[x]"/>
      <sliceName value="valueString"/>
      <max value="0"/>
    </element>
    <element id="Observation.specimen">
      <path value="Observation.specimen"/>
      <type>
        <code value="Reference"/>
        <targetProfile value="https://demis.rki.de/fhir/StructureDefinition/SpecimenHINP"/>
      </type>
    </element>
  </differential>
</StructureDefinition>
