<?xml version="1.0" encoding="UTF-8"?>
<ValueSet xmlns="http://hl7.org/fhir">
  <id value="sequencingPlatform" />
  <url value="https://demis.rki.de/fhir/igs/ValueSet/sequencingPlatform" />
  <version value="2.0.0" />
  <name value="SequencingPlatform" />
  <title value="Sequenzierungsplattform" />
  <status value="active" />
  <experimental value="false" />
  <date value="2024-07-24" />
  <publisher value="Robert Koch-Institut" />
  <description value="Das ValueSet SequencingPlatform enthält die Codes der Sequenzierungsplattformen (angelehnt an ENA)." />
  <compose>
    <include>
      <system value="https://demis.rki.de/fhir/igs/CodeSystem/sequencingPlatform" />
      <version value="2.0.0" />
    </include>
  </compose>
</ValueSet>
