<QuestionnaireResponse xmlns="http://hl7.org/fhir">
   <id value="7f0e958d-b58c-30ce-b8da-ac3367b142f6"></id>
   <meta>
      <profile value="https://demis.rki.de/fhir/StructureDefinition/DiseaseInformationCDFD"></profile>
   </meta>
   <questionnaire value="https://demis.rki.de/fhir/Questionnaire/DiseaseQuestionsCDFD"></questionnaire>
   <status value="completed"></status>
   <subject>
      <reference value="Patient/4e3f1dd5-5267-35d7-b7de-263b49b764b0"></reference>
   </subject>
   <item>
      <linkId value="form"></linkId>
      <answer>
         <valueCoding>
            <system value="http://snomed.info/sct"></system>
            <code value="186431008:{288556008=305351004}"></code>
            <display value="Aufnahme oder Verlegung auf eine Intensivstation aufgrund einer C.-difficile-Infektion oder ihrer Komplikationen"></display>
         </valueCoding>
      </answer>
   </item>
   <item>
      <linkId value="immunization"></linkId>
      <answer>
         <valueCoding>
            <system value="https://demis.rki.de/fhir/CodeSystem/yesOrNoAnswer"></system>
            <code value="yes"></code>
            <display value="Ja"></display>
         </valueCoding>
         <item>
            <linkId value="immunizationRef"></linkId>
            <answer>
               <valueReference>
                  <reference value="Immunization/39fa5a01-0682-3cc8-b59d-80d715c5210a"></reference>
               </valueReference>
            </answer>
         </item>
      </answer>
   </item>
   <item>
      <linkId value="method"></linkId>
      <answer>
         <valueCoding>
            <system value="http://snomed.info/sct"></system>
            <code value="117963005:363701004=386126001"></code>
            <display value="Nachweis von C.-difficile-Toxin A und/oder B aus dem Isolat"></display>
         </valueCoding>
      </answer>
   </item>
   <item>
      <linkId value="outbreak"></linkId>
      <answer>
         <valueCoding>
            <system value="https://demis.rki.de/fhir/CodeSystem/yesOrNoAnswer"></system>
            <code value="no"></code>
            <display value="Nein"></display>
         </valueCoding>
      </answer>
   </item>
</QuestionnaireResponse>