<?xml version="1.0" encoding="UTF-8"?>
<StructureDefinition xmlns="http://hl7.org/fhir">
  <id value="NotificationSequence" />
  <url value="https://demis.rki.de/fhir/StructureDefinition/NotificationSequence" />
  <version value="1.0.0" />
  <name value="NotificationSequence" />
  <title value="Sequenzmeldung" />
  <status value="draft" />
  <date value="2023-07-02" />
  <description value="Die Sequenzmeldung definiert die Inhalte (Sequenzmetadaten, Einsenderinformationen, etc.), die von Laboren an das RKI übermittelt werden müssen. Erregerspezifische Befunddaten werden über Subprofile des Laborberichts-Profils (LaboratoryReportSequence) definiert. In der Sequenzmeldung muss ein spezifischer Laborbericht referenziert werden." />
  <fhirVersion value="4.0.1" />
  <kind value="resource" />
  <abstract value="false" />
  <type value="Composition" />
  <baseDefinition value="https://demis.rki.de/fhir/StructureDefinition/Notification" />
  <derivation value="constraint" />
  <differential>
    <element id="Composition.meta">
      <path value="Composition.meta" />
      <min value="1" />
    </element>
    <element id="Composition.meta.profile">
      <path value="Composition.meta.profile" />
      <min value="1" />
      <max value="1" />
      <fixedCanonical value="https://demis.rki.de/fhir/StructureDefinition/NotificationSequence" />
    </element>
    <element id="Composition.contained">
      <path value="Composition.contained" />
      <max value="0" />
    </element>
    <element id="Composition.category">
      <path value="Composition.category" />
      <short value="Art der Meldung" />
      <definition value="Art der Meldung. Für die IGS-Meldung ist category mit dem LOINC-Code &quot;Laboratory report&quot; im coding zu belegen." />
      <min value="1" />
      <max value="1" />
    </element>
    <element id="Composition.category.coding">
      <path value="Composition.category.coding" />
      <min value="1" />
      <max value="1" />
      <patternCoding>
        <system value="http://loinc.org" />
        <code value="11502-2" />
        <display value="Laboratory report" />
      </patternCoding>
    </element>
    <element id="Composition.subject">
      <path value="Composition.subject" />
      <short value="Verweis auf die betroffene Person (nichtnamentlich)." />
      <definition value="Verweis auf die betroffene Person (nichtnamentlich)." />
      <min value="1" />
      <type>
        <code value="Reference" />
        <targetProfile value="https://demis.rki.de/fhir/StructureDefinition/NotifiedPersonNotByName" />
        <aggregation value="bundled" />
      </type>
    </element>
    <element id="Composition.subject.reference">
      <path value="Composition.subject.reference" />
      <min value="1" />
    </element>
    <element id="Composition.relatesTo">
      <path value="Composition.relatesTo"/>
      <short value="Verweis auf die vorangegangene Meldung an das Gesundheitsamt"/>
      <definition value="Es muss die vorangegangene Meldung an das Gesundheitsamt referenziert werden. Dazu wird die vom einsendenden Labor generierete, eindeutige UUID, die im Meldevorgang 1 (erste Meldung an das Gesundheitsamt) als MeldungsID (NotificationID) verwendet wurde, im relatesTo-Identifier angegeben."/>
      <min value="1"/>
    </element>
    <element id="Composition.section">
      <path value="Composition.section" />
      <slicing>
        <discriminator>
          <type value="pattern" />
          <path value="code.coding" />
        </discriminator>
        <rules value="closed" />
      </slicing>
    </element>
    <element id="Composition.section:laboratoryReport">
      <path value="Composition.section" />
      <sliceName value="laboratoryReport" />
      <short value="Enthält einen Verweis auf einen erregerspezifischen Laborbericht" />
      <definition value="Entsprechend des Meldetatbestandes wird an dieser Stelle ein erregerspezifischer Laborbericht z.B. SARS-CoV-2-Laborbericht referenziert." />
      <min value="1" />
      <max value="1" />
      <mustSupport value="true" />
    </element>
    <element id="Composition.section:laboratoryReport.code">
      <path value="Composition.section.code" />
      <min value="1" />
    </element>
    <element id="Composition.section:laboratoryReport.code.coding">
      <path value="Composition.section.code.coding" />
      <min value="1" />
      <max value="1" />
      <patternCoding>
        <system value="http://loinc.org" />
        <code value="11502-2" />
        <display value="Laboratory report" />
      </patternCoding>
    </element>
    <element id="Composition.section:laboratoryReport.entry">
      <path value="Composition.section.entry" />
      <min value="1" />
      <max value="1" />
      <type>
        <code value="Reference" />
        <targetProfile value="https://demis.rki.de/fhir/StructureDefinition/LaboratoryReport" />
        <aggregation value="bundled" />
      </type>
    </element>
    <element id="Composition.section:laboratoryReport.entry.reference">
      <path value="Composition.section.entry.reference" />
      <min value="1" />
    </element>
    <element id="Composition.section:laboratoryReport.section">
      <path value="Composition.section.section" />
      <contentReference value="http://hl7.org/fhir/StructureDefinition/Composition#Composition.section" />
    </element>
  </differential>
</StructureDefinition>
