<?xml version="1.0" encoding="UTF-8"?>
<StructureDefinition xmlns="http://hl7.org/fhir">
  <id value="NotificationBundleLaboratoryNegative"/>
  <url value="https://demis.rki.de/fhir/StructureDefinition/NotificationBundleLaboratoryNegative"/>
  <version value="2.1.0"/>
  <name value="NotificationBundleLaboratoryNegative"/>
  <title value="Erregernachweismeldevorgang (negativ)"/>
  <status value="draft"/>
  <date value="2025-02-20"/>
  <publisher value="Robert Koch-Institut"/>
  <contact>
    <telecom>
      <system value="email"/>
      <value value="demis-support@rki.de"/>
    </telecom>
  </contact>
  <description value="Der Erregernachweismeldevorgang für negative Ergebnisse ist vom Meldevorgang abgeleitet und bildet den Container für eine Erregernachweismeldung (negativ) und die darin referenzierten Ressourcen."/>
  <jurisdiction>
    <coding>
      <system value="urn:iso:std:iso:3166"/>
      <version value="ALPHA-2"/>
      <code value="DE"/>
    </coding>
  </jurisdiction>
  <copyright value="Copyright (C) 2021-2025 Robert Koch-Institut"/>
  <fhirVersion value="4.0.1"/>
  <kind value="resource"/>
  <abstract value="false"/>
  <type value="Bundle"/>
  <baseDefinition value="https://demis.rki.de/fhir/StructureDefinition/NotificationBundle"/>
  <derivation value="constraint"/>
  <differential>
    <element id="Bundle">
      <path value="Bundle"/>
      <constraint>
        <key value="noNotifiedPersonByName"/>
        <severity value="error"/>
        <human value="Im NotificationBundle darf keine NAMENTLICHE betroffene Person enthalten sein."/>
        <expression value="entry.where(resource.meta.profile='https://demis.rki.de/fhir/StructureDefinition/NotifiedPerson').count()=0"/>
      </constraint>
      <constraint>
        <key value="exactlyOneNotifiedPersonAnonymous"/>
        <severity value="error"/>
        <human value="Im NotificationBundle muss genau eine anonyme betroffene Person enthalten sein."/>
        <expression value="entry.where(resource.meta.profile='https://demis.rki.de/fhir/StructureDefinition/NotifiedPersonAnonymous').count()=1"/>
      </constraint>
      <constraint>
        <key value="maxOneSubmittingRole"/>
        <severity value="error"/>
        <human value="Im NotificationBundle darf maximal eine Einsender-Rolle enthalten sein. In diesem Zusammenhang ist jedoch zu berücksichtigen, dass bestimmte Meldetatbestände die Angabe des Einsenders der Probe ausschließen."/>
        <expression value="entry.where(resource.meta.profile='https://demis.rki.de/fhir/StructureDefinition/SubmittingRole').count()&lt;=1"/>
      </constraint>
    </element>
    <element id="Bundle.meta">
      <path value="Bundle.meta"/>
      <min value="1"/>
      <mustSupport value="true"/>
    </element>
    <element id="Bundle.meta.profile">
      <path value="Bundle.meta.profile"/>
      <min value="1"/>
      <max value="1"/>
      <patternCanonical value="https://demis.rki.de/fhir/StructureDefinition/NotificationBundleLaboratoryNegative"/>
      <mustSupport value="true"/>
    </element>
    <element id="Bundle.identifier.system">
      <path value="Bundle.identifier.system"/>
      <fixedUri value="https://demis.rki.de/fhir/NamingSystem/NotificationBundleId"/>
    </element>
    <element id="Bundle.entry:notification">
      <path value="Bundle.entry"/>
      <sliceName value="notification"/>
      <definition value="Enthaltene Meldungen. In einem Erregernachweismeldevorgang (negativ) muss genau eine Erregernachweismeldung (negativ) enthalten sein."/>
      <max value="1"/>
    </element>
    <element id="Bundle.entry:notification.resource">
      <path value="Bundle.entry.resource"/>
      <min value="1"/>
      <type>
        <code value="Composition"/>
        <profile value="https://demis.rki.de/fhir/StructureDefinition/NotificationLaboratoryNegative"/>
      </type>
    </element>
  </differential>
</StructureDefinition>
