<?xml version="1.0" encoding="UTF-8"?>
<ValueSet xmlns="http://hl7.org/fhir">
  <id value="sequencingSubstances" />
  <url value="https://demis.rki.de/fhir/igs/ValueSet/sequencingSubstances" />
  <version value="2.0.0" />
  <name value="SequencingSubstances" />
  <title value="Sequenziermaterial" />
  <status value="active" />
  <experimental value="false" />
  <date value="2024-07-24" />
  <publisher value="Robert Koch-Institut" />
  <description value="Das ValueSet SequencingSubstances enthält die Codes der Sequenziermaterialien." />
  <compose>
    <include>
      <system value="https://demis.rki.de/fhir/igs/CodeSystem/sequencingSubstances" />
      <version value="2.0.0" />
    </include>
  </compose>
</ValueSet>
