<?xml version="1.0" encoding="UTF-8"?>
<ValueSet xmlns="http://hl7.org/fhir">
  <id value="sequencingReason" />
  <url value="https://demis.rki.de/fhir/igs/ValueSet/sequencingReason" />
  <version value="2.1.0" />
  <name value="SequencingReason" />
  <title value="Grund der Sequenzierung" />
  <status value="active" />
  <experimental value="false" />
  <date value="2025-07-30" />
  <publisher value="Robert Koch-Institut" />
  <description value="Das ValueSet SequencingReason enthält die Codes für den Grund der Sequenzierung der Probe." />
  <compose>
    <include>
      <system value="http://snomed.info/sct" />
      <version value="http://snomed.info/sct/11000274103/version/20241115" />
      <concept>
        <code value="255226008" />
        <display value="Random (qualifier value)" />
      </concept>
      <concept>
        <code value="385644000" />
        <display value="Requested (qualifier value)" />
      </concept>
	  <concept>
        <code value="58147004" />
        <display value="Clinical (qualifier value)" />
      </concept>
      <concept>
        <code value="74964007" />
        <display value="Other (qualifier value)" />
      </concept>
    </include>
  </compose>
</ValueSet>
