<?xml version="1.0" encoding="utf-8"?>
<ValueSet xmlns="http://hl7.org/fhir">
  <id value="method" />
  <url value="https://demis.rki.de/fhir/ValueSet/method" />
  <version value="1.13.0" />
  <name value="Method" />
  <title value="Nachweismethode" />
  <status value="active" />
  <experimental value="false" />
  <date value="2025-03-28" />
  <publisher value="Robert Koch-Institut" />
  <contact>
    <telecom>
      <system value="email" />
      <value value="demis-support@rki.de" />
    </telecom>
  </contact>
  <description value="Das ValueSet Method enthält die Codes der Nachweismethoden." />
  <jurisdiction>
    <coding>
      <system value="urn:iso:std:iso:3166" />
      <version value="ALPHA-2" />
      <code value="DE" />
    </coding>
  </jurisdiction>
  <copyright value="This material includes SNOMED Clinical Terms® (SNOMED CT®) which is used by permission of the International Health Terminology Standards Development Organisation (IHTSDO). All rights reserved. SNOMED CT®, was originally created by The College of American Pathologists. “SNOMED” and “SNOMED CT” are registered trademarks of the IHTSDO.&#xD;&#xA;&#xD;&#xA;Dieses Material enthält SNOMED Clinical Terms® (SNOMED CT®), die mit Genehmigung der International Health Terminology Standards Development Organisation (IHTSDO) verwendet werden. Alle Rechte vorbehalten. SNOMED CT® wurde ursprünglich vom College of American Pathologists entwickelt. &quot;SNOMED&quot; und &quot;SNOMED CT&quot; sind eingetragene Warenzeichen der IHTSDO.&#xD;&#xA;&#xD;&#xA;Downloadbedingungen für SNOMED-CT&#xD;&#xA;&#xD;&#xA;Enthält durch SNOMED International urheberrechtlich geschützte Information. Jede Verwendung von SNOMED CT in Deutschland erfordert eine vollgültige Affiliate Lizenz oder eine Sublizenz. Die entsprechende Lizenz ist kostenlos, vorausgesetzt die Verwendung findet nur in Deutschland statt und erfüllt die Bedingungen des Affiliate License Agreements. Affiliate Lizenzen können über das Mitglieder-Lizenzierungs- und Distributions-Service (MLDS) direkt beim jeweiligen NRC beantragt werden. https://mlds.ihtsdotools.org/#/landing/DE?lang=de&#xD;&#xA;&#xD;&#xA;Contains information protected by copyright of SNOMED International. Any use of SNOMED CT in Austria requires a valid affiliate license or sublicense. The corresponding license is free of charge, provided that the use only takes place in Austria and fulfills the conditions of the Affiliate License Agreement. Affiliate licenses can be requested directly from the respective NRC via the Member Licensing and Distribution Service (MLDS). ttps://mlds.ihtsdotools.org/#/landing/DE?lang=de" />
  <compose>
    <include>
      <system value="http://snomed.info/sct" />
      <version value="http://snomed.info/sct/11000274103/version/20241115" />
      <concept>
        <extension url="http://hl7.org/fhir/StructureDefinition/valueset-conceptOrder">
          <valueInteger value="0" />
        </extension>
        <code value="104157003" />
        <display value="Light microscopy (procedure)" />
        <designation>
          <language value="de-DE" />
          <value value="Lichtmikroskopie" />
        </designation>
      </concept>
      <concept>
        <extension url="http://hl7.org/fhir/StructureDefinition/valueset-conceptOrder">
          <valueInteger value="0" />
        </extension>
        <code value="104172004" />
        <display value="Organism specific culture (procedure)" />
        <designation>
          <language value="de-DE" />
          <value value="Mikroorganismusspezifische Kultur" />
        </designation>
      </concept>
      <concept>
        <extension url="http://hl7.org/fhir/StructureDefinition/valueset-conceptOrder">
          <valueInteger value="0" />
        </extension>
        <code value="104178000" />
        <display value="Bacterial culture (procedure)" />
        <designation>
          <language value="de-DE" />
          <value value="Bakterielle Kultur" />
        </designation>
      </concept>
      <concept>
        <extension url="http://hl7.org/fhir/StructureDefinition/valueset-conceptOrder">
          <valueInteger value="0" />
        </extension>
        <code value="104191004" />
        <display value="Stool culture for bacteria (procedure)" />
        <designation>
          <language value="de-DE" />
          <value value="Stuhlkultur" />
        </designation>
      </concept>
      <concept>
        <extension url="http://hl7.org/fhir/StructureDefinition/valueset-conceptOrder">
          <valueInteger value="0" />
        </extension>
        <code value="104208006" />
        <display value="Giemsa stain method (procedure)" />
        <designation>
          <language value="de-DE" />
          <value value="Giemsa-Färbung" />
        </designation>
      </concept>
      <concept>
        <extension url="http://hl7.org/fhir/StructureDefinition/valueset-conceptOrder">
          <valueInteger value="0" />
        </extension>
        <code value="104232004" />
        <display value="Antibiotic sensitivity, agar diffusion method (procedure)" />
        <designation>
          <language value="de-DE" />
          <value value="Antimikrobielle Empfindlichkeitsprüfung, Agardiffusionstest" />
        </designation>
      </concept>
      <concept>
        <extension url="http://hl7.org/fhir/StructureDefinition/valueset-conceptOrder">
          <valueInteger value="0" />
        </extension>
        <code value="104233009" />
        <display value="Antiviral susceptibility test (procedure)" />
        <designation>
          <language value="de-DE" />
          <value value="Empfindlichkeitstestung von Viren" />
        </designation>
      </concept>
      <concept>
        <extension url="http://hl7.org/fhir/StructureDefinition/valueset-conceptOrder">
          <valueInteger value="0" />
        </extension>
        <code value="104234003" />
        <display value="Gradient strip susceptibility test (procedure)" />
        <designation>
          <language value="de-DE" />
          <value value="Bestimmung der Antibiotikaempfindlichkeit via Gradienten-Diffusionstest" />
        </designation>
      </concept>
      <concept>
        <extension url="http://hl7.org/fhir/StructureDefinition/valueset-conceptOrder">
          <valueInteger value="0" />
        </extension>
        <code value="104257009" />
        <display value="Microbial antigen assay by enzyme immunoassay method (procedure)" />
        <designation>
          <language value="de-DE" />
          <value value="Antigenassay mittels ELISA" />
        </designation>
      </concept>
      <concept>
        <extension url="http://hl7.org/fhir/StructureDefinition/valueset-conceptOrder">
          <valueInteger value="0" />
        </extension>
        <code value="104336004" />
        <display value="Complement component, antigen measurement (procedure)" />
        <designation>
          <language value="de-DE" />
          <value value="Bestimmung von Komplementfaktoren" />
        </designation>
      </concept>
      <concept>
        <extension url="http://hl7.org/fhir/StructureDefinition/valueset-conceptOrder">
          <valueInteger value="0" />
        </extension>
        <code value="115418004" />
        <display value="Viral Sequencing (procedure)" />
        <designation>
          <language value="de-DE" />
          <value value="Virusgenom-Sequenzierung" />
        </designation>
      </concept>
      <concept>
        <extension url="http://hl7.org/fhir/StructureDefinition/valueset-conceptOrder">
          <valueInteger value="0" />
        </extension>
        <code value="116148004" />
        <display value="Molecular genetics procedure (procedure)" />
        <designation>
          <language value="de-DE" />
          <value value="Molekulargenetischer Nachweis" />
        </designation>
      </concept>
      <concept>
        <extension url="http://hl7.org/fhir/StructureDefinition/valueset-conceptOrder">
          <valueInteger value="0" />
        </extension>
        <code value="117033003" />
        <display value="Aerobic microbial culture (procedure)" />
        <designation>
          <language value="de-DE" />
          <value value="Aerobe Kultur" />
        </designation>
      </concept>
      <concept>
        <extension url="http://hl7.org/fhir/StructureDefinition/valueset-conceptOrder">
          <valueInteger value="0" />
        </extension>
        <code value="117034009" />
        <display value="Anaerobic microbial culture (procedure)" />
        <designation>
          <language value="de-DE" />
          <value value="Anaerobe Kultur" />
        </designation>
      </concept>
      <concept>
        <extension url="http://hl7.org/fhir/StructureDefinition/valueset-conceptOrder">
          <valueInteger value="0" />
        </extension>
        <code value="117040002" />
        <display value="Nucleic acid sequencing (procedure)" />
        <designation>
          <language value="de-DE" />
          <value value="Nukleinsäuresequenzierung" />
        </designation>
      </concept>
      <concept>
        <extension url="http://hl7.org/fhir/StructureDefinition/valueset-conceptOrder">
          <valueInteger value="0" />
        </extension>
        <code value="117245002" />
        <display value="Nucleic acid probe method with target amplification (procedure)" />
        <designation>
          <language value="de-DE" />
          <value value="Nukleinsäuresondentest mit Zielsequenz-Amplifikation" />
        </designation>
      </concept>
      <concept>
        <extension url="http://hl7.org/fhir/StructureDefinition/valueset-conceptOrder">
          <valueInteger value="0" />
        </extension>
        <code value="117259009" />
        <display value="Microscopy (procedure)" />
        <designation>
          <language value="de-DE" />
          <value value="Mikroskopie" />
        </designation>
      </concept>
      <concept>
        <extension url="http://hl7.org/fhir/StructureDefinition/valueset-conceptOrder">
          <valueInteger value="0" />
        </extension>
        <code value="117321004" />
        <display value="Orcein stain method (procedure)" />
        <designation>
          <language value="de-DE" />
          <value value="Orcein-Färbung" />
        </designation>
      </concept>
      <concept>
        <extension url="http://hl7.org/fhir/StructureDefinition/valueset-conceptOrder">
          <valueInteger value="0" />
        </extension>
        <code value="117617002" />
        <display value="Immunohistochemistry procedure (procedure)" />
        <designation>
          <language value="de-DE" />
          <value value="Immunhistochemie" />
        </designation>
      </concept>
      <concept>
        <extension url="http://hl7.org/fhir/StructureDefinition/valueset-conceptOrder">
          <valueInteger value="0" />
        </extension>
        <code value="118119003" />
        <display value="Measurement of microbial antibody (procedure)" />
        <designation>
          <language value="de-DE" />
          <value value="Antikörpernachweis" />
        </designation>
      </concept>
      <concept>
        <extension url="http://hl7.org/fhir/StructureDefinition/valueset-conceptOrder">
          <valueInteger value="0" />
        </extension>
        <code value="121240000" />
        <display value="Malaria thick smear (procedure)" />
        <designation>
          <language value="de-DE" />
          <value value="Dicker Tropfen" />
        </designation>
      </concept>
      <concept>
        <extension url="http://hl7.org/fhir/StructureDefinition/valueset-conceptOrder">
          <valueInteger value="0" />
        </extension>
        <code value="121276004" />
        <display value="Antigen assay (procedure)" />
        <designation>
          <language value="de-DE" />
          <value value="Antigennachweis" />
        </designation>
      </concept>
      <concept>
        <extension url="http://hl7.org/fhir/StructureDefinition/valueset-conceptOrder">
          <valueInteger value="0" />
        </extension>
        <code value="121898003" />
        <display value="Coliform bacteria viability count (procedure)" />
        <designation>
          <language value="de-DE" />
          <value value="Quantifizierung coliformer Bakterien" />
        </designation>
      </concept>
      <concept>
        <extension url="http://hl7.org/fhir/StructureDefinition/valueset-conceptOrder">
          <valueInteger value="0" />
        </extension>
        <code value="122443003" />
        <display value="Toxin assay (procedure)" />
        <designation>
          <language value="de-DE" />
          <value value="Toxinnachweis" />
        </designation>
      </concept>
      <concept>
        <extension url="http://hl7.org/fhir/StructureDefinition/valueset-conceptOrder">
          <valueInteger value="0" />
        </extension>
        <code value="1259932009" />
        <display value="Loop-mediated isothermal amplification technique (qualifier value)" />
        <designation>
          <language value="de-DE" />
          <value value="PCR-Schnelltest" />
        </designation>
      </concept>
      <concept>
        <extension url="http://hl7.org/fhir/StructureDefinition/valueset-conceptOrder">
          <valueInteger value="0" />
        </extension>
        <code value="12717000" />
        <display value="Viral culture (procedure)" />
        <designation>
          <language value="de-DE" />
          <value value="Viruskultur" />
        </designation>
      </concept>
      <concept>
        <extension url="http://hl7.org/fhir/StructureDefinition/valueset-conceptOrder">
          <valueInteger value="0" />
        </extension>
        <code value="127785005" />
        <display value="Administration to produce immunity, either active or passive (procedure)" />
        <designation>
          <language value="de-DE" />
          <value value="Aktive oder passive Immunisierung" />
        </designation>
      </concept>
      <concept>
        <extension url="http://hl7.org/fhir/StructureDefinition/valueset-conceptOrder">
          <valueInteger value="0" />
        </extension>
        <code value="127790008" />
        <display value="Staining method (procedure)" />
        <designation>
          <language value="de-DE" />
          <value value="Färbemethode" />
        </designation>
      </concept>
      <concept>
        <extension url="http://hl7.org/fhir/StructureDefinition/valueset-conceptOrder">
          <valueInteger value="0" />
        </extension>
        <code value="13269000" />
        <display value="Immunocytochemical stain (procedure)" />
        <designation>
          <language value="de-DE" />
          <value value="Immunhistologische Färbung" />
        </designation>
      </concept>
      <concept>
        <extension url="http://hl7.org/fhir/StructureDefinition/valueset-conceptOrder">
          <valueInteger value="0" />
        </extension>
        <code value="14788002" />
        <display value="Antimicrobial susceptibility test (procedure)" />
        <designation>
          <language value="de-DE" />
          <value value="Antimikrobielle Empfindlichkeitsprüfung" />
        </designation>
      </concept>
      <concept>
        <extension url="http://hl7.org/fhir/StructureDefinition/valueset-conceptOrder">
          <valueInteger value="0" />
        </extension>
        <code value="165771000" />
        <display value="Coombs test - anti-human globulin (procedure)" />
        <designation>
          <language value="de-DE" />
          <value value="Coombs-Test" />
        </designation>
      </concept>
      <concept>
        <extension url="http://hl7.org/fhir/StructureDefinition/valueset-conceptOrder">
          <valueInteger value="0" />
        </extension>
        <code value="19869000" />
        <display value="Rapid plasma reagin test (procedure)" />
        <designation>
          <language value="de-DE" />
          <value value="RPR-Test" />
        </designation>
      </concept>
      <concept>
        <extension url="http://hl7.org/fhir/StructureDefinition/valueset-conceptOrder">
          <valueInteger value="0" />
        </extension>
        <code value="22642004" />
        <display value="Bacterial bacteriophage typing (procedure)" />
        <designation>
          <language value="de-DE" />
          <value value="Phagentypisierung" />
        </designation>
      </concept>
      <concept>
        <extension url="http://hl7.org/fhir/StructureDefinition/valueset-conceptOrder">
          <valueInteger value="0" />
        </extension>
        <code value="250507002" />
        <display value="Antibody titer measurement (procedure)" />
        <designation>
          <language value="de-DE" />
          <value value="Antikörper-Titer-Bestimmung" />
        </designation>
      </concept>
      <concept>
        <extension url="http://hl7.org/fhir/StructureDefinition/valueset-conceptOrder">
          <valueInteger value="0" />
        </extension>
        <code value="250758002" />
        <display value="Immunoglobulin G index measurement (procedure)" />
        <designation>
          <language value="de-DE" />
          <value value="Liquor/Serum-Antikörperindex" />
        </designation>
      </concept>
      <concept>
        <extension url="http://hl7.org/fhir/StructureDefinition/valueset-conceptOrder">
          <valueInteger value="0" />
        </extension>
        <code value="252326002" />
        <display value="Polyacrylamide gel electrophoresis (procedure)" />
        <designation>
          <language value="de-DE" />
          <value value="Polyacrylamid-Gelelektrophorese" />
        </designation>
      </concept>
      <concept>
        <extension url="http://hl7.org/fhir/StructureDefinition/valueset-conceptOrder">
          <valueInteger value="0" />
        </extension>
        <code value="252395007" />
        <display value="Electron microscopy of feces (procedure)" />
        <designation>
          <language value="de-DE" />
          <value value="Elektronenmikroskopie von Stuhl" />
        </designation>
      </concept>
      <concept>
        <extension url="http://hl7.org/fhir/StructureDefinition/valueset-conceptOrder">
          <valueInteger value="0" />
        </extension>
        <code value="252403005" />
        <display value="Toxin detection (procedure)" />
        <designation>
          <language value="de-DE" />
          <value value="Toxinnachweis" />
        </designation>
      </concept>
      <concept>
        <extension url="http://hl7.org/fhir/StructureDefinition/valueset-conceptOrder">
          <valueInteger value="0" />
        </extension>
        <code value="258099003" />
        <display value="Fluorescence microscopy technique (qualifier value)" />
        <designation>
          <language value="de-DE" />
          <value value="Fluoreszenzmikroskopie" />
        </designation>
      </concept>
      <concept>
        <extension url="http://hl7.org/fhir/StructureDefinition/valueset-conceptOrder">
          <valueInteger value="0" />
        </extension>
        <code value="29703006" />
        <display value="Complement assay (procedure)" />
        <designation>
          <language value="de-DE" />
          <value value="Komplement-Assay" />
        </designation>
      </concept>
      <concept>
        <extension url="http://hl7.org/fhir/StructureDefinition/valueset-conceptOrder">
          <valueInteger value="0" />
        </extension>
        <code value="30662005" />
        <display value="Fluorescent immunoassay (procedure)" />
        <designation>
          <language value="de-DE" />
          <value value="Fluoreszenz-Immunoassay" />
        </designation>
      </concept>
      <concept>
        <extension url="http://hl7.org/fhir/StructureDefinition/valueset-conceptOrder">
          <valueInteger value="0" />
        </extension>
        <code value="313406008" />
        <display value="Fatty acid measurement (procedure)" />
        <designation>
          <language value="de-DE" />
          <value value="Fettsäurebestimmung" />
        </designation>
      </concept>
      <concept>
        <extension url="http://hl7.org/fhir/StructureDefinition/valueset-conceptOrder">
          <valueInteger value="0" />
        </extension>
        <code value="315204007" />
        <display value="Venereal Disease Research Laboratory titer (procedure)" />
        <designation>
          <language value="de-DE" />
          <value value="VDRL-Test" />
        </designation>
      </concept>
      <concept>
        <extension url="http://hl7.org/fhir/StructureDefinition/valueset-conceptOrder">
          <valueInteger value="0" />
        </extension>
        <code value="31651002" />
        <display value="Immunoglobulin A measurement (procedure)" />
        <designation>
          <language value="de-DE" />
          <value value="Immunglobulin-A (IgA)-Bestimmung" />
        </designation>
      </concept>
      <concept>
        <extension url="http://hl7.org/fhir/StructureDefinition/valueset-conceptOrder">
          <valueInteger value="0" />
        </extension>
        <code value="32623009" />
        <display value="Immunodiffusion measurement (procedure)" />
        <designation>
          <language value="de-DE" />
          <value value="Immundiffusion" />
        </designation>
      </concept>
      <concept>
        <extension url="http://hl7.org/fhir/StructureDefinition/valueset-conceptOrder">
          <valueInteger value="0" />
        </extension>
        <code value="34146008" />
        <display value="Mouse toxin neutralization test (procedure)" />
        <designation>
          <language value="de-DE" />
          <value value="Toxin-Neutralisationstest in der Maus" />
        </designation>
      </concept>
      <concept>
        <extension url="http://hl7.org/fhir/StructureDefinition/valueset-conceptOrder">
          <valueInteger value="0" />
        </extension>
        <code value="34733005" />
        <display value="Hemagglutination inhibition assay (procedure)" />
        <designation>
          <language value="de-DE" />
          <value value="Hämagglutinations-Hemm-Test" />
        </designation>
      </concept>
      <concept>
        <extension url="http://hl7.org/fhir/StructureDefinition/valueset-conceptOrder">
          <valueInteger value="0" />
        </extension>
        <code value="359788000" />
        <display value="Antinuclear antibody measurement (procedure)" />
        <designation>
          <language value="de-DE" />
          <value value="Bestimmung der antinukleaären Antikörper" />
        </designation>
      </concept>
      <concept>
        <extension url="http://hl7.org/fhir/StructureDefinition/valueset-conceptOrder">
          <valueInteger value="0" />
        </extension>
        <code value="359821004" />
        <display value="Agglutination assay (procedure)" />
        <designation>
          <language value="de-DE" />
          <value value="Agglutinationsassay" />
        </designation>
      </concept>
      <concept>
        <extension url="http://hl7.org/fhir/StructureDefinition/valueset-conceptOrder">
          <valueInteger value="0" />
        </extension>
        <code value="359867004" />
        <display value="Antibiotic sensitivity, disk method (procedure)" />
        <designation>
          <language value="de-DE" />
          <value value="Antimikrobielle Empfindlichkeitsprüfung, Plattendiffusionstest" />
        </designation>
      </concept>
      <concept>
        <extension url="http://hl7.org/fhir/StructureDefinition/valueset-conceptOrder">
          <valueInteger value="0" />
        </extension>
        <code value="359872008" />
        <display value="Disk diffusion susceptibility test (procedure)" />
        <designation>
          <language value="de-DE" />
          <value value="Agar-Diffusionstest" />
        </designation>
      </concept>
      <concept>
        <extension url="http://hl7.org/fhir/StructureDefinition/valueset-conceptOrder">
          <valueInteger value="0" />
        </extension>
        <code value="363778006" />
        <display value="Phenotype determination (procedure)" />
        <designation>
          <language value="de-DE" />
          <value value="Phänotypbestimmung" />
        </designation>
      </concept>
      <concept>
        <extension url="http://hl7.org/fhir/StructureDefinition/valueset-conceptOrder">
          <valueInteger value="0" />
        </extension>
        <code value="363779003" />
        <display value="Genotype determination (procedure)" />
        <designation>
          <language value="de-DE" />
          <value value="Genotypbestimmung" />
        </designation>
      </concept>
      <concept>
        <extension url="http://hl7.org/fhir/StructureDefinition/valueset-conceptOrder">
          <valueInteger value="0" />
        </extension>
        <code value="37310002" />
        <display value="Immunoblot assay (procedure)" />
        <designation>
          <language value="de-DE" />
          <value value="Immunoblot" />
        </designation>
      </concept>
      <concept>
        <extension url="http://hl7.org/fhir/StructureDefinition/valueset-conceptOrder">
          <valueInteger value="0" />
        </extension>
        <code value="37586002" />
        <display value="Counterimmunoelectrophoresis measurement (procedure)" />
        <designation>
          <language value="de-DE" />
          <value value="Counter-Immunelektrophorese" />
        </designation>
      </concept>
      <concept>
        <extension url="http://hl7.org/fhir/StructureDefinition/valueset-conceptOrder">
          <valueInteger value="0" />
        </extension>
        <code value="384715000" />
        <display value="Nucleic acid hybridization procedure (procedure)" />
        <designation>
          <language value="de-DE" />
          <value value="Nukleinsäure-Hybridisierungsverfahren" />
        </designation>
      </concept>
      <concept>
        <extension url="http://hl7.org/fhir/StructureDefinition/valueset-conceptOrder">
          <valueInteger value="0" />
        </extension>
        <code value="39334004" />
        <display value="Broth microdilution susceptibility test (procedure)" />
        <designation>
          <language value="de-DE" />
          <value value="Bouillon-Mikrodilutionstests" />
        </designation>
      </concept>
      <concept>
        <extension url="http://hl7.org/fhir/StructureDefinition/valueset-conceptOrder">
          <valueInteger value="0" />
        </extension>
        <code value="39624002" />
        <display value="Viral neutralization test (procedure)" />
        <designation>
          <language value="de-DE" />
          <value value="Virusneutralisationstest" />
        </designation>
      </concept>
      <concept>
        <extension url="http://hl7.org/fhir/StructureDefinition/valueset-conceptOrder">
          <valueInteger value="0" />
        </extension>
        <code value="3967008" />
        <display value="Fluorescence polarization immunoassay (procedure)" />
        <designation>
          <language value="de-DE" />
          <value value="Fluoreszenzpolarisations-Immunoassay" />
        </designation>
      </concept>
      <concept>
        <extension url="http://hl7.org/fhir/StructureDefinition/valueset-conceptOrder">
          <valueInteger value="0" />
        </extension>
        <code value="398545005" />
        <display value="Nukleinsäure-Assay" />
      </concept>
      <concept>
        <extension url="http://hl7.org/fhir/StructureDefinition/valueset-conceptOrder">
          <valueInteger value="0" />
        </extension>
        <code value="405262001" />
        <display value="Patientennahe Sofortdiagnostik" />
        <designation>
          <language value="de-DE" />
          <use>
            <system value="http://snomed.info/sct" />
            <code value="900000000000013009" />
          </use>
          <value value="POCT - Point-of-Care-Testing" />
        </designation>
      </concept>
      <concept>
        <extension url="http://hl7.org/fhir/StructureDefinition/valueset-conceptOrder">
          <valueInteger value="0" />
        </extension>
        <code value="406867009" />
        <display value="Immunofluorescent stain method (procedure)" />
        <designation>
          <language value="de-DE" />
          <value value="Immunfluoreszenz" />
        </designation>
      </concept>
      <concept>
        <extension url="http://hl7.org/fhir/StructureDefinition/valueset-conceptOrder">
          <valueInteger value="0" />
        </extension>
        <code value="409611004" />
        <display value="Aerobic blood culture (procedure)" />
        <designation>
          <language value="de-DE" />
          <value value="Aerobe Blutkultur" />
        </designation>
      </concept>
      <concept>
        <extension url="http://hl7.org/fhir/StructureDefinition/valueset-conceptOrder">
          <valueInteger value="0" />
        </extension>
        <code value="409612006" />
        <display value="Anaerobic blood culture (procedure)" />
        <designation>
          <language value="de-DE" />
          <value value="Anaerobe Blutkultur" />
        </designation>
      </concept>
      <concept>
        <extension url="http://hl7.org/fhir/StructureDefinition/valueset-conceptOrder">
          <valueInteger value="0" />
        </extension>
        <code value="414111007" />
        <display value="Enzyme immunoassay method (procedure)" />
        <designation>
          <language value="de-DE" />
          <value value="Enzymimmunoassay" />
        </designation>
      </concept>
      <concept>
        <extension url="http://hl7.org/fhir/StructureDefinition/valueset-conceptOrder">
          <valueInteger value="0" />
        </extension>
        <code value="414464004" />
        <display value="Immunoassay method (procedure)" />
        <designation>
          <language value="de-DE" />
          <value value="Immunoassay" />
        </designation>
      </concept>
      <concept>
        <extension url="http://hl7.org/fhir/StructureDefinition/valueset-conceptOrder">
          <valueInteger value="0" />
        </extension>
        <code value="420848008" />
        <display value="Verabreichung von Malariaprophylaxe" />
      </concept>
      <concept>
        <extension url="http://hl7.org/fhir/StructureDefinition/valueset-conceptOrder">
          <valueInteger value="0" />
        </extension>
        <code value="426053009" />
        <display value="Elek test (procedure)" />
        <designation>
          <language value="de-DE" />
          <value value="Elek-Test" />
        </designation>
      </concept>
      <concept>
        <extension url="http://hl7.org/fhir/StructureDefinition/valueset-conceptOrder">
          <valueInteger value="0" />
        </extension>
        <code value="426329006" />
        <display value="Fluorescence in situ hybridization (procedure)" />
        <designation>
          <language value="de-DE" />
          <value value="Fluoreszenz-in- situ-Hybridisierung" />
        </designation>
      </concept>
      <concept>
        <extension url="http://hl7.org/fhir/StructureDefinition/valueset-conceptOrder">
          <valueInteger value="0" />
        </extension>
        <code value="43657008" />
        <display value="Latex agglutination test (procedure)" />
        <designation>
          <language value="de-DE" />
          <value value="Latexagglutination" />
        </designation>
      </concept>
      <concept>
        <extension url="http://hl7.org/fhir/StructureDefinition/valueset-conceptOrder">
          <valueInteger value="0" />
        </extension>
        <code value="444091001" />
        <display value="Analysis using multiplex polymerase chain reaction technique (procedure)" />
        <designation>
          <language value="de-DE" />
          <value value="Multiplex/Panel-PCR" />
        </designation>
      </concept>
      <concept>
        <extension url="http://hl7.org/fhir/StructureDefinition/valueset-conceptOrder">
          <valueInteger value="0" />
        </extension>
        <code value="45293001" />
        <display value="Immunoglobulin G measurement (procedure)" />
        <designation>
          <language value="de-DE" />
          <value value="Immunglobulin-G (IgG)-Bestimmung" />
        </designation>
      </concept>
      <concept>
        <extension url="http://hl7.org/fhir/StructureDefinition/valueset-conceptOrder">
          <valueInteger value="0" />
        </extension>
        <code value="45764000" />
        <display value="Immunoglobulin M measurement (procedure)" />
        <designation>
          <language value="de-DE" />
          <value value="Immunglobulin-M (IgM)-Bestimmung" />
        </designation>
      </concept>
      <concept>
        <extension url="http://hl7.org/fhir/StructureDefinition/valueset-conceptOrder">
          <valueInteger value="0" />
        </extension>
        <code value="4613005" />
        <display value="Radioimmunoassay (procedure)" />
        <designation>
          <language value="de-DE" />
          <value value="Radioimmunoassay" />
        </designation>
      </concept>
      <concept>
        <extension url="http://hl7.org/fhir/StructureDefinition/valueset-conceptOrder">
          <valueInteger value="0" />
        </extension>
        <code value="54964008" />
        <display value="Chemiluminescence assay (procedure)" />
        <designation>
          <language value="de-DE" />
          <value value="Chemiluminescence-Assay" />
        </designation>
      </concept>
      <concept>
        <extension url="http://hl7.org/fhir/StructureDefinition/valueset-conceptOrder">
          <valueInteger value="0" />
        </extension>
        <code value="56857008" />
        <display value="Serum neutralization test (procedure)" />
        <designation>
          <language value="de-DE" />
          <value value="Serumneutralisationstest" />
        </designation>
      </concept>
      <concept>
        <extension url="http://hl7.org/fhir/StructureDefinition/valueset-conceptOrder">
          <valueInteger value="0" />
        </extension>
        <code value="58779000" />
        <display value="Bioassay (procedure)" />
        <designation>
          <language value="de-DE" />
          <value value="Bioassay" />
        </designation>
      </concept>
      <concept>
        <extension url="http://hl7.org/fhir/StructureDefinition/valueset-conceptOrder">
          <valueInteger value="0" />
        </extension>
        <code value="61594008" />
        <display value="Microbial culture (procedure)" />
        <designation>
          <language value="de-DE" />
          <value value="Mikrobielle Kultur" />
        </designation>
      </concept>
      <concept>
        <extension url="http://hl7.org/fhir/StructureDefinition/valueset-conceptOrder">
          <valueInteger value="0" />
        </extension>
        <code value="64444005" />
        <display value="Flow cytometry (procedure)" />
        <designation>
          <language value="de-DE" />
          <value value="Durchflusszytometrie" />
        </designation>
      </concept>
      <concept>
        <extension url="http://hl7.org/fhir/StructureDefinition/valueset-conceptOrder">
          <valueInteger value="0" />
        </extension>
        <code value="67122001" />
        <display value="Acid fast stain method (procedure)" />
        <designation>
          <language value="de-DE" />
          <value value="Nachweis säurefester Stäbchen" />
        </designation>
      </concept>
      <concept>
        <extension url="http://hl7.org/fhir/StructureDefinition/valueset-conceptOrder">
          <valueInteger value="0" />
        </extension>
        <code value="69207009" />
        <display value="Complement fixation test (procedure)" />
        <designation>
          <language value="de-DE" />
          <value value="Komplementfixation" />
        </designation>
      </concept>
      <concept>
        <extension url="http://hl7.org/fhir/StructureDefinition/valueset-conceptOrder">
          <valueInteger value="0" />
        </extension>
        <code value="69363007" />
        <display value="Nucleic acid amplification (procedure)" />
        <designation>
          <language value="de-DE" />
          <value value="Nukleinsäure-Amplifikations-Technologie" />
        </designation>
      </concept>
      <concept>
        <extension url="http://hl7.org/fhir/StructureDefinition/valueset-conceptOrder">
          <valueInteger value="0" />
        </extension>
        <code value="703690001" />
        <display value="Confirmatory technique (qualifier value)" />
        <designation>
          <language value="de-DE" />
          <value value="Bestätigungstest" />
        </designation>
      </concept>
      <concept>
        <extension url="http://hl7.org/fhir/StructureDefinition/valueset-conceptOrder">
          <valueInteger value="0" />
        </extension>
        <code value="708073008" />
        <display value="Minimum inhibitory concentration susceptibility test technique (qualifier value)" />
        <designation>
          <language value="de-DE" />
          <value value="Minimale Hemmstoffkonzentration - Empfindlichkeitstestverfahren" />
        </designation>
      </concept>
      <concept>
        <extension url="http://hl7.org/fhir/StructureDefinition/valueset-conceptOrder">
          <valueInteger value="0" />
        </extension>
        <code value="708099001" />
        <display value="Rapid immunoassay technique (qualifier value)" />
        <designation>
          <language value="de-DE" />
          <value value="Antigenschnelltest" />
        </designation>
      </concept>
      <concept>
        <extension url="http://hl7.org/fhir/StructureDefinition/valueset-conceptOrder">
          <valueInteger value="0" />
        </extension>
        <code value="714797009" />
        <display value="Histologischer Test" />
      </concept>
      <concept>
        <extension url="http://hl7.org/fhir/StructureDefinition/valueset-conceptOrder">
          <valueInteger value="0" />
        </extension>
        <code value="73512001" />
        <display value="Electron microscopic study (procedure)" />
        <designation>
          <language value="de-DE" />
          <value value="Elektronenmikroskopische Untersuchung" />
        </designation>
      </concept>
      <concept>
        <extension url="http://hl7.org/fhir/StructureDefinition/valueset-conceptOrder">
          <valueInteger value="0" />
        </extension>
        <code value="76978006" />
        <display value="Enzyme-linked immunosorbent assay (procedure)" />
        <designation>
          <language value="de-DE" />
          <value value="Enzyme-linked Immunosorbent Assay" />
        </designation>
      </concept>
      <concept>
        <extension url="http://hl7.org/fhir/StructureDefinition/valueset-conceptOrder">
          <valueInteger value="0" />
        </extension>
        <code value="782518009" />
        <display value="Modified carbapenem inactivation technique (qualifier value)" />
        <designation>
          <language value="de-DE" />
          <value value="Modifizierte Carbapenem-Inaktivierungsmethode (m)CIM" />
        </designation>
      </concept>
      <concept>
        <extension url="http://hl7.org/fhir/StructureDefinition/valueset-conceptOrder">
          <valueInteger value="0" />
        </extension>
        <code value="83581000052107" />
        <display value="Matrix assisted laser desorption ionization time of flight mass spectrometry technique (qualifier value)" />
        <designation>
          <language value="de-DE" />
          <value value="MALDI-TOF" />
        </designation>
      </concept>
      <concept>
        <extension url="http://hl7.org/fhir/StructureDefinition/valueset-conceptOrder">
          <valueInteger value="0" />
        </extension>
        <code value="84558002" />
        <display value="Serotyping procedure (procedure)" />
        <designation>
          <language value="de-DE" />
          <value value="Serotypisierung" />
        </designation>
      </concept>
      <concept>
        <extension url="http://hl7.org/fhir/StructureDefinition/valueset-conceptOrder">
          <valueInteger value="0" />
        </extension>
        <code value="85000002" />
        <display value="Hemagglutination assay (procedure)" />
        <designation>
          <language value="de-DE" />
          <value value="Hamagglutinations-Assay" />
        </designation>
      </concept>
      <concept>
        <extension url="http://hl7.org/fhir/StructureDefinition/valueset-conceptOrder">
          <valueInteger value="0" />
        </extension>
        <code value="88221005" />
        <display value="Affinity chromatography measurement (procedure)" />
        <designation>
          <language value="de-DE" />
          <value value="Affinitätschromatografie" />
        </designation>
      </concept>
      <concept>
        <extension url="http://hl7.org/fhir/StructureDefinition/valueset-conceptOrder">
          <valueInteger value="0" />
        </extension>
        <code value="88629000" />
        <display value="Agar dilution minimum inhibitory concentration susceptibility test for anaerobes (procedure)" />
        <designation>
          <language value="de-DE" />
          <value value="Bestimmung der minimalen Hemmkonzentration (MHK) für Anaerobier nach der Agar-Dilutionsmethode" />
        </designation>
      </concept>
      <concept>
        <extension url="http://hl7.org/fhir/StructureDefinition/valueset-conceptOrder">
          <valueInteger value="0" />
        </extension>
        <code value="8959002" />
        <display value="Mass spectrometry measurement (procedure)" />
        <designation>
          <language value="de-DE" />
          <value value="Massenspektrometrie" />
        </designation>
      </concept>
      <concept>
        <extension url="http://hl7.org/fhir/StructureDefinition/valueset-conceptOrder">
          <valueInteger value="0" />
        </extension>
        <code value="90603004" />
        <display value="Restriction fragment length polymorphism analysis (procedure)" />
        <designation>
          <language value="de-DE" />
          <value value="Restriktionsfragmentlängenpolymorphismus" />
        </designation>
      </concept>
      <concept>
        <extension url="http://hl7.org/fhir/StructureDefinition/valueset-conceptOrder">
          <valueInteger value="0" />
        </extension>
        <code value="91454002" />
        <display value="Pleozytose des Liquors" />
      </concept>
    </include>
  </compose>
</ValueSet>