<?xml version="1.0" encoding="utf-8"?>
<ValueSet xmlns="http://hl7.org/fhir">
  <id value="laboratoryTestCOXP" />
  <url value="https://demis.rki.de/fhir/ValueSet/laboratoryTestCOXP" />
  <version value="1.5.1" />
  <name value="LaboratoryTestCOXP" />
  <title value="Labortest für Coxiella burnetii" />
  <status value="active" />
  <experimental value="false" />
  <date value="2025-03-26" />
  <publisher value="Robert Koch-Institut" />
  <contact>
    <telecom>
      <system value="email" />
      <value value="demis-support@rki.de" />
    </telecom>
  </contact>
  <description value="Das ValueSet LaboratoryTestCOXP enthält die Codes der Labortests für Coxiella burnetii." />
  <jurisdiction>
    <coding>
      <system value="urn:iso:std:iso:3166" />
      <version value="ALPHA-2" />
      <code value="DE" />
    </coding>
  </jurisdiction>
  <copyright value="This material contains content from LOINC (http://loinc.org/). LOINC is copyright © 1995-2023, Regenstrief Institute, Inc. and the Logical Observation Identifiers Names and Codes (LOINC) Committee and is available at no cost under the license at http://loinc.org/license. LOINC® is a registered United States trademark of Regenstrief Institute, Inc.&#xD;&#xA;&#xD;&#xA;Dieses Material enthält Inhalte von LOINC (http://loinc.org/). LOINC ist urheberrechtlich geschützt © 1995-2023, Regenstrief Institute, Inc. und das Logical Observation Identifiers Names and Codes (LOINC) Committee und ist unter der Lizenz http://loinc.org/license kostenlos erhältlich. LOINC® ist eine eingetragene US-amerikanische Marke des Regenstrief Institute, Inc.&#xD;&#xA;&#xD;&#xA;Downloadbedingungen für LOINC-Übersetzungen für Anwendungszwecke in Deutschland&#xD;&#xA;Übersetzungen in verschiedenen Sprachen werden von &quot;LOINC® Adopters&quot;, meistens Behörden oder Forschungsinstituten verschiedener Länder, erstellt und an das Regenstrief Institute weitergegeben. Das Copyright für die Übersetzungen liegt beim Regenstrief Institute. Für Deutschland wird die LOINC®-Übersetzung durch das BfArM bereitgestellt. Die Übersetzungen werden durch das Regenstrief Institute als &quot;Linguistic Variants&quot; in den halbjährlichen LOINC®-Releases (Februar und August) veröffentlicht.&#xD;&#xA;&#xD;&#xA;Das Copyright für die Übersetzungen liegt beim Regenstrief Institute, 1101 W 10th St, Indianapolis, IN 46202, USA.&#xD;&#xA;&#xD;&#xA;Mit dem Download von Dateien kommt ein Nutzungsvertrag zwischen Ihnen und dem Regenstrief Institute zustande. Sie verpflichten sich, die unten verlinkten Nutzungs- und Abgabebedingungen für LOINC vom Regenstrief Institute einzuhalten." />
  <compose>
    <include>
      <system value="http://loinc.org" />
      <version value="2.79" />
      <concept>
        <code value="101365-5" />
        <display value="Coxiella burnetii DNA [Nachweis] in Blut mittels Nukleinsäureamplifikation mit Detektion ohne Sonde" />
      </concept>
      <concept>
        <code value="16677-7" />
        <display value="Coxiella burnetii IgG Ab [Units/volume] in Serum" />
      </concept>
      <concept>
        <code value="16678-5" />
        <display value="Coxiella burnetii IgM-Antikörper [Einheiten/Volumen] in Serum" />
      </concept>
      <concept>
        <code value="23024-3" />
        <display value="Coxiella burnetii DNA [Nachweis] in Probenmaterial mittels Nukleinsäureamplifikation mit Sondendetektion" />
      </concept>
      <concept>
        <code value="25335-1" />
        <display value="Coxiella burnetii IgG-Antikörper [Titer] in Serum" />
      </concept>
      <concept>
        <code value="25336-9" />
        <display value="Coxiella burnetii IgM-Antikörper [Titer] in Serum" />
      </concept>
      <concept>
        <code value="29773-9" />
        <display value="Coxiella burnetii Phase 2 IgM-Antikörper [Nachweis] in Serum mittels Immunoassay" />
      </concept>
      <concept>
        <code value="30212-5" />
        <display value="Coxiella burnetii IgG Ab [Presence] in Serum" />
      </concept>
      <concept>
        <code value="30213-3" />
        <display value="Coxiella burnetii IgM Ab [Presence] in Serum" />
      </concept>
      <concept>
        <code value="31312-2" />
        <display value="Coxiella burnetii phase 1 IgA Ab [Units/volume] in Serum" />
      </concept>
      <concept>
        <code value="31314-8" />
        <display value="Coxiella burnetii Phase 2 IgG-Antikörper [Nachweis] in Serum" />
      </concept>
      <concept>
        <code value="31315-5" />
        <display value="Coxiella burnetii Phase 2 IgM-Antikörper [Nachweis] in Serum" />
      </concept>
      <concept>
        <code value="31316-3" />
        <display value="Coxiella burnetii Phase 2 IgA-Antikörper [Einheiten/Volumen] in Serum" />
      </concept>
      <concept>
        <code value="31784-2" />
        <display value="Coxiella burnetii Antigen [Nachweis] in Probenmaterial" />
      </concept>
      <concept>
        <code value="32644-7" />
        <display value="Coxiella burnetii Phase 1 IgG-Antikörper [Nachweis] in Serum" />
      </concept>
      <concept>
        <code value="32645-4" />
        <display value="Coxiella burnetii phase 1 IgM Ab [Presence] in Serum" />
      </concept>
      <concept>
        <code value="34716-1" />
        <display value="Coxiella burnetii Phase 1 IgG-Antikörper [Titer] in Serum mittels Immunfluoreszenztest" />
      </concept>
      <concept>
        <code value="34717-9" />
        <display value="Coxiella burnetii Phase 2 IgG-Antikörper [Titer] in Serum mittels Immunfluoreszenztest" />
      </concept>
      <concept>
        <code value="41852-5" />
        <display value="Mikroorganismus oder Erreger identifiziert in Probenmaterial" />
      </concept>
      <concept>
        <code value="44814-2" />
        <display value="Coxiella burnetii Phase 2 IgM-Antikörper [Titer] in Serum mittels Immunfluoreszenztest" />
      </concept>
      <concept>
        <code value="47075-7" />
        <display value="Coxiella burnetii Phase 1 IgM-Antikörper [Titer] in Serum mittels Immunfluoreszenztest" />
      </concept>
      <concept>
        <code value="49124-1" />
        <display value="Coxiella burnetii identifiziert in Probenmaterial mittels Sequenzierung" />
      </concept>
      <concept>
        <code value="51812-6" />
        <display value="Coxiella burnetii Phase 2 IgG-Antikörper [Einheiten/Volumen] in Serum mittels Immunoassay" />
      </concept>
      <concept>
        <code value="51813-4" />
        <display value="Coxiella burnetii Phase 2 IgM-Antikörper [Einheiten/Volumen] in Serum mittels Immunoassay" />
      </concept>
      <concept>
        <code value="7829-5" />
        <display value="Coxiella burnetii phase 1 IgG Ab [Units/volume] in Serum" />
      </concept>
      <concept>
        <code value="7830-3" />
        <display value="Coxiella burnetii Phase 2 IgG-Antikörper [Einheiten/Volumen] in Serum" />
      </concept>
      <concept>
        <code value="7831-1" />
        <display value="Coxiella burnetii Phase 1 IgM-Antikörper [Einheiten/Volumen] in Serum" />
      </concept>
      <concept>
        <code value="7832-9" />
        <display value="Coxiella burnetii Phase 2 IgM-Antikörper [Einheiten/Volumen] in Serum" />
      </concept>
      <concept>
        <code value="94634-3" />
        <display value="Coxiella burnetii DNA [Schwellenwertzyklus] in Probenmaterial mittels Nukleinsäureamplifikation mit Sondendetektion" />
      </concept>
      <concept>
        <code value="9706-3" />
        <display value="Coxiella burnetii Phase 1 IgA-Antikörper [Titer] in Serum" />
      </concept>
      <concept>
        <code value="9707-1" />
        <display value="Coxiella burnetii Phase 2 IgA-Antikörper [Titer] in Serum" />
      </concept>
      <concept>
        <code value="9708-9" />
        <display value="Coxiella burnetii Phase 1 IgG-Antikörper [Titer] in Serum" />
      </concept>
      <concept>
        <code value="9709-7" />
        <display value="Coxiella burnetii Phase 2 IgG-Antikörper [Titer] in Serum" />
      </concept>
      <concept>
        <code value="9710-5" />
        <display value="Coxiella burnetii Phase 1 IgM-Antikörper [Titer] in Serum" />
      </concept>
      <concept>
        <code value="9711-3" />
        <display value="Coxiella burnetii Phase 2 IgM-Antikörper [Titer] in Serum" />
      </concept>
    </include>
    <include>
      <valueSet value="https://demis.rki.de/fhir/ValueSet/resistance" />
    </include>
    <include>
      <valueSet value="https://demis.rki.de/fhir/ValueSet/resistanceGene" />
    </include>
  </compose>
</ValueSet>