<?xml version="1.0" encoding="utf-8"?>
<ValueSet xmlns="http://hl7.org/fhir">
  <id value="laboratoryTestYENP" />
  <url value="https://demis.rki.de/fhir/ValueSet/laboratoryTestYENP" />
  <version value="1.7.1" />
  <name value="LaboratoryTestYENP" />
  <title value="Labortest für Yersinia spp. (darmpathogen)" />
  <status value="active" />
  <experimental value="false" />
  <date value="2025-03-26" />
  <publisher value="Robert Koch-Institut" />
  <contact>
    <telecom>
      <system value="email" />
      <value value="demis-support@rki.de" />
    </telecom>
  </contact>
  <description value="Das ValueSet LaboratoryTestYENP enthält die Codes der Labortests für Yersinia spp. (darmpathogen)." />
  <jurisdiction>
    <coding>
      <system value="urn:iso:std:iso:3166" />
      <version value="ALPHA-2" />
      <code value="DE" />
    </coding>
  </jurisdiction>
  <copyright value="This material contains content from LOINC (http://loinc.org/). LOINC is copyright © 1995-2023, Regenstrief Institute, Inc. and the Logical Observation Identifiers Names and Codes (LOINC) Committee and is available at no cost under the license at http://loinc.org/license. LOINC® is a registered United States trademark of Regenstrief Institute, Inc.&#xD;&#xA;&#xD;&#xA;Dieses Material enthält Inhalte von LOINC (http://loinc.org/). LOINC ist urheberrechtlich geschützt © 1995-2023, Regenstrief Institute, Inc. und das Logical Observation Identifiers Names and Codes (LOINC) Committee und ist unter der Lizenz http://loinc.org/license kostenlos erhältlich. LOINC® ist eine eingetragene US-amerikanische Marke des Regenstrief Institute, Inc.&#xD;&#xA;&#xD;&#xA;Downloadbedingungen für LOINC-Übersetzungen für Anwendungszwecke in Deutschland&#xD;&#xA;Übersetzungen in verschiedenen Sprachen werden von &quot;LOINC® Adopters&quot;, meistens Behörden oder Forschungsinstituten verschiedener Länder, erstellt und an das Regenstrief Institute weitergegeben. Das Copyright für die Übersetzungen liegt beim Regenstrief Institute. Für Deutschland wird die LOINC®-Übersetzung durch das BfArM bereitgestellt. Die Übersetzungen werden durch das Regenstrief Institute als &quot;Linguistic Variants&quot; in den halbjährlichen LOINC®-Releases (Februar und August) veröffentlicht.&#xD;&#xA;&#xD;&#xA;Das Copyright für die Übersetzungen liegt beim Regenstrief Institute, 1101 W 10th St, Indianapolis, IN 46202, USA.&#xD;&#xA;&#xD;&#xA;Mit dem Download von Dateien kommt ein Nutzungsvertrag zwischen Ihnen und dem Regenstrief Institute zustande. Sie verpflichten sich, die unten verlinkten Nutzungs- und Abgabebedingungen für LOINC vom Regenstrief Institute einzuhalten." />
  <compose>
    <include>
      <system value="http://loinc.org" />
      <version value="2.79" />
      <concept>
        <code value="105683-7" />
        <display value="Yersinia enterocolitica DNA [Presence] in Specimen by NAA with probe detection" />
      </concept>
      <concept>
        <code value="105890-8" />
        <display value="Yersinia enterocolitica DNA [Presence] in Specimen" />
      </concept>
      <concept>
        <code value="28549-4" />
        <display value="Yersinia sp identifiziert in Stuhl mittels erregerspezifischer Kultur" />
      </concept>
      <concept>
        <code value="30100-2" />
        <display value="Yersinia enterocolitica O:3 Antikörper [Titer] in Probenmaterial" />
      </concept>
      <concept>
        <code value="30101-0" />
        <display value="Yersinia enterocolitica O:5 Antikörper [Titer] in Probenmaterial" />
      </concept>
      <concept>
        <code value="30102-8" />
        <display value="Yersinia enterocolitica O:8 Antikörper [Titer] in Probenmaterial" />
      </concept>
      <concept>
        <code value="30103-6" />
        <display value="Yersinia enterocolitica O:9 Antikörper [Titer] in Probenmaterial" />
      </concept>
      <concept>
        <code value="31707-3" />
        <display value="Yersinia enterocolitica O:5 Antikörper [Einheiten/Volumen] in Probenmaterial" />
      </concept>
      <concept>
        <code value="41852-5" />
        <display value="Mikroorganismus oder Erreger identifiziert in Probenmaterial" />
      </concept>
      <concept>
        <code value="48646-4" />
        <display value="Yersinia sp DNA [Nachweis oder Identität] in Probenmaterial mittels Nukleinsäureamplifikation mit Sondendetektion" />
      </concept>
      <concept>
        <code value="701-3" />
        <display value="Yersinia sp identifiziert in Probenmaterial mittels erregerspezifischer Kultur" />
      </concept>
      <concept>
        <code value="73673-6" />
        <display value="Yersinia enterocolitica Serotyp [Typ] in Isolat mittels Agglutination" />
      </concept>
      <concept>
        <code value="75756-7" />
        <display value="Bakterien identifiziert in Isolat mittels MS.MALDI-TOF" />
      </concept>
      <concept>
        <code value="79385-1" />
        <display value="Yersinia enterocolitica recN-Gen [Nachweis] in Stuhl mittels Nukleinsäureamplifikation mit Sondendetektion" />
      </concept>
      <concept>
        <code value="82202-3" />
        <display value="Yersinia enterocolitica DNA [Nachweis] in Stuhl mittels Nukleinsäureamplifikation mit Detektion ohne Sonde" />
      </concept>
      <concept>
        <code value="82298-1" />
        <display value="Yersinia enterocolitica [Nachweis] in Probenmaterial mittels Kultur" />
      </concept>
      <concept>
        <code value="92723-6" />
        <display value="Yersinia enterocolitica DNA [Nachweis] in Stuhl mittels Nukleinsäureamplifikation mit Sondendetektion" />
      </concept>
    </include>
    <include>
      <valueSet value="https://demis.rki.de/fhir/ValueSet/resistance" />
    </include>
    <include>
      <valueSet value="https://demis.rki.de/fhir/ValueSet/resistanceGene" />
    </include>
  </compose>
</ValueSet>