<?xml version="1.0" encoding="utf-8"?>
<ValueSet xmlns="http://hl7.org/fhir">
  <id value="laboratoryTestINVP" />
  <url value="https://demis.rki.de/fhir/ValueSet/laboratoryTestINVP" />
  <version value="1.9.1" />
  <name value="LaboratoryTestINVP" />
  <title value="Labortest für Influenzavirus; Meldepflicht nur für den direkten Nachweis" />
  <status value="active" />
  <experimental value="false" />
  <date value="2025-03-26" />
  <publisher value="Robert Koch-Institut" />
  <contact>
    <telecom>
      <system value="email" />
      <value value="demis-support@rki.de" />
    </telecom>
  </contact>
  <description value="Das ValueSet LaboratoryTestINVP enthält die Codes der Labortests für Influenzavirus; Meldepflicht nur für den direkten Nachweis." />
  <jurisdiction>
    <coding>
      <system value="urn:iso:std:iso:3166" />
      <version value="ALPHA-2" />
      <code value="DE" />
    </coding>
  </jurisdiction>
  <copyright value="This material contains content from LOINC (http://loinc.org/). LOINC is copyright © 1995-2023, Regenstrief Institute, Inc. and the Logical Observation Identifiers Names and Codes (LOINC) Committee and is available at no cost under the license at http://loinc.org/license. LOINC® is a registered United States trademark of Regenstrief Institute, Inc.&#xD;&#xA;&#xD;&#xA;Dieses Material enthält Inhalte von LOINC (http://loinc.org/). LOINC ist urheberrechtlich geschützt © 1995-2023, Regenstrief Institute, Inc. und das Logical Observation Identifiers Names and Codes (LOINC) Committee und ist unter der Lizenz http://loinc.org/license kostenlos erhältlich. LOINC® ist eine eingetragene US-amerikanische Marke des Regenstrief Institute, Inc.&#xD;&#xA;&#xD;&#xA;Downloadbedingungen für LOINC-Übersetzungen für Anwendungszwecke in Deutschland&#xD;&#xA;Übersetzungen in verschiedenen Sprachen werden von &quot;LOINC® Adopters&quot;, meistens Behörden oder Forschungsinstituten verschiedener Länder, erstellt und an das Regenstrief Institute weitergegeben. Das Copyright für die Übersetzungen liegt beim Regenstrief Institute. Für Deutschland wird die LOINC®-Übersetzung durch das BfArM bereitgestellt. Die Übersetzungen werden durch das Regenstrief Institute als &quot;Linguistic Variants&quot; in den halbjährlichen LOINC®-Releases (Februar und August) veröffentlicht.&#xD;&#xA;&#xD;&#xA;Das Copyright für die Übersetzungen liegt beim Regenstrief Institute, 1101 W 10th St, Indianapolis, IN 46202, USA.&#xD;&#xA;&#xD;&#xA;Mit dem Download von Dateien kommt ein Nutzungsvertrag zwischen Ihnen und dem Regenstrief Institute zustande. Sie verpflichten sich, die unten verlinkten Nutzungs- und Abgabebedingungen für LOINC vom Regenstrief Institute einzuhalten." />
  <compose>
    <include>
      <system value="http://loinc.org" />
      <version value="2.79" />
      <concept>
        <code value="105075-6" />
        <display value="Influenza virus A RNA [Presence] in Specimen" />
      </concept>
      <concept>
        <code value="22827-0" />
        <display value="Influenza-Virus-A-Subtyp [Nachweis oder Identität] in Probenmaterial mittels Nukleinsäureamplifikation mit Sondendetektion" />
      </concept>
      <concept>
        <code value="31859-2" />
        <display value="Influenza-Virus A Antigen [Nachweis] in Probenmaterial" />
      </concept>
      <concept>
        <code value="31864-2" />
        <display value="Influenza-Virus B Antigen [Nachweis] in Probenmaterial" />
      </concept>
      <concept>
        <code value="31865-9" />
        <display value="Influenza-Virus C Antigen [Nachweis] in Probenmaterial" />
      </concept>
      <concept>
        <code value="34487-9" />
        <display value="Influenza-Virus A RNA [Nachweis] in Probenmaterial mittels Nukleinsäureamplifikation mit Sondendetektion" />
      </concept>
      <concept>
        <code value="40982-1" />
        <display value="Influenza-Virus B RNA [Nachweis] in Probenmaterial mittels Nukleinsäureamplifikation mit Sondendetektion" />
      </concept>
      <concept>
        <code value="41852-5" />
        <display value="Mikroorganismus oder Erreger identifiziert in Probenmaterial" />
      </concept>
      <concept>
        <code value="48509-4" />
        <display value="Influenza-Virus A und B RNA [Nachweis oder Identität] in Probenmaterial mittels Nukleinsäureamplifikation mit Sondendetektion" />
      </concept>
      <concept>
        <code value="50698-0" />
        <display value="Influenza-Virus A.Adamantan-Resistenz [Nachweis] mittels Phänotypisierung" />
      </concept>
      <concept>
        <code value="50699-8" />
        <display value="Influenza-Virus A.Adamantan-Resistenz [Nachweis]" />
      </concept>
      <concept>
        <code value="50700-4" />
        <display value="Influenza-Virus-A.Adamantan-Resistenz-RNA [Nachweis] mittels Nukleinsäureamplifikation mit Sondendetektion" />
      </concept>
      <concept>
        <code value="50703-8" />
        <display value="Influenza-Virus A.Neuraminidaseinhibitor-Resistenz [Empfindlichkeit] mittels Phänotypisierung" />
      </concept>
      <concept>
        <code value="50712-9" />
        <display value="Influenza-Virus.Neuraminidaseinhibitor-Resistenz [Empfindlichkeit]" />
      </concept>
      <concept>
        <code value="50713-7" />
        <display value="Influenza-Virus.Neuraminidaseinhibitor-Resistenz [Empfindlichkeit] mittels Genotypisierung" />
      </concept>
      <concept>
        <code value="54240-7" />
        <display value="Influenza-Virus Antigen [Nachweis] in Probenmaterial" />
      </concept>
      <concept>
        <code value="54243-1" />
        <display value="Influenza-Virus RNA [Nachweis oder Identität] in Probenmaterial mittels Sondendetektion" />
      </concept>
      <concept>
        <code value="54244-9" />
        <display value="Influenza-Virus identifiziert in Probenmaterial" />
      </concept>
      <concept>
        <code value="57896-3" />
        <display value="Influenza-Virus A 2009 H1N1v.Neuraminidaseinhibitor-Resistenz [Empfindlichkeit] in Probenmaterial mittels Genotypisierung" />
      </concept>
      <concept>
        <code value="57897-1" />
        <display value="Influenza-Virus A+B.Neuraminidaseinhibitor-Resistenz [Empfindlichkeit] in Probenmaterial mittels Genotypisierung" />
      </concept>
      <concept>
        <code value="62462-7" />
        <display value="Influenza-Virus A+B RNA [Nachweis] in Probenmaterial mittels Nukleinsäureamplifikation mit Sondendetektion" />
      </concept>
      <concept>
        <code value="62860-2" />
        <display value="Influenza-Virus C RNA [Nachweis] in Probenmaterial mittels Nukleinsäureamplifikation mit Sondendetektion" />
      </concept>
      <concept>
        <code value="76078-5" />
        <display value="Influenza-Virus A RNA [Nachweis] in Probenmaterial vom Nasopharynx mittels Nukleinsäureamplifikation mit Sondendetektion" />
      </concept>
      <concept>
        <code value="81308-9" />
        <display value="Influenza-Virus A RNA [Schwellenwertzyklus] in Probenmaterial vom Respirationstrakt mittels Nukleinsäureamplifikation mit Sondendetektion" />
      </concept>
      <concept>
        <code value="85477-8" />
        <display value="Influenza-Virus A RNA [Nachweis] in Probenmaterial vom oberen Respirationstrakt mittels Nukleinsäureamplifikation mit Sondendetektion" />
      </concept>
      <concept>
        <code value="85478-6" />
        <display value="Influenza-Virus B RNA [Nachweis] in Probenmaterial vom oberen Respirationstrakt mittels Nukleinsäureamplifikation mit Sondendetektion" />
      </concept>
      <concept>
        <code value="90885-5" />
        <display value="Influenza-Virus D RNA [Schwellenwertzyklus] in Probenmaterial mittels Nukleinsäureamplifikation mit Sondendetektion" />
      </concept>
      <concept>
        <code value="90886-3" />
        <display value="Influenza-Virus B RNA [Schwellenwertzyklus] in Probenmaterial mittels Nukleinsäureamplifikation mit Sondendetektion" />
      </concept>
      <concept>
        <code value="92141-1" />
        <display value="Influenza-Virus B RNA [Nachweis] in Probenmaterial vom Respirationstrakt mittels Nukleinsäureamplifikation mit Sondendetektion" />
      </concept>
      <concept>
        <code value="92142-9" />
        <display value="Influenza-Virus A RNA [Nachweis] in Probenmaterial vom Respirationstrakt mittels Nukleinsäureamplifikation mit Sondendetektion" />
      </concept>
    </include>
  </compose>
</ValueSet>