<?xml version="1.0" encoding="utf-8"?>
<ValueSet xmlns="http://hl7.org/fhir">
  <id value="laboratoryTestCLTP" />
  <url value="https://demis.rki.de/fhir/ValueSet/laboratoryTestCLTP" />
  <version value="1.3.1" />
  <name value="LaboratoryTestCLTP" />
  <title value="Labortest für Tetanus, Clostridium tetani" />
  <status value="active" />
  <experimental value="false" />
  <date value="2025-03-26" />
  <publisher value="Robert Koch-Institut" />
  <contact>
    <telecom>
      <system value="email" />
      <value value="demis-support@rki.de" />
    </telecom>
  </contact>
  <description value="Das ValueSet LaboratoryTestCLTP enthält die Codes der Labortests für Tetanus, Clostridium tetani." />
  <jurisdiction>
    <coding>
      <system value="urn:iso:std:iso:3166" />
      <version value="ALPHA-2" />
      <code value="DE" />
    </coding>
  </jurisdiction>
  <copyright value="This material contains content from LOINC (http://loinc.org/). LOINC is copyright © 1995-2023, Regenstrief Institute, Inc. and the Logical Observation Identifiers Names and Codes (LOINC) Committee and is available at no cost under the license at http://loinc.org/license. LOINC® is a registered United States trademark of Regenstrief Institute, Inc.&#xD;&#xA;&#xD;&#xA;Dieses Material enthält Inhalte von LOINC (http://loinc.org/). LOINC ist urheberrechtlich geschützt © 1995-2023, Regenstrief Institute, Inc. und das Logical Observation Identifiers Names and Codes (LOINC) Committee und ist unter der Lizenz http://loinc.org/license kostenlos erhältlich. LOINC® ist eine eingetragene US-amerikanische Marke des Regenstrief Institute, Inc.&#xD;&#xA;&#xD;&#xA;Downloadbedingungen für LOINC-Übersetzungen für Anwendungszwecke in Deutschland&#xD;&#xA;Übersetzungen in verschiedenen Sprachen werden von &quot;LOINC® Adopters&quot;, meistens Behörden oder Forschungsinstituten verschiedener Länder, erstellt und an das Regenstrief Institute weitergegeben. Das Copyright für die Übersetzungen liegt beim Regenstrief Institute. Für Deutschland wird die LOINC®-Übersetzung durch das BfArM bereitgestellt. Die Übersetzungen werden durch das Regenstrief Institute als &quot;Linguistic Variants&quot; in den halbjährlichen LOINC®-Releases (Februar und August) veröffentlicht.&#xD;&#xA;&#xD;&#xA;Das Copyright für die Übersetzungen liegt beim Regenstrief Institute, 1101 W 10th St, Indianapolis, IN 46202, USA.&#xD;&#xA;&#xD;&#xA;Mit dem Download von Dateien kommt ein Nutzungsvertrag zwischen Ihnen und dem Regenstrief Institute zustande. Sie verpflichten sich, die unten verlinkten Nutzungs- und Abgabebedingungen für LOINC vom Regenstrief Institute einzuhalten." />
  <compose>
    <include>
      <system value="http://loinc.org" />
      <version value="2.79" />
      <concept>
        <code value="104175-5" />
        <display value="Clostridium tetani Toxin (TeNT)-Gen [Nachweis] in Probenmaterial mittels Nukleinsäureamplifikation mit Detektion ohne Sonde" />
      </concept>
      <concept>
        <code value="104176-3" />
        <display value="Clostridium tetani Toxin (TeNT)-Gen [Nachweis] in Probenmaterial mittels Nukleinsäureamplifikation mit Sondendetektion" />
      </concept>
      <concept>
        <code value="104177-1" />
        <display value="Clostridium tetani Toxin [Nachweis] in Probenmaterial mittels Neutralisation im Maus-Bioassay" />
      </concept>
      <concept>
        <code value="104178-9" />
        <display value="Clostridium tetani Toxin [Nachweis] in Probenmaterial mittels Immunoassay" />
      </concept>
      <concept>
        <code value="104179-7" />
        <display value="Clostridium tetani Toxin [Nachweis] in Probenmaterial mittels Endopeptidase-Assay" />
      </concept>
      <concept>
        <code value="41852-5" />
        <display value="Mikroorganismus oder Erreger identifiziert in Probenmaterial" />
      </concept>
      <concept>
        <code value="49191-0" />
        <display value="Clostridium tetani-Toxoid IgG-Antikörper [Einheiten/Volumen] in Serum --1. Probenmaterial" />
      </concept>
      <concept>
        <code value="49192-8" />
        <display value="Clostridium tetani-Toxoid IgG-Antikörper [Einheiten/Volumen] in Serum --2. Probenmaterial" />
      </concept>
      <concept>
        <code value="6462-6" />
        <display value="Bakterien identifiziert in Probenmaterial einer Wunde mittels Kultur" />
      </concept>
      <concept>
        <code value="75756-7" />
        <display value="Bakterien identifiziert in Isolat mittels MS.MALDI-TOF" />
      </concept>
    </include>
  </compose>
</ValueSet>