<?xml version="1.0" encoding="utf-8"?>
<ValueSet xmlns="http://hl7.org/fhir">
  <id value="laboratoryTestHTVP" />
  <url value="https://demis.rki.de/fhir/ValueSet/laboratoryTestHTVP" />
  <version value="1.6.1" />
  <name value="LaboratoryTestHTVP" />
  <title value="Labortest für Hantavirus" />
  <status value="active" />
  <experimental value="false" />
  <date value="2025-03-26" />
  <publisher value="Robert Koch-Institut" />
  <contact>
    <telecom>
      <system value="email" />
      <value value="demis-support@rki.de" />
    </telecom>
  </contact>
  <description value="Das ValueSet LaboratoryTestHTVP enthält die Codes der Labortests für Hantavirus." />
  <jurisdiction>
    <coding>
      <system value="urn:iso:std:iso:3166" />
      <version value="ALPHA-2" />
      <code value="DE" />
    </coding>
  </jurisdiction>
  <copyright value="This material contains content from LOINC (http://loinc.org/). LOINC is copyright © 1995-2023, Regenstrief Institute, Inc. and the Logical Observation Identifiers Names and Codes (LOINC) Committee and is available at no cost under the license at http://loinc.org/license. LOINC® is a registered United States trademark of Regenstrief Institute, Inc.&#xD;&#xA;&#xD;&#xA;Dieses Material enthält Inhalte von LOINC (http://loinc.org/). LOINC ist urheberrechtlich geschützt © 1995-2023, Regenstrief Institute, Inc. und das Logical Observation Identifiers Names and Codes (LOINC) Committee und ist unter der Lizenz http://loinc.org/license kostenlos erhältlich. LOINC® ist eine eingetragene US-amerikanische Marke des Regenstrief Institute, Inc.&#xD;&#xA;&#xD;&#xA;Downloadbedingungen für LOINC-Übersetzungen für Anwendungszwecke in Deutschland&#xD;&#xA;Übersetzungen in verschiedenen Sprachen werden von &quot;LOINC® Adopters&quot;, meistens Behörden oder Forschungsinstituten verschiedener Länder, erstellt und an das Regenstrief Institute weitergegeben. Das Copyright für die Übersetzungen liegt beim Regenstrief Institute. Für Deutschland wird die LOINC®-Übersetzung durch das BfArM bereitgestellt. Die Übersetzungen werden durch das Regenstrief Institute als &quot;Linguistic Variants&quot; in den halbjährlichen LOINC®-Releases (Februar und August) veröffentlicht.&#xD;&#xA;&#xD;&#xA;Das Copyright für die Übersetzungen liegt beim Regenstrief Institute, 1101 W 10th St, Indianapolis, IN 46202, USA.&#xD;&#xA;&#xD;&#xA;Mit dem Download von Dateien kommt ein Nutzungsvertrag zwischen Ihnen und dem Regenstrief Institute zustande. Sie verpflichten sich, die unten verlinkten Nutzungs- und Abgabebedingungen für LOINC vom Regenstrief Institute einzuhalten." />
  <compose>
    <include>
      <system value="http://loinc.org" />
      <version value="2.79" />
      <concept>
        <code value="101210-3" />
        <display value="Hantavirus Typ Puumala IgG-Antikörper [Nachweis] in Serum oder Plasma mittels Line-Blot" />
      </concept>
      <concept>
        <code value="101212-9" />
        <display value="Hantavirus Typ Hantaan IgG-Antikörper [Nachweis] in Serum oder Plasma mittels Line-Blot" />
      </concept>
      <concept>
        <code value="101215-2" />
        <display value="Hantavirus Typ Puumala IgM-Antikörper [Nachweis] in Serum oder Plasma mittels Line-Blot" />
      </concept>
      <concept>
        <code value="101217-8" />
        <display value="Hantavirus Typ Hantaan IgM-Antikörper [Nachweis] in Serum oder Plasma mittels Line-Blot" />
      </concept>
      <concept>
        <code value="104662-2" />
        <display value="Hantavirus seoul IgM Ab [Presence] in Serum or Plasma by Immunoassay" />
      </concept>
      <concept>
        <code value="22308-1" />
        <display value="Hantavirus Typ Puumala IgG-Antikörper [Titer] in Serum" />
      </concept>
      <concept>
        <code value="22309-9" />
        <display value="Hantavirus Typ Puumala IgM-Antikörper [Titer] in Serum" />
      </concept>
      <concept>
        <code value="23867-5" />
        <display value="Hantavirus Typ Sin Nombre IgG-Antikörper [Titer] in Serum" />
      </concept>
      <concept>
        <code value="23868-3" />
        <display value="Hantavirus Typ Sin Nombre IgM-Antikörper [Titer] in Serum" />
      </concept>
      <concept>
        <code value="26620-5" />
        <display value="Hantavirus IgG-Antikörper [Nachweis] in Serum" />
      </concept>
      <concept>
        <code value="26650-2" />
        <display value="Hantavirus Typ Sin Nombre IgM-Antikörper [Nachweis] in Serum" />
      </concept>
      <concept>
        <code value="26654-4" />
        <display value="Hantavirus Typ Sin Nombre IgG-Antikörper [Nachweis] in Serum" />
      </concept>
      <concept>
        <code value="32131-5" />
        <display value="Hantavirus IgM-Antikörper [Nachweis] in Serum" />
      </concept>
      <concept>
        <code value="35392-0" />
        <display value="Hantavirus IgG-Antikörper [Einheiten/Volumen] in Serum" />
      </concept>
      <concept>
        <code value="35393-8" />
        <display value="Hantavirus IgM-Antikörper [Einheiten/Volumen] in Serum" />
      </concept>
      <concept>
        <code value="41852-5" />
        <display value="Mikroorganismus oder Erreger identifiziert in Probenmaterial" />
      </concept>
      <concept>
        <code value="42503-3" />
        <display value="Hantavirus Antikörper [Nachweis] in Serum" />
      </concept>
      <concept>
        <code value="70052-6" />
        <display value="Hantavirus Typ Hantaan IgG-Antikörper [Nachweis] in Serum oder Plasma mittels Immunfluoreszenztest" />
      </concept>
      <concept>
        <code value="70053-4" />
        <display value="Hantavirus Typ Hantaan IgM-Antikörper [Nachweis] in Serum oder Plasma mittels Immunfluoreszenztest" />
      </concept>
      <concept>
        <code value="70054-2" />
        <display value="Hantavirus Typ Dobrova IgM-Antikörper [Nachweis] in Serum oder Plasma mittels Immunfluoreszenztest" />
      </concept>
      <concept>
        <code value="70055-9" />
        <display value="Hantavirus Typ Dobrova IgG-Antikörper [Nachweis] in Serum oder Plasma mittels Immunfluoreszenztest" />
      </concept>
      <concept>
        <code value="70056-7" />
        <display value="Hantavirus Typ Saaremaa IgG-Antikörper [Nachweis] in Serum oder Plasma mittels Immunfluoreszenztest" />
      </concept>
      <concept>
        <code value="70057-5" />
        <display value="Hantavirus Typ Saaremaa IgM-Antikörper [Nachweis] in Serum oder Plasma mittels Immunfluoreszenztest" />
      </concept>
      <concept>
        <code value="70058-3" />
        <display value="Hantavirus Typ Puumala IgM-Antikörper [Nachweis] in Serum oder Plasma mittels Immunfluoreszenztest" />
      </concept>
      <concept>
        <code value="70059-1" />
        <display value="Hantavirus Typ Puumala IgG-Antikörper [Nachweis] in Serum oder Plasma mittels Immunfluoreszenztest" />
      </concept>
      <concept>
        <code value="70060-9" />
        <display value="Hantavirus Typ Seoul IgG-Antikörper [Nachweis] in Serum oder Plasma mittels Immunfluoreszenztest" />
      </concept>
      <concept>
        <code value="7896-4" />
        <display value="Hantavirus Typ Hantaan IgM-Antikörper [Einheiten/Volumen] in Serum" />
      </concept>
      <concept>
        <code value="7899-8" />
        <display value="Hantavirus RNA [Nachweis] in Serum mittels Nukleinsäureamplifikation mit Sondendetektion" />
      </concept>
      <concept>
        <code value="86520-4" />
        <display value="Hantavirus RNA [Nachweis] in Blut mittels Nukleinsäureamplifikation mit Sondendetektion" />
      </concept>
      <concept>
        <code value="94100-5" />
        <display value="Hantavirus Typ Seoul IgM-Antikörper [Nachweis] in Serum oder Plasma mittels Line-Blot" />
      </concept>
      <concept>
        <code value="94101-3" />
        <display value="Hantavirus Typ Seoul IgG-Antikörper [Nachweis] in Serum oder Plasma mittels Line-Blot" />
      </concept>
    </include>
  </compose>
</ValueSet>