<?xml version="1.0" encoding="UTF-8"?>
<ValueSet xmlns="http://hl7.org/fhir">
  <id value="organizationType"/>
  <url value="https://demis.rki.de/fhir/ValueSet/organizationType"/>
  <version value="1.4.0"/>
  <name value="OrganizationType"/>
  <title value="Einrichtungsart"/>
  <status value="active"/>
  <experimental value="false"/>
  <date value="2024-05-31"/>
  <publisher value="Robert Koch-Institut"/>
  <description value="Das ValueSet OrganizationType enthält die Codes der Einrichtungsarten."/>
  <compose>
    <include>
      <system value="https://demis.rki.de/fhir/CodeSystem/organizationType"/>
      <version value="1.3.0"/>
    </include>
  </compose>
</ValueSet>
