<?xml version="1.0" encoding="UTF-8"?>
<StructureDefinition xmlns="http://hl7.org/fhir">
  <id value="DiseaseCJKD"/>
  <url value="https://demis.rki.de/fhir/StructureDefinition/DiseaseCJKD"/>
  <version value="1.1.1"/>
  <name value="DiseaseCJKD"/>
  <title value="Erkrankungsinformationen für Creutzfeldt-Jakob-Krankheit (CJK)"/>
  <status value="active"/>
  <date value="2024-10-10"/>
  <description value="Die Condition-Ressource DiseaseCJKD spezifiziert die Erkrankungsinformationen wie z.B. Symptome hinsichtlich Creutzfeldt-Jakob-Krankheit (CJK)."/>
  <fhirVersion value="4.0.1"/>
  <mapping>
    <identity value="sct-concept"/>
    <uri value="http://snomed.info/conceptdomain"/>
    <name value="SNOMED CT Concept Domain Binding"/>
  </mapping>
  <mapping>
    <identity value="sct-attr"/>
    <uri value="http://snomed.org/attributebinding"/>
    <name value="SNOMED CT Attribute Binding"/>
  </mapping>
  <kind value="resource"/>
  <abstract value="false"/>
  <type value="Condition"/>
  <baseDefinition value="https://demis.rki.de/fhir/StructureDefinition/Disease"/>
  <derivation value="constraint"/>
  <differential>
    <element id="Condition.code">
      <path value="Condition.code"/>
      <short value="Meldetatbestand &quot;Creutzfeldt-Jakob-Krankheit (CJK)&quot;"/>
      <definition value="Bei Meldetatbestand &quot;Creutzfeldt-Jakob-Krankheit (CJK)&quot; ist Condition.code.coding.code mit &quot;cjkd&quot; zu belegen."/>
    </element>
    <element id="Condition.code.coding.system">
      <path value="Condition.code.coding.system"/>
      <fixedUri value="https://demis.rki.de/fhir/CodeSystem/notificationDiseaseCategory"/>
    </element>
    <element id="Condition.code.coding.code">
      <path value="Condition.code.coding.code"/>
      <fixedCode value="cjkd"/>
    </element>
    <element id="Condition.evidence">
      <path value="Condition.evidence"/>
	  <max value="0"/>
	</element>
  </differential>
</StructureDefinition>
