<?xml version="1.0" encoding="UTF-8"?>
<StructureDefinition xmlns="http://hl7.org/fhir">
  <id value="DiseaseCDFD"/>
  <url value="https://demis.rki.de/fhir/StructureDefinition/DiseaseCDFD"/>
  <version value="1.1.2"/>
  <name value="DiseaseCDFD"/>
  <title value="Erkrankungsinformationen für Clostridioides-difficile-Erkrankung, schwere Verlaufsform"/>
  <status value="active"/>
  <date value="2024-10-10"/>
  <description value="Die Condition-Ressource DiseaseCDFD spezifiziert die Erkrankungsinformationen wie z.B. Symptome hinsichtlich Clostridioides-difficile-Erkrankung, schwere Verlaufsform."/>
  <fhirVersion value="4.0.1"/>
  <mapping>
    <identity value="sct-concept"/>
    <uri value="http://snomed.info/conceptdomain"/>
    <name value="SNOMED CT Concept Domain Binding"/>
  </mapping>
  <mapping>
    <identity value="sct-attr"/>
    <uri value="http://snomed.org/attributebinding"/>
    <name value="SNOMED CT Attribute Binding"/>
  </mapping>
  <kind value="resource"/>
  <abstract value="false"/>
  <type value="Condition"/>
  <baseDefinition value="https://demis.rki.de/fhir/StructureDefinition/Disease"/>
  <derivation value="constraint"/>
  <differential>
    <element id="Condition.code">
      <path value="Condition.code"/>
      <short value="Meldetatbestand &quot;Clostridioides-difficile-Erkrankung, schwere Verlaufsform&quot;"/>
      <definition value="Bei Meldetatbestand &quot;Clostridioides-difficile-Erkrankung, schwere Verlaufsform&quot; ist Condition.code.coding.code mit &quot;cdfd&quot; zu belegen."/>
    </element>
    <element id="Condition.code.coding.system">
      <path value="Condition.code.coding.system"/>
      <fixedUri value="https://demis.rki.de/fhir/CodeSystem/notificationDiseaseCategory"/>
    </element>
    <element id="Condition.code.coding.code">
      <path value="Condition.code.coding.code"/>
      <fixedCode value="cdfd"/>
    </element>
    <element id="Condition.evidence">
      <path value="Condition.evidence"/>
	  <max value="0"/>
	</element>
  </differential>
</StructureDefinition>
