<?xml version="1.0" encoding="utf-8"?>
<StructureDefinition xmlns="http://hl7.org/fhir">
  <id value="NotificationBundleDisease" />
  <url value="https://demis.rki.de/fhir/StructureDefinition/NotificationBundleDisease" />
  <version value="1.2.0" />
  <name value="NotificationBundleDisease" />
  <title value="Erkrankungsmeldevorgang" />
  <status value="active" />
  <date value="2024-06-14" />
  <description value="Der Erkrankungsmeldevorgang ist vom Meldevorgang abgeleitet und bildet den Container für eine meldetatbestandsspezifische Erkrankungsmeldung und die darin referenzierten Ressourcen." />
  <fhirVersion value="4.0.1" />
  <kind value="resource" />
  <abstract value="false" />
  <type value="Bundle" />
  <baseDefinition value="https://demis.rki.de/fhir/StructureDefinition/NotificationBundle" />
  <derivation value="constraint" />
  <differential>
    <element id="Bundle">
      <path value="Bundle" />
      <constraint>
        <key value="maxOneNotifiedPerson" />
        <severity value="error" />
        <human value="Im NotificationBundle darf maximal eine betroffene Person enthalten sein." />
        <expression value="entry.where(resource.meta.profile='https://demis.rki.de/fhir/StructureDefinition/NotifiedPerson').count()&lt;=1" />
      </constraint>
    </element>
    <element id="Bundle.meta">
      <path value="Bundle.meta"/>
      <min value="1"/>
      <mustSupport value="true"/>
    </element>
    <element id="Bundle.meta.profile">
      <path value="Bundle.meta.profile"/>
      <min value="1"/>
      <max value="1"/>
      <fixedCanonical value="https://demis.rki.de/fhir/StructureDefinition/NotificationBundleDisease"/>
      <mustSupport value="true"/>
    </element>
    <element id="Bundle.identifier.system">
      <path value="Bundle.identifier.system" />
      <fixedUri value="https://demis.rki.de/fhir/NamingSystem/NotificationBundleId" />
    </element>
    <element id="Bundle.entry:notification">
      <path value="Bundle.entry" />
      <sliceName value="notification" />
      <short value="Erkrankungsmeldung" />
      <definition value="In einem Erkrankungsmeldevorgang muss genau eine meldetatbestandsspezifische Erkrankungsmeldung enthalten sein." />
      <max value="1" />
    </element>
    <element id="Bundle.entry:notification.resource">
      <path value="Bundle.entry.resource" />
      <short value="Enthält die meldetatbestandsspezifische Erkrankungsmeldung" />
      <definition value="Enthält die meldetatbestandsspezifische Erkrankungsmeldung" />
      <min value="1" />
      <type>
        <code value="Composition" />
        <profile value="https://demis.rki.de/fhir/StructureDefinition/NotificationDisease" />
      </type>
    </element>
  </differential>
</StructureDefinition>