<?xml version="1.0" encoding="UTF-8"?>
<StructureDefinition xmlns="http://hl7.org/fhir">
	<id value="DiseaseInformationVZZD"/>
	<url value="https://demis.rki.de/fhir/StructureDefinition/DiseaseInformationVZZD"/>
	<version value="1.0.2"/>
	<name value="DiseaseInformationVZZD"/>
	<title value="Klinische und epidemiologische Angaben für Herpes Zoster"/>
	<status value="active"/>
	<date value="2024-10-10"/>
	<description value="Die klinischen und epidemiologischen Angaben für den Meldetatbestand &quot;Herpes Zoster&quot; werden in dieser QuestionnaireResponse-Ressource entsprechend dem dazugehörigen Fragebogen DiseaseQuestionsVZZD übermittelt."/>
	<fhirVersion value="4.0.1"/>
	<kind value="resource"/>
	<abstract value="false"/>
	<type value="QuestionnaireResponse"/>
	<baseDefinition value="https://demis.rki.de/fhir/StructureDefinition/DiseaseInformation"/>
	<derivation value="constraint"/>
	<differential>
		<element id="QuestionnaireResponse.questionnaire">
			<path value="QuestionnaireResponse.questionnaire"/>
			<fixedCanonical value="https://demis.rki.de/fhir/Questionnaire/DiseaseQuestionsVZZD"/>
		</element>
	</differential>
</StructureDefinition>
