<?xml version="1.0" encoding="UTF-8"?>
<ValueSet xmlns="http://hl7.org/fhir">
  <id value="country"/>
  <url value="https://demis.rki.de/fhir/ValueSet/country"/>
  <version value="1.2.0"/>
  <name value="Country"/>
  <title value="Land"/>
  <status value="retired" />
  <experimental value="false"/>
  <date value="2025-04-10" />
  <publisher value="Robert Koch-Institut"/>
  <description value="Das ValueSet Country enthält die Codes der Länder."/>
  <compose>
    <include>
      <system value="https://demis.rki.de/fhir/CodeSystem/country"/>
      <version value="1.1.0"/>
    </include>
  </compose>
</ValueSet>
