<?xml version="1.0" encoding="UTF-8"?>
<StructureDefinition xmlns="http://hl7.org/fhir">
  <id value="DiseaseInformationBPSD"/>
  <url value="https://demis.rki.de/fhir/StructureDefinition/DiseaseInformationBPSD"/>
  <version value="1.0.1"/>
  <name value="DiseaseInformationBPSD"/>
  <title value="Klinische und epidemiologische Angaben für Keuchhusten"/>
  <status value="active"/>
  <date value="2024-10-10"/>
  <description value="Die klinischen und epidemiologischen Angaben für den Meldetatbestand &quot;Keuchhusten&quot; werden in dieser QuestionnaireResponse-Ressource entsprechend dem dazugehörigen Fragebogen DiseaseQuestionsBPSD übermittelt."/>
  <fhirVersion value="4.0.1"/>
  <kind value="resource"/>
  <abstract value="false"/>
  <type value="QuestionnaireResponse"/>
  <baseDefinition value="https://demis.rki.de/fhir/StructureDefinition/DiseaseInformation"/>
  <derivation value="constraint"/>
  <differential>
    <element id="QuestionnaireResponse.questionnaire">
      <path value="QuestionnaireResponse.questionnaire"/>
      <fixedCanonical value="https://demis.rki.de/fhir/Questionnaire/DiseaseQuestionsBPSD"/>
    </element>
  </differential>
</StructureDefinition>
