<?xml version="1.0" encoding="UTF-8"?>
<CodeSystem xmlns="http://hl7.org/fhir">
  <id value="transmissionCategory" />
  <url value="https://demis.rki.de/fhir/CodeSystem/transmissionCategory" />
  <version value="2.0.0" />
  <name value="TransmissionCategory" />
  <title value="SurvNet-Übermittlungskategorie" />
  <status value="active" />
  <experimental value="false" />
  <date value="2024-12-27" />
  <publisher value="Robert Koch-Institut" />
  <description value="Das CodeSystem TransmissionCategory enthält die 3-Buchstaben-Codes der Übermittlungskategorien aus SurvNet." />
  <caseSensitive value="false" />
  <valueSet value="https://demis.rki.de/fhir/ValueSet/transmissionCategory" />
  <content value="complete" />
  <count value="97" />
  <concept>
    <code value="adv" />
  </concept>
  <concept>
    <code value="ban" />
  </concept>
  <concept>
    <code value="bps" />
  </concept>
  <concept>
    <code value="bov" />
  </concept>
  <concept>
    <code value="bor" />
  </concept>
  <concept>
    <code value="bru" />
  </concept>
  <concept>
    <code value="cam" />
  </concept>
  <concept>
    <code value="ckv" />
  </concept>
  <concept>
    <code value="chl" />
  </concept>
  <concept>
    <code value="clo" />
  </concept>
  <concept>
    <code value="cor" />
  </concept>
  <concept>
    <code value="cox" />
  </concept>
  <concept>
    <code value="den" />
  </concept>
  <concept>
    <code value="cry" />
  </concept>
  <concept>
    <code value="ebv" />
  </concept>
  <concept>
    <code value="ehc" />
  </concept>
  <concept>
    <code value="eco" />
  </concept>
  <concept>
    <code value="frt" />
  </concept>
  <concept>
    <code value="fsv" />
  </concept>
  <concept>
    <code value="gfv" />
  </concept>
  <concept>
    <code value="gil" />
  </concept>
  <concept>
    <code value="hin" />
  </concept>
  <concept>
    <code value="hav" />
  </concept>
  <concept>
    <code value="hbv" />
  </concept>
  <concept>
    <code value="hcv" />
  </concept>
  <concept>
    <code value="hdv" />
  </concept>
  <concept>
    <code value="hev" />
  </concept>
  <concept>
    <code value="htv" />
  </concept>
  <concept>
    <code value="inv" />
  </concept>
  <concept>
    <code value="lsv" />
  </concept>
  <concept>
    <code value="leg" />
  </concept>
  <concept>
    <code value="lep" />
  </concept>
  <concept>
    <code value="lis" />
  </concept>
  <concept>
    <code value="mbv" />
  </concept>
  <concept>
    <code value="msv" />
  </concept>
  <concept>
    <code value="mrs" />
  </concept>
  <concept>
    <code value="mpv" />
  </concept>
  <concept>
    <code value="mpx" />
  </concept>
  <concept>
    <code value="myl" />
  </concept>
  <concept>
    <code value="myt" />
  </concept>
  <concept>
    <code value="nei" />
  </concept>
  <concept>
    <code value="nov" />
  </concept>
  <concept>
    <code value="opx" />
  </concept>
  <concept>
    <code value="pov" />
  </concept>
  <concept>
    <code value="rbv" />
  </concept>
  <concept>
    <code value="ric" />
  </concept>
  <concept>
    <code value="rtv" />
  </concept>
  <concept>
    <code value="ruv" />
  </concept>
  <concept>
    <code value="spa" />
  </concept>
  <concept>
    <code value="sty" />
  </concept>
  <concept>
    <code value="sal" />
  </concept>
  <concept>
    <code value="cvd" />
  </concept>
  <concept>
    <code value="cvs" />
  </concept>
  <concept>
    <code value="shi" />
  </concept>
  <concept>
    <code value="spn" />
  </concept>
  <concept>
    <code value="tri" />
  </concept>
  <concept>
    <code value="vzv" />
  </concept>
  <concept>
    <code value="vch" />
  </concept>
  <concept>
    <code value="wnv" />
  </concept>
  <concept>
    <code value="yps" />
  </concept>
  <concept>
    <code value="yen" />
  </concept>
  <concept>
    <code value="zkv" />
  </concept>
  <concept>
    <code value="abv" />
  </concept>
  <concept>
    <code value="hfa" />
  </concept>
  <concept>
    <code value="mra" />
  </concept>
  <concept>
    <code value="ebc" />
  </concept>
  <concept>
    <code value="acb" />
  </concept>
  <concept>
    <code value="wbk" />
  </concept>
  <concept>
    <code value="pkv" />
  </concept>
  <concept>
    <code value="rsv" />
  </concept>
  <concept>
    <code value="ast" />
  </concept>
  <concept>
    <code value="bob" />
  </concept>
  <concept>
    <code value="clt" />
  </concept>
  <concept>
    <code value="cym" />
  </concept>
  <concept>
    <code value="eah" />
  </concept>
  <concept>
    <code value="etv" />
  </concept>
  <concept>
    <code value="gbs" />
  </concept>
  <concept>
    <code value="mpm" />
  </concept>
  <concept>
    <code value="pin" />
  </concept>
  <concept>
    <code value="pvb" />
  </concept>
  <concept>
    <code value="spy" />
  </concept>
  <concept>
    <code value="ade" />
  </concept>
  <concept>
    <code value="cau" />
  </concept>
  <concept>
    <code value="pla" />
  </concept>
	<concept>
		<code value="cdf"/>
	</concept>
	<concept>
		<code value="cjk"/>
	</concept>
	<concept>
		<code value="hus"/>
	</concept>
	<concept>
		<code value="hxx"/>
	</concept>
	<concept>
		<code value="izv"/>
	</concept>
	<concept>
		<code value="myb"/>
	</concept>
	<concept>
		<code value="run"/>
	</concept>
	<concept>
		<code value="sxx"/>
	</concept>
	<concept>
		<code value="ttv"/>
	</concept>
	<concept>
		<code value="vzw"/>
	</concept>
	<concept>
		<code value="vzz"/>
	</concept>
	<concept>
		<code value="ssp"/>
	</concept>
	<concept>
		<code value="ncv"/>
	</concept>
</CodeSystem>
