<?xml version="1.0" encoding="utf-8"?>
<ValueSet xmlns="http://hl7.org/fhir">
  <id value="laboratoryTestBOBP" />
  <url value="https://demis.rki.de/fhir/ValueSet/laboratoryTestBOBP" />
  <version value="1.5.0" />
  <name value="LaboratoryTestBOBP" />
  <title value="Labortest für (Lyme-) Borreliose, Borrelia burgdorferi" />
  <status value="active" />
  <experimental value="false" />
  <date value="2025-04-08" />
  <publisher value="Robert Koch-Institut" />
  <contact>
    <telecom>
      <system value="email" />
      <value value="demis-support@rki.de" />
    </telecom>
  </contact>
  <description value="Das ValueSet LaboratoryTestBOBP enthält die Codes der Labortests für (Lyme-) Borreliose, Borrelia burgdorferi." />
  <jurisdiction>
    <coding>
      <system value="urn:iso:std:iso:3166" />
      <version value="ALPHA-2" />
      <code value="DE" />
    </coding>
  </jurisdiction>
  <copyright value="This material contains content from LOINC (http://loinc.org/). LOINC is copyright © 1995-2023, Regenstrief Institute, Inc. and the Logical Observation Identifiers Names and Codes (LOINC) Committee and is available at no cost under the license at http://loinc.org/license. LOINC® is a registered United States trademark of Regenstrief Institute, Inc.&#xD;&#xA;&#xD;&#xA;Dieses Material enthält Inhalte von LOINC (http://loinc.org/). LOINC ist urheberrechtlich geschützt © 1995-2023, Regenstrief Institute, Inc. und das Logical Observation Identifiers Names and Codes (LOINC) Committee und ist unter der Lizenz http://loinc.org/license kostenlos erhältlich. LOINC® ist eine eingetragene US-amerikanische Marke des Regenstrief Institute, Inc.&#xD;&#xA;&#xD;&#xA;Downloadbedingungen für LOINC-Übersetzungen für Anwendungszwecke in Deutschland&#xD;&#xA;Übersetzungen in verschiedenen Sprachen werden von &quot;LOINC® Adopters&quot;, meistens Behörden oder Forschungsinstituten verschiedener Länder, erstellt und an das Regenstrief Institute weitergegeben. Das Copyright für die Übersetzungen liegt beim Regenstrief Institute. Für Deutschland wird die LOINC®-Übersetzung durch das BfArM bereitgestellt. Die Übersetzungen werden durch das Regenstrief Institute als &quot;Linguistic Variants&quot; in den halbjährlichen LOINC®-Releases (Februar und August) veröffentlicht.&#xD;&#xA;&#xD;&#xA;Das Copyright für die Übersetzungen liegt beim Regenstrief Institute, 1101 W 10th St, Indianapolis, IN 46202, USA.&#xD;&#xA;&#xD;&#xA;Mit dem Download von Dateien kommt ein Nutzungsvertrag zwischen Ihnen und dem Regenstrief Institute zustande. Sie verpflichten sich, die unten verlinkten Nutzungs- und Abgabebedingungen für LOINC vom Regenstrief Institute einzuhalten." />
  <compose>
    <include>
      <system value="http://loinc.org" />
      <version value="2.79" />
      <concept>
        <code value="101149-3" />
        <display value="Borrelia burgdorferi IgM-Antikörperindex [Einheiten/Volumen] in Serum und Liquor" />
      </concept>
      <concept>
        <code value="13203-5" />
        <display value="Borrelia burgdorferi IgM-Antikörper [Nachweis] in Liquor mittels Immunoblot" />
      </concept>
      <concept>
        <code value="22135-8" />
        <display value="Borrelia burgdorferi IgM-Antikörper [Nachweis] in Serum" />
      </concept>
      <concept>
        <code value="23833-7" />
        <display value="Borrelia burgdorferi Antikörper-Index [Nachweis] in Serum und Liquor" />
      </concept>
      <concept>
        <code value="41852-5" />
        <display value="Mikroorganismus oder Erreger identifiziert in Probenmaterial" />
      </concept>
      <concept>
        <code value="44020-6" />
        <display value="Borrelia burgdorferi Ab [Presence] in Synovial fluid by Immunoblot" />
      </concept>
      <concept>
        <code value="47304-1" />
        <display value="Borrelia burgdorferi IgG-Antikörperindex [Einheiten/Volumen] in Serum und Liquor" />
      </concept>
      <concept>
        <code value="4991-6" />
        <display value="Borrelia burgdorferi DNA [Nachweis] in Probenmaterial mittels Nukleinsäureamplifikation mit Sondendetektion" />
      </concept>
      <concept>
        <code value="5062-5" />
        <display value="Borrelia burgdorferi IgG-Antikörper [Einheiten/Volumen] in Serum mittels Immunoassay" />
      </concept>
      <concept>
        <code value="5064-1" />
        <display value="Borrelia burgdorferi IgM-Antikörper [Einheiten/Volumen] in Serum mittels Immunoassay" />
      </concept>
      <concept>
        <code value="6320-6" />
        <display value="Borrelia burgdorferi IgG-Antikörper [Nachweis] in Serum mittels Immunoblot" />
      </concept>
      <concept>
        <code value="6321-4" />
        <display value="Borrelia burgdorferi IgM-Antikörper [Nachweis] in Serum mittels Immunoblot" />
      </concept>
      <concept>
        <code value="67823-5" />
        <display value="Borrelia burgdorferi IgG-Banden [#] in Liquor mittels Immunoblot" />
      </concept>
      <concept>
        <code value="67825-0" />
        <display value="Borrelia burgdorferi IgM-Banden [#] in Liquor mittels Immunoblot" />
      </concept>
      <concept>
        <code value="75756-7" />
        <display value="Bakterien identifiziert in Isolat mittels MS.MALDI-TOF" />
      </concept>
      <concept>
        <code value="7817-0" />
        <display value="Borrelia burgdorferi IgG-Antikörper [Einheiten/Volumen] in Serum" />
      </concept>
      <concept>
        <code value="7818-8" />
        <display value="Borrelia burgdorferi IgM-Antikörper [Einheiten/Volumen] in Serum" />
      </concept>
      <concept>
        <code value="90246-0" />
        <display value="Bakterielles Gesamtgenom [Nukleotidsequenz] in Isolat mittels Sequenzierung" />
      </concept>
      <concept>
        <code value="91895-3" />
        <display value="Bakterienstamm [Typ] in Isolat mittels Sequenzierung" />
      </concept>
    </include>
  </compose>
</ValueSet>