<?xml version="1.0" encoding="utf-8"?>
<ValueSet xmlns="http://hl7.org/fhir">
  <id value="laboratoryTestHDVP" />
  <url value="https://demis.rki.de/fhir/ValueSet/laboratoryTestHDVP" />
  <version value="1.6.0" />
  <name value="LaboratoryTestHDVP" />
  <title value="Labortest für Hepatitis-D-Virus; Meldepflicht für alle Nachweise" />
  <status value="active" />
  <experimental value="false" />
  <date value="2025-04-08" />
  <publisher value="Robert Koch-Institut" />
  <contact>
    <telecom>
      <system value="email" />
      <value value="demis-support@rki.de" />
    </telecom>
  </contact>
  <description value="Das ValueSet LaboratoryTestHDVP enthält die Codes der Labortests für Hepatitis-D-Virus; Meldepflicht für alle Nachweise." />
  <jurisdiction>
    <coding>
      <system value="urn:iso:std:iso:3166" />
      <version value="ALPHA-2" />
      <code value="DE" />
    </coding>
  </jurisdiction>
  <copyright value="This material contains content from LOINC (http://loinc.org/). LOINC is copyright © 1995-2023, Regenstrief Institute, Inc. and the Logical Observation Identifiers Names and Codes (LOINC) Committee and is available at no cost under the license at http://loinc.org/license. LOINC® is a registered United States trademark of Regenstrief Institute, Inc.&#xD;&#xA;&#xD;&#xA;Dieses Material enthält Inhalte von LOINC (http://loinc.org/). LOINC ist urheberrechtlich geschützt © 1995-2023, Regenstrief Institute, Inc. und das Logical Observation Identifiers Names and Codes (LOINC) Committee und ist unter der Lizenz http://loinc.org/license kostenlos erhältlich. LOINC® ist eine eingetragene US-amerikanische Marke des Regenstrief Institute, Inc.&#xD;&#xA;&#xD;&#xA;Downloadbedingungen für LOINC-Übersetzungen für Anwendungszwecke in Deutschland&#xD;&#xA;Übersetzungen in verschiedenen Sprachen werden von &quot;LOINC® Adopters&quot;, meistens Behörden oder Forschungsinstituten verschiedener Länder, erstellt und an das Regenstrief Institute weitergegeben. Das Copyright für die Übersetzungen liegt beim Regenstrief Institute. Für Deutschland wird die LOINC®-Übersetzung durch das BfArM bereitgestellt. Die Übersetzungen werden durch das Regenstrief Institute als &quot;Linguistic Variants&quot; in den halbjährlichen LOINC®-Releases (Februar und August) veröffentlicht.&#xD;&#xA;&#xD;&#xA;Das Copyright für die Übersetzungen liegt beim Regenstrief Institute, 1101 W 10th St, Indianapolis, IN 46202, USA.&#xD;&#xA;&#xD;&#xA;Mit dem Download von Dateien kommt ein Nutzungsvertrag zwischen Ihnen und dem Regenstrief Institute zustande. Sie verpflichten sich, die unten verlinkten Nutzungs- und Abgabebedingungen für LOINC vom Regenstrief Institute einzuhalten." />
  <compose>
    <include>
      <system value="http://loinc.org" />
      <version value="2.79" />
      <concept>
        <code value="10735-9" />
        <display value="Viral sequencing [Identifier] in Serum by Sequencing" />
      </concept>
      <concept>
        <code value="13248-0" />
        <display value="Hepatitis-D-Virus Antikörper [Nachweis] in Serum" />
      </concept>
      <concept>
        <code value="22330-5" />
        <display value="Hepatitis-D-Virus Antikörper [Einheiten/Volumen] in Serum" />
      </concept>
      <concept>
        <code value="33464-9" />
        <display value="Hepatitis-D-Virus Antigen [Nachweis] in Serum" />
      </concept>
      <concept>
        <code value="40727-0" />
        <display value="Hepatitis-D-Virus Antikörper [Nachweis] in Serum mittels Immunoassay" />
      </concept>
      <concept>
        <code value="41852-5" />
        <display value="Mikroorganismus oder Erreger identifiziert in Probenmaterial" />
      </concept>
      <concept>
        <code value="72606-7" />
        <display value="Hepatitis-D-Virus Genotyp [Nachweis oder Identität] in Probenmaterial mittels Nukleinsäureamplifikation mit Sondendetektion" />
      </concept>
      <concept>
        <code value="7906-1" />
        <display value="Hepatitis-D-Virus RNA [Nachweis] in Serum mittels Nukleinsäureamplifikation mit Sondendetektion" />
      </concept>
      <concept>
        <code value="80426-0" />
        <display value="Hepatitis-D-Virus RNA [#/Volumen] (Viruslast) in Serum oder Plasma mittels Nukleinsäureamplifikation mit Sondendetektion" />
      </concept>
      <concept>
        <code value="85512-2" />
        <display value="Hepatitis-D-Virus RNA [Einheiten/Volumen] (Viruslast) in Serum oder Plasma mittels Nukleinsäureamplifikation mit Sondendetektion" />
      </concept>
    </include>
  </compose>
</ValueSet>