<?xml version="1.0" encoding="utf-8"?>
<ValueSet xmlns="http://hl7.org/fhir">
  <id value="material" />
  <url value="https://demis.rki.de/fhir/ValueSet/material" />
  <version value="2.1.0" />
  <name value="Material" />
  <title value="Material" />
  <status value="active" />
  <experimental value="false" />
  <date value="2025-04-08" />
  <publisher value="Robert Koch-Institut" />
  <contact>
    <telecom>
      <system value="email" />
      <value value="demis-support@rki.de" />
    </telecom>
  </contact>
  <description value="Das ValueSet Material enthält die Codes der Materialien." />
  <jurisdiction>
    <coding>
      <system value="urn:iso:std:iso:3166" />
      <version value="ALPHA-2" />
      <code value="DE" />
    </coding>
  </jurisdiction>
  <compose>
    <include>
      <valueSet value="https://demis.rki.de/fhir/ValueSet/materialABVP" />
    </include>
    <include>
      <valueSet value="https://demis.rki.de/fhir/ValueSet/materialACBP" />
    </include>
    <include>
      <valueSet value="https://demis.rki.de/fhir/ValueSet/materialADEP" />
    </include>
    <include>
      <valueSet value="https://demis.rki.de/fhir/ValueSet/materialADVP" />
    </include>
    <include>
      <valueSet value="https://demis.rki.de/fhir/ValueSet/materialASTP" />
    </include>
    <include>
      <valueSet value="https://demis.rki.de/fhir/ValueSet/materialBANP" />
    </include>
    <include>
      <valueSet value="https://demis.rki.de/fhir/ValueSet/materialBOBP" />
    </include>
    <include>
      <valueSet value="https://demis.rki.de/fhir/ValueSet/materialBORP" />
    </include>
    <include>
      <valueSet value="https://demis.rki.de/fhir/ValueSet/materialBOVP" />
    </include>
    <include>
      <valueSet value="https://demis.rki.de/fhir/ValueSet/materialBPSP" />
    </include>
    <include>
      <valueSet value="https://demis.rki.de/fhir/ValueSet/materialBRUP" />
    </include>
    <include>
      <valueSet value="https://demis.rki.de/fhir/ValueSet/materialCAMP" />
    </include>
    <include>
      <valueSet value="https://demis.rki.de/fhir/ValueSet/materialCAUP" />
    </include>
    <include>
      <valueSet value="https://demis.rki.de/fhir/ValueSet/materialCHLP" />
    </include>
    <include>
      <valueSet value="https://demis.rki.de/fhir/ValueSet/materialCKVP" />
    </include>
    <include>
      <valueSet value="https://demis.rki.de/fhir/ValueSet/materialCLOP" />
    </include>
    <include>
      <valueSet value="https://demis.rki.de/fhir/ValueSet/materialCLTP" />
    </include>
    <include>
      <valueSet value="https://demis.rki.de/fhir/ValueSet/materialCORP" />
    </include>
    <include>
      <valueSet value="https://demis.rki.de/fhir/ValueSet/materialCOXP" />
    </include>
    <include>
      <valueSet value="https://demis.rki.de/fhir/ValueSet/materialCRYP" />
    </include>
    <include>
      <valueSet value="https://demis.rki.de/fhir/ValueSet/materialCVDP" />
    </include>
    <include>
      <valueSet value="https://demis.rki.de/fhir/ValueSet/materialCVSP" />
    </include>
    <include>
      <valueSet value="https://demis.rki.de/fhir/ValueSet/materialCYMP" />
    </include>
    <include>
      <valueSet value="https://demis.rki.de/fhir/ValueSet/materialDENP" />
    </include>
    <include>
      <valueSet value="https://demis.rki.de/fhir/ValueSet/materialEAHP" />
    </include>
    <include>
      <valueSet value="https://demis.rki.de/fhir/ValueSet/materialEBCP" />
    </include>
    <include>
      <valueSet value="https://demis.rki.de/fhir/ValueSet/materialEBVP" />
    </include>
    <include>
      <valueSet value="https://demis.rki.de/fhir/ValueSet/materialECOP" />
    </include>
    <include>
      <valueSet value="https://demis.rki.de/fhir/ValueSet/materialEHCP" />
    </include>
    <include>
      <valueSet value="https://demis.rki.de/fhir/ValueSet/materialETVP" />
    </include>
    <include>
      <valueSet value="https://demis.rki.de/fhir/ValueSet/materialFRTP" />
    </include>
    <include>
      <valueSet value="https://demis.rki.de/fhir/ValueSet/materialFSVP" />
    </include>
    <include>
      <valueSet value="https://demis.rki.de/fhir/ValueSet/materialGBSP" />
    </include>
    <include>
      <valueSet value="https://demis.rki.de/fhir/ValueSet/materialGFVP" />
    </include>
    <include>
      <valueSet value="https://demis.rki.de/fhir/ValueSet/materialGILP" />
    </include>
    <include>
      <valueSet value="https://demis.rki.de/fhir/ValueSet/materialHAVP" />
    </include>
    <include>
      <valueSet value="https://demis.rki.de/fhir/ValueSet/materialHBVP" />
    </include>
    <include>
      <valueSet value="https://demis.rki.de/fhir/ValueSet/materialHCVP" />
    </include>
    <include>
      <valueSet value="https://demis.rki.de/fhir/ValueSet/materialHDVP" />
    </include>
    <include>
      <valueSet value="https://demis.rki.de/fhir/ValueSet/materialHEVP" />
    </include>
    <include>
      <valueSet value="https://demis.rki.de/fhir/ValueSet/materialHFAP" />
    </include>
    <include>
      <valueSet value="https://demis.rki.de/fhir/ValueSet/materialHINP" />
    </include>
    <include>
      <valueSet value="https://demis.rki.de/fhir/ValueSet/materialHTVP" />
    </include>
    <include>
      <valueSet value="https://demis.rki.de/fhir/ValueSet/materialINVP" />
    </include>
    <include>
      <valueSet value="https://demis.rki.de/fhir/ValueSet/materialLEGP" />
    </include>
    <include>
      <valueSet value="https://demis.rki.de/fhir/ValueSet/materialLEPP" />
    </include>
    <include>
      <valueSet value="https://demis.rki.de/fhir/ValueSet/materialLISP" />
    </include>
    <include>
      <valueSet value="https://demis.rki.de/fhir/ValueSet/materialLSVP" />
    </include>
    <include>
      <valueSet value="https://demis.rki.de/fhir/ValueSet/materialMBVP" />
    </include>
    <include>
      <valueSet value="https://demis.rki.de/fhir/ValueSet/materialMPMP" />
    </include>
    <include>
      <valueSet value="https://demis.rki.de/fhir/ValueSet/materialMPVP" />
    </include>
    <include>
      <valueSet value="https://demis.rki.de/fhir/ValueSet/materialMPXP" />
    </include>
    <include>
      <valueSet value="https://demis.rki.de/fhir/ValueSet/materialMRAP" />
    </include>
    <include>
      <valueSet value="https://demis.rki.de/fhir/ValueSet/materialMRSP" />
    </include>
    <include>
      <valueSet value="https://demis.rki.de/fhir/ValueSet/materialMSVP" />
    </include>
    <include>
      <valueSet value="https://demis.rki.de/fhir/ValueSet/materialMYLP" />
    </include>
    <include>
      <valueSet value="https://demis.rki.de/fhir/ValueSet/materialMYTP" />
    </include>
    <include>
      <valueSet value="https://demis.rki.de/fhir/ValueSet/materialNCVP" />
    </include>
    <include>
      <valueSet value="https://demis.rki.de/fhir/ValueSet/materialNEIP" />
    </include>
    <include>
      <valueSet value="https://demis.rki.de/fhir/ValueSet/materialNOVP" />
    </include>
    <include>
      <valueSet value="https://demis.rki.de/fhir/ValueSet/materialOPXP" />
    </include>
    <include>
      <valueSet value="https://demis.rki.de/fhir/ValueSet/materialPINP" />
    </include>
    <include>
      <valueSet value="https://demis.rki.de/fhir/ValueSet/materialPKVP" />
    </include>
    <include>
      <valueSet value="https://demis.rki.de/fhir/ValueSet/materialPLAP" />
    </include>
    <include>
      <valueSet value="https://demis.rki.de/fhir/ValueSet/materialPOVP" />
    </include>
    <include>
      <valueSet value="https://demis.rki.de/fhir/ValueSet/materialPVBP" />
    </include>
    <include>
      <valueSet value="https://demis.rki.de/fhir/ValueSet/materialRBVP" />
    </include>
    <include>
      <valueSet value="https://demis.rki.de/fhir/ValueSet/materialRICP" />
    </include>
    <include>
      <valueSet value="https://demis.rki.de/fhir/ValueSet/materialRSVP" />
    </include>
    <include>
      <valueSet value="https://demis.rki.de/fhir/ValueSet/materialRTVP" />
    </include>
    <include>
      <valueSet value="https://demis.rki.de/fhir/ValueSet/materialRUVP" />
    </include>
    <include>
      <valueSet value="https://demis.rki.de/fhir/ValueSet/materialSALP" />
    </include>
    <include>
      <valueSet value="https://demis.rki.de/fhir/ValueSet/materialSHIP" />
    </include>
    <include>
      <valueSet value="https://demis.rki.de/fhir/ValueSet/materialSPAP" />
    </include>
    <include>
      <valueSet value="https://demis.rki.de/fhir/ValueSet/materialSPNP" />
    </include>
    <include>
      <valueSet value="https://demis.rki.de/fhir/ValueSet/materialSPYP" />
    </include>
    <include>
      <valueSet value="https://demis.rki.de/fhir/ValueSet/materialSTYP" />
    </include>
    <include>
      <valueSet value="https://demis.rki.de/fhir/ValueSet/materialTRIP" />
    </include>
    <include>
      <valueSet value="https://demis.rki.de/fhir/ValueSet/materialVCHP" />
    </include>
    <include>
      <valueSet value="https://demis.rki.de/fhir/ValueSet/materialVZVP" />
    </include>
    <include>
      <valueSet value="https://demis.rki.de/fhir/ValueSet/materialWBKP" />
    </include>
    <include>
      <valueSet value="https://demis.rki.de/fhir/ValueSet/materialWNVP" />
    </include>
    <include>
      <valueSet value="https://demis.rki.de/fhir/ValueSet/materialYENP" />
    </include>
    <include>
      <valueSet value="https://demis.rki.de/fhir/ValueSet/materialYPSP" />
    </include>
    <include>
      <valueSet value="https://demis.rki.de/fhir/ValueSet/materialZKVP" />
    </include>
  </compose>
</ValueSet>