<?xml version="1.0" encoding="utf-8"?>
<ValueSet xmlns="http://hl7.org/fhir">
  <id value="laboratoryTestHCVP" />
  <url value="https://demis.rki.de/fhir/ValueSet/laboratoryTestHCVP" />
  <version value="1.6.0" />
  <name value="LaboratoryTestHCVP" />
  <title value="Labortest für Hepatitis-C-Virus; Meldepflicht für alle Nachweise" />
  <status value="active" />
  <experimental value="false" />
  <date value="2025-04-08" />
  <publisher value="Robert Koch-Institut" />
  <contact>
    <telecom>
      <system value="email" />
      <value value="demis-support@rki.de" />
    </telecom>
  </contact>
  <description value="Das ValueSet LaboratoryTestHCVP enthält die Codes der Labortests für Hepatitis-C-Virus; Meldepflicht für alle Nachweise." />
  <jurisdiction>
    <coding>
      <system value="urn:iso:std:iso:3166" />
      <version value="ALPHA-2" />
      <code value="DE" />
    </coding>
  </jurisdiction>
  <copyright value="This material contains content from LOINC (http://loinc.org/). LOINC is copyright © 1995-2023, Regenstrief Institute, Inc. and the Logical Observation Identifiers Names and Codes (LOINC) Committee and is available at no cost under the license at http://loinc.org/license. LOINC® is a registered United States trademark of Regenstrief Institute, Inc.&#xD;&#xA;&#xD;&#xA;Dieses Material enthält Inhalte von LOINC (http://loinc.org/). LOINC ist urheberrechtlich geschützt © 1995-2023, Regenstrief Institute, Inc. und das Logical Observation Identifiers Names and Codes (LOINC) Committee und ist unter der Lizenz http://loinc.org/license kostenlos erhältlich. LOINC® ist eine eingetragene US-amerikanische Marke des Regenstrief Institute, Inc.&#xD;&#xA;&#xD;&#xA;Downloadbedingungen für LOINC-Übersetzungen für Anwendungszwecke in Deutschland&#xD;&#xA;Übersetzungen in verschiedenen Sprachen werden von &quot;LOINC® Adopters&quot;, meistens Behörden oder Forschungsinstituten verschiedener Länder, erstellt und an das Regenstrief Institute weitergegeben. Das Copyright für die Übersetzungen liegt beim Regenstrief Institute. Für Deutschland wird die LOINC®-Übersetzung durch das BfArM bereitgestellt. Die Übersetzungen werden durch das Regenstrief Institute als &quot;Linguistic Variants&quot; in den halbjährlichen LOINC®-Releases (Februar und August) veröffentlicht.&#xD;&#xA;&#xD;&#xA;Das Copyright für die Übersetzungen liegt beim Regenstrief Institute, 1101 W 10th St, Indianapolis, IN 46202, USA.&#xD;&#xA;&#xD;&#xA;Mit dem Download von Dateien kommt ein Nutzungsvertrag zwischen Ihnen und dem Regenstrief Institute zustande. Sie verpflichten sich, die unten verlinkten Nutzungs- und Abgabebedingungen für LOINC vom Regenstrief Institute einzuhalten." />
  <compose>
    <include>
      <system value="http://loinc.org" />
      <version value="2.79" />
      <concept>
        <code value="11011-4" />
        <display value="Hepatitis-C-Virus RNA [Einheiten/Volumen] (Viruslast) in Serum oder Plasma mittels Nukleinsäureamplifikation mit Sondendetektion" />
      </concept>
      <concept>
        <code value="11259-9" />
        <display value="Hepatitis-C-Virus RNA [Nachweis] in Serum oder Plasma mittels Nukleinsäureamplifikation mit Sondendetektion" />
      </concept>
      <concept>
        <code value="13955-0" />
        <display value="Hepatitis-C-Virus Antikörper [Nachweis] in Serum oder Plasma mittels Immunoassay" />
      </concept>
      <concept>
        <code value="16128-1" />
        <display value="Hepatitis-C-Virus Antikörper [Nachweis] in Serum" />
      </concept>
      <concept>
        <code value="16129-9" />
        <display value="Hepatitis-C-Virus IgG-Antikörper [Nachweis] in Serum" />
      </concept>
      <concept>
        <code value="16936-7" />
        <display value="Hepatitis-C-Virus IgG-Antikörper [Einheiten/Volumen] in Serum" />
      </concept>
      <concept>
        <code value="20416-4" />
        <display value="Hepatitis-C-Virus RNA [#/Volumen] (Viruslast) in Serum oder Plasma mittels Nukleinsäureamplifikation mit Sondendetektion" />
      </concept>
      <concept>
        <code value="22327-1" />
        <display value="Hepatitis-C-Virus Antikörper [Einheiten/Volumen] in Serum" />
      </concept>
      <concept>
        <code value="24011-9" />
        <display value="Hepatitis-C-Virus Antikörper-Bandenmuster [Interpretation] in Serum mittels Immunoblot" />
      </concept>
      <concept>
        <code value="32286-7" />
        <display value="Hepatitis-C-Virus Genotyp [Nachweis oder Identität] in Serum oder Plasma mittels Nukleinsäureamplifikation mit Sondendetektion" />
      </concept>
      <concept>
        <code value="33462-3" />
        <display value="Hepatitis-C-Virus IgG-Antikörper [Nachweis] in Serum mittels Immunoblot" />
      </concept>
      <concept>
        <code value="34162-8" />
        <display value="Hepatitis-C-Virus IgG-Bandenmuster [Interpretation] in Serum mittels Immunoblot" />
      </concept>
      <concept>
        <code value="40726-2" />
        <display value="Hepatitis-C-Virus IgG-Antikörper [Nachweis] in Serum oder Plasma mittels Immunoassay" />
      </concept>
      <concept>
        <code value="41852-5" />
        <display value="Mikroorganismus oder Erreger identifiziert in Probenmaterial" />
      </concept>
      <concept>
        <code value="48575-5" />
        <display value="Hepatitis-C-Virus Genotyp [Nachweis oder Identität] in Probenmaterial mittels Nukleinsäureamplifikation mit Sondendetektion" />
      </concept>
      <concept>
        <code value="49376-7" />
        <display value="Hepatitis-C-Virus RNA [Einheiten/Volumen] (Viruslast) in Probenmaterial mittels Nukleinsäureamplifikation mit Sondendetektion" />
      </concept>
      <concept>
        <code value="49380-9" />
        <display value="Hepatitis-C-Virus RNA [#/Volumen] (Viruslast) in Probenmaterial mittels Nukleinsäureamplifikation mit Sondendetektion" />
      </concept>
      <concept>
        <code value="5010-4" />
        <display value="Hepatitis-C-Virus RNA [Nachweis] in Blut mittels Nukleinsäureamplifikation mit Sondendetektion" />
      </concept>
      <concept>
        <code value="5012-0" />
        <display value="Hepatitis-C-Virus RNA [Nachweis] in Probenmaterial mittels Nukleinsäureamplifikation mit Sondendetektion" />
      </concept>
      <concept>
        <code value="5199-5" />
        <display value="Hepatitis-C-Virus Antikörper [Nachweis] in Serum mittels Immunoblot" />
      </concept>
      <concept>
        <code value="53376-0" />
        <display value="Hepatitis-C-Virus IgM-Antikörper [Einheiten/Volumen] in Serum" />
      </concept>
      <concept>
        <code value="54914-7" />
        <display value="Hepatitis-C-Virus Core Antigen [Einheiten/Volumen] in Serum mittels Immunoassay" />
      </concept>
      <concept>
        <code value="79189-7" />
        <display value="Hepatitis-C-Virus Core Antigen [Nachweis] in Serum oder Plasma mittels Immunoassay" />
      </concept>
      <concept>
        <code value="82512-5" />
        <display value="Hepatitis-C-Virus Genotyp 1 [Typ] in Serum oder Plasma mittels Nukleinsäureamplifikation mit Sondendetektion" />
      </concept>
      <concept>
        <code value="82513-3" />
        <display value="Hepatitis-C-Virus Genotyp 3 [Nachweis] in Serum oder Plasma mittels Nukleinsäureamplifikation mit Sondendetektion" />
      </concept>
      <concept>
        <code value="92731-9" />
        <display value="Hepatitis-C-Virus Genotyp in Serum oder Plasma mittels Sequenzierung" />
      </concept>
    </include>
  </compose>
</ValueSet>