<?xml version="1.0" encoding="utf-8"?>
<StructureDefinition xmlns="http://hl7.org/fhir">
  <id value="NotificationSequence" />
  <url value="https://demis.rki.de/fhir/igs/StructureDefinition/NotificationSequence" />
  <version value="2.0.2" />
  <name value="NotificationSequence" />
  <title value="Sequenzmeldung" />
  <status value="active" />
  <date value="2025-07-22" />
  <description value="Die Sequenzmeldung definiert die Inhalte (Sequenzmetadaten, Einsenderinformationen, etc.), die von Laboren an das RKI übermittelt werden müssen. In der Sequenzmeldung muss ein Sequenz-Laborbericht referenziert werden." />
  <fhirVersion value="4.0.1" />
  <kind value="resource" />
  <abstract value="false" />
  <type value="Composition" />
  <baseDefinition value="https://demis.rki.de/fhir/StructureDefinition/Notification" />
  <derivation value="constraint" />
  <differential>
    <element id="Composition.meta">
      <path value="Composition.meta" />
      <min value="1" />
      <mustSupport value="true" />
    </element>
    <element id="Composition.meta.profile">
      <path value="Composition.meta.profile" />
      <min value="1" />
      <max value="1" />
      <fixedCanonical value="https://demis.rki.de/fhir/igs/StructureDefinition/NotificationSequence" />
      <mustSupport value="true" />
    </element>
    <element id="Composition.contained">
      <path value="Composition.contained" />
      <max value="0" />
    </element>
    <element id="Composition.type">
      <path value="Composition.type" />
      <definition value="Typ der Composition. In DEMIS ist der Typ immer mit dem Wert 34782-3 (Infectious disease Note) aus dem entsprechend hinterlegten LOINC-ValueSet zu belegen." />
    </element>
    <element id="Composition.type.coding">
      <path value="Composition.type.coding" />
      <min value="1" />
      <max value="1" />
      <patternCoding>
        <system value="http://loinc.org" />
        <code value="34782-3" />
        <display value="Infectious disease Note" />
      </patternCoding>
      <mustSupport value="true" />
    </element>
    <element id="Composition.category">
      <path value="Composition.category" />
      <short value="Art der Meldung" />
      <definition value="Art der Meldung. Für die IGS-Meldung ist category mit dem LOINC-Code &quot;Laboratory report&quot; im coding zu belegen." />
      <min value="1" />
      <max value="1" />
      <mustSupport value="true" />
    </element>
    <element id="Composition.category.coding">
      <path value="Composition.category.coding" />
      <min value="1" />
      <max value="1" />
      <patternCoding>
        <system value="http://loinc.org" />
        <code value="11502-2" />
        <display value="Laboratory report" />
      </patternCoding>
      <mustSupport value="true" />
    </element>
    <element id="Composition.subject">
      <path value="Composition.subject" />
      <short value="Verweis auf die betroffene Person (anonym)." />
      <definition value="Verweis auf die betroffene Person (anonym)." />
      <min value="1" />
      <type>
        <code value="Reference" />
        <targetProfile value="https://demis.rki.de/fhir/StructureDefinition/NotifiedPersonAnonymous" />
        <aggregation value="bundled" />
      </type>
      <mustSupport value="true" />
    </element>
    <element id="Composition.subject.reference">
      <path value="Composition.subject.reference" />
      <min value="1" />
      <mustSupport value="true" />
    </element>
    <element id="Composition.relatesTo">
      <path value="Composition.relatesTo" />
      <short value="Verweis auf die vorangegangene Meldung an das Gesundheitsamt" />
      <definition value="Es muss die vorangegangene Meldung an das Gesundheitsamt referenziert werden. Dazu wird die vom einsendenden Labor generierete, eindeutige UUID, die im Meldevorgang 1 (erste Meldung an das Gesundheitsamt) als MeldungsID (NotificationID) verwendet wurde, im relatesTo-Identifier angegeben." />
      <min value="1" />
    </element>
    <element id="Composition.section">
      <path value="Composition.section" />
      <slicing>
        <discriminator>
          <type value="pattern" />
          <path value="code.coding" />
        </discriminator>
        <rules value="closed" />
      </slicing>
    </element>
    <element id="Composition.section:laboratoryReport">
      <path value="Composition.section" />
      <sliceName value="laboratoryReport" />
      <short value="Enthält einen Verweis auf einen Sequenz-Laborbericht" />
      <definition value="Enthält einen Verweis auf einen Sequenz-Laborbericht" />
      <min value="1" />
      <max value="1" />
      <mustSupport value="true" />
    </element>
    <element id="Composition.section:laboratoryReport.code">
      <path value="Composition.section.code" />
      <min value="1" />
      <mustSupport value="true" />
    </element>
    <element id="Composition.section:laboratoryReport.code.coding">
      <path value="Composition.section.code.coding" />
      <min value="1" />
      <max value="1" />
      <patternCoding>
        <system value="http://loinc.org" />
        <code value="11502-2" />
        <display value="Laboratory report" />
      </patternCoding>
      <mustSupport value="true" />
    </element>
    <element id="Composition.section:laboratoryReport.entry">
      <path value="Composition.section.entry" />
      <min value="1" />
      <max value="1" />
      <type>
        <code value="Reference" />
        <targetProfile value="https://demis.rki.de/fhir/igs/StructureDefinition/LaboratoryReportSequence" />
        <aggregation value="bundled" />
      </type>
      <mustSupport value="true" />
    </element>
    <element id="Composition.section:laboratoryReport.entry.reference">
      <path value="Composition.section.entry.reference" />
      <min value="1" />
      <mustSupport value="true" />
    </element>
    <element id="Composition.section:laboratoryReport.section">
      <path value="Composition.section.section" />
      <contentReference value="http://hl7.org/fhir/StructureDefinition/Composition#Composition.section" />
    </element>
  </differential>
</StructureDefinition>