<?xml version="1.0" encoding="UTF-8"?>
<ValueSet xmlns="http://hl7.org/fhir">
  <id value="sequencingStrategy" />
  <url value="https://demis.rki.de/fhir/ValueSet/sequencingStrategy" />
  <version value="1.1.0" />
  <name value="SequencingStrategy" />
  <title value="Sequenzierungsstrategie" />
  <status value="active" />
  <experimental value="false" />
  <date value="2023-12-28" />
  <publisher value="Robert Koch-Institut" />
  <description value="Das ValueSet SequencingStrategy enthält die Codes der Sequenzierstrategien (angelehnt an ENA)." />
  <compose>
    <include>
      <system value="https://demis.rki.de/fhir/CodeSystem/sequencingStrategy" />
      <version value="1.1.0" />
    </include>
  </compose>
</ValueSet>
