<?xml version="1.0" encoding="UTF-8"?>
<ValueSet xmlns="http://hl7.org/fhir">
  <id value="sequencingPlatform" />
  <url value="https://demis.rki.de/fhir/ValueSet/sequencingPlatform" />
  <version value="1.1.0" />
  <name value="SequencingPlatform" />
  <title value="Sequenzierungsplattform" />
  <status value="active" />
  <experimental value="false" />
  <date value="2023-12-28" />
  <publisher value="Robert Koch-Institut" />
  <description value="Das ValueSet SequencingPlatform enthält die Codes der Sequenzierungsplattformen (angelehnt an ENA)." />
  <compose>
    <include>
      <system value="https://demis.rki.de/fhir/CodeSystem/sequencingPlatform" />
      <version value="1.1.0" />
    </include>
  </compose>
</ValueSet>
