<?xml version="1.0" encoding="UTF-8"?>
<ValueSet xmlns="http://hl7.org/fhir">
  <id value="repositoryName" />
  <url value="https://demis.rki.de/fhir/ValueSet/repositoryName" />
  <version value="1.1.0" />
  <name value="RepositoryName" />
  <title value="Name des Repository" />
  <status value="active" />
  <experimental value="false" />
  <date value="2023-12-28" />
  <publisher value="Robert Koch-Institut" />
  <description value="Das ValueSet RepositoryName enthält die Codes der Namen der Online-Datenbanken (Repositories)." />
  <compose>
    <include>
      <system value="https://demis.rki.de/fhir/CodeSystem/repositoryName" />
      <version value="1.1.0" />
    </include>
  </compose>
</ValueSet>
