<?xml version="1.0" encoding="utf-8"?>
<StructureDefinition xmlns="http://hl7.org/fhir">
  <id value="SequenceDocument" />
  <url value="https://demis.rki.de/fhir/igs/StructureDefinition/SequenceDocument" />
  <version value="2.0.0" />
  <name value="SequenceDocument" />
  <title value="Sequenz-Dokument" />
  <status value="draft" />
  <date value="2024-07-24" />
  <description value="Das SequenceDocument referenziert die Sequenzdaten im FASTA oder FASTQ Format." />
  <fhirVersion value="4.0.1" />
  <kind value="resource" />
  <abstract value="false" />
  <type value="DocumentReference" />
  <baseDefinition value="http://hl7.org/fhir/StructureDefinition/DocumentReference" />
  <derivation value="constraint" />
  <differential>
    <element id="DocumentReference.meta">
      <path value="DocumentReference.meta" />
      <min value="1" />
      <mustSupport value="true" />
    </element>
    <element id="DocumentReference.meta.profile">
      <path value="DocumentReference.meta.profile" />
      <min value="1" />
      <max value="1" />
      <fixedCanonical value="https://demis.rki.de/fhir/igs/StructureDefinition/SequenceDocument" />
      <mustSupport value="true" />
    </element>
    <element id="DocumentReference.type">
      <path value="DocumentReference.type" />
      <short value="Art des Dokumentes" />
      <definition value="Art des Dokumentes. Der Typ ist grundsätzlich mit dem SNOMED-Code „Molecular sequence data (finding)“ zu belegen." />
      <min value="1" />
      <mustSupport value="true" />
    </element>
    <element id="DocumentReference.type.coding">
      <path value="DocumentReference.type.coding" />
      <min value="1" />
      <max value="1" />
      <patternCoding>
        <system value="http://snomed.info/sct" />
        <code value="41482005" />
        <display value="Molecular sequence data (finding)" />
      </patternCoding>
      <mustSupport value="true" />
    </element>
    <element id="DocumentReference.content">
      <path value="DocumentReference.content" />
      <short value="Sequenz" />
      <definition value="Sequenz." />
      <max value="1" />
      <mustSupport value="true" />
    </element>
    <element id="DocumentReference.content.attachment">
      <path value="DocumentReference.content.attachment" />
      <short value="Referenz auf die Sequenz" />
      <definition value="Referenz auf die Sequenz." />
      <mustSupport value="true" />
    </element>
    <element id="DocumentReference.content.attachment.contentType">
      <path value="DocumentReference.content.attachment.contentType" />
      <short value="Format der Sequenz" />
      <definition value="Format der Sequenz. Das jeweils zutreffende Format muss entsprechend dem vorgegebenen ValueSet https://demis.rki.de/fhir/igs/ValueSet/contentType angegeben werden." />
      <min value="1" />
      <mustSupport value="true" />
      <binding>
        <strength value="required" />
        <valueSet value="https://demis.rki.de/fhir/igs/ValueSet/contentType" />
      </binding>
    </element>
    <element id="DocumentReference.content.attachment.data">
      <path value="DocumentReference.content.attachment.data" />
      <max value="0" />
    </element>
    <element id="DocumentReference.content.attachment.title">
      <path value="DocumentReference.content.attachment.title" />
      <short value="Dateiname" />
      <definition value="Name der Datei, die mit dieser Sequenz verbunden ist." />
      <min value="1" />
      <mustSupport value="true" />
    </element>
  </differential>
</StructureDefinition>
