<?xml version="1.0" encoding="utf-8"?>
<ValueSet xmlns="http://hl7.org/fhir">
  <id value="laboratoryTestCHLP" />
  <url value="https://demis.rki.de/fhir/ValueSet/laboratoryTestCHLP" />
  <version value="1.5.0" />
  <name value="LaboratoryTestCHLP" />
  <title value="Labortest für Chlamydia psittaci" />
  <status value="active" />
  <experimental value="false" />
  <date value="2024-08-26" />
  <publisher value="Robert Koch-Institut" />
  <description value="Das ValueSet LaboratoryTestCHLP enthält die Codes der Labortests für Chlamydia psittaci." />
  <copyright value="This material contains content from LOINC (http://loinc.org/). LOINC is copyright © 1995-2023, Regenstrief Institute, Inc. and the Logical Observation Identifiers Names and Codes (LOINC) Committee and is available at no cost under the license at http://loinc.org/license. LOINC® is a registered United States trademark of Regenstrief Institute, Inc.&#xD;&#xA;&#xD;&#xA;Dieses Material enthält Inhalte von LOINC (http://loinc.org/). LOINC ist urheberrechtlich geschützt © 1995-2023, Regenstrief Institute, Inc. und das Logical Observation Identifiers Names and Codes (LOINC) Committee und ist unter der Lizenz http://loinc.org/license kostenlos erhältlich. LOINC® ist eine eingetragene US-amerikanische Marke des Regenstrief Institute, Inc.&#xD;&#xA;&#xD;&#xA;Downloadbedingungen für LOINC-Übersetzungen für Anwendungszwecke in Deutschland&#xD;&#xA;Übersetzungen in verschiedenen Sprachen werden von &quot;LOINC® Adopters&quot;, meistens Behörden oder Forschungsinstituten verschiedener Länder, erstellt und an das Regenstrief Institute weitergegeben. Das Copyright für die Übersetzungen liegt beim Regenstrief Institute. Für Deutschland wird die LOINC®-Übersetzung durch das BfArM bereitgestellt. Die Übersetzungen werden durch das Regenstrief Institute als &quot;Linguistic Variants&quot; in den halbjährlichen LOINC®-Releases (Februar und August) veröffentlicht.&#xD;&#xA;&#xD;&#xA;Das Copyright für die Übersetzungen liegt beim Regenstrief Institute, 1101 W 10th St, Indianapolis, IN 46202, USA.&#xD;&#xA;&#xD;&#xA;Mit dem Download von Dateien kommt ein Nutzungsvertrag zwischen Ihnen und dem Regenstrief Institute zustande. Sie verpflichten sich, die unten verlinkten Nutzungs- und Abgabebedingungen für LOINC vom Regenstrief Institute einzuhalten." />
  <compose>
    <include>
      <system value="http://loinc.org" />
      <version value="2.78" />
      <concept>
        <code value="22178-8" />
        <display value="Chlamydophila psittaci IgA Ab [Titer] in Serum" />
        <designation>
          <language value="de-DE" />
          <use>
            <system value="http://loinc.org" />
            <code value="LONG_COMMON_NAME" />
          </use>
          <value value="Chlamydophila psittaci IgA-Antikörper [Titer] in Serum" />
        </designation>
      </concept>
      <concept>
        <code value="22180-4" />
        <display value="Chlamydophila psittaci IgG Ab [Titer] in Serum" />
        <designation>
          <language value="de-DE" />
          <use>
            <system value="http://loinc.org" />
            <code value="LONG_COMMON_NAME" />
          </use>
          <value value="Chlamydophila psittaci IgG-Antikörper [Titer] in Serum" />
        </designation>
      </concept>
      <concept>
        <code value="22181-2" />
        <display value="Chlamydophila psittaci IgM Ab [Titer] in Serum" />
        <designation>
          <language value="de-DE" />
          <use>
            <system value="http://loinc.org" />
            <code value="LONG_COMMON_NAME" />
          </use>
          <value value="Chlamydophila psittaci IgM-Antikörper [Titer] in Serum" />
        </designation>
      </concept>
      <concept>
        <code value="22992-2" />
        <display value="Chlamydophila psittaci [Presence] in Specimen by Giemsa stain" />
        <designation>
          <language value="de-DE" />
          <use>
            <system value="http://loinc.org" />
            <code value="LONG_COMMON_NAME" />
          </use>
          <value value="Chlamydophila psittaci [Nachweis] in Probenmaterial mittels Giemsa-Färbung" />
        </designation>
      </concept>
      <concept>
        <code value="23001-1" />
        <display value="Chlamydophila psittaci DNA [Presence] in Specimen by NAA with probe detection" />
        <designation>
          <language value="de-DE" />
          <use>
            <system value="http://loinc.org" />
            <code value="LONG_COMMON_NAME" />
          </use>
          <value value="Chlamydophila psittaci DNA [Nachweis] in Probenmaterial mittels Nukleinsäureamplifikation mit Sondendetektion" />
        </designation>
      </concept>
      <concept>
        <code value="31306-4" />
        <display value="Chlamydophila psittaci IgA Ab [Units/volume] in Serum" />
      </concept>
      <concept>
        <code value="41852-5" />
        <display value="Microorganism or agent identified in Specimen" />
        <designation>
          <language value="de-DE" />
          <use>
            <system value="http://loinc.org" />
            <code value="LONG_COMMON_NAME" />
          </use>
          <value value="Mikroorganismus oder Erreger identifiziert in Probenmaterial" />
        </designation>
      </concept>
      <concept>
        <code value="43868-9" />
        <display value="Chlamydophila psittaci IgG Ab [Presence] in Serum" />
      </concept>
      <concept>
        <code value="44977-7" />
        <display value="Chlamydophila psittaci IgM Ab [Presence] in Serum" />
        <designation>
          <language value="de-DE" />
          <use>
            <system value="http://loinc.org" />
            <code value="LONG_COMMON_NAME" />
          </use>
          <value value="Chlamydophila psittaci IgM-Antikörper [Nachweis] in Serum" />
        </designation>
      </concept>
      <concept>
        <code value="44978-5" />
        <display value="Chlamydophila psittaci IgA Ab [Presence] in Serum" />
      </concept>
      <concept>
        <code value="5080-7" />
        <display value="Chlamydophila psittaci IgG Ab [Units/volume] in Serum" />
        <designation>
          <language value="de-DE" />
          <use>
            <system value="http://loinc.org" />
            <code value="LONG_COMMON_NAME" />
          </use>
          <value value="Chlamydophila psittaci IgG-Antikörper [Einheiten/Volumen] in Serum" />
        </designation>
      </concept>
      <concept>
        <code value="5081-5" />
        <display value="Chlamydophila psittaci IgM Ab [Units/volume] in Serum" />
        <designation>
          <language value="de-DE" />
          <use>
            <system value="http://loinc.org" />
            <code value="LONG_COMMON_NAME" />
          </use>
          <value value="Chlamydophila psittaci IgM-Antikörper [Einheiten/Volumen] in Serum" />
        </designation>
      </concept>
      <concept>
        <code value="6915-3" />
        <display value="Chlamydophila psittaci IgA Ab [Titer] in Serum by Immunofluorescence" />
        <designation>
          <language value="de-DE" />
          <use>
            <system value="http://loinc.org" />
            <code value="LONG_COMMON_NAME" />
          </use>
          <value value="Chlamydophila psittaci IgA-Antikörper [Titer] in Serum mittels Immunfluoreszenztest" />
        </designation>
      </concept>
      <concept>
        <code value="6916-1" />
        <display value="Chlamydophila psittaci IgG Ab [Titer] in Serum by Immunofluorescence" />
        <designation>
          <language value="de-DE" />
          <use>
            <system value="http://loinc.org" />
            <code value="LONG_COMMON_NAME" />
          </use>
          <value value="Chlamydophila psittaci IgG-Antikörper [Titer] in Serum mittels Immunfluoreszenztest" />
        </designation>
      </concept>
      <concept>
        <code value="6917-9" />
        <display value="Chlamydophila psittaci IgM Ab [Titer] in Serum by Immunofluorescence" />
        <designation>
          <language value="de-DE" />
          <use>
            <system value="http://loinc.org" />
            <code value="LONG_COMMON_NAME" />
          </use>
          <value value="Chlamydophila psittaci IgM-Antikörper [Titer] in Serum mittels Immunfluoreszenztest" />
        </designation>
      </concept>
      <concept>
        <code value="75756-7" />
        <display value="Bacteria identified in Isolate by MS.MALDI-TOF" />
        <designation>
          <language value="de-DE" />
          <use>
            <system value="http://loinc.org" />
            <code value="LONG_COMMON_NAME" />
          </use>
          <value value="Bakterien identifiziert in Isolat mittels MS.MALDI-TOF" />
        </designation>
      </concept>
    </include>
    <include>
      <valueSet value="https://demis.rki.de/fhir/ValueSet/resistance" />
    </include>
    <include>
      <valueSet value="https://demis.rki.de/fhir/ValueSet/resistanceGene" />
    </include>
  </compose>
</ValueSet>