<?xml version="1.0" encoding="utf-8"?>
<ValueSet xmlns="http://hl7.org/fhir">
  <id value="laboratoryTestINVP" />
  <url value="https://demis.rki.de/fhir/ValueSet/laboratoryTestINVP" />
  <version value="1.9.0" />
  <name value="LaboratoryTestINVP" />
  <title value="Labortest für Influenzavirus; Meldepflicht nur für den direkten Nachweis" />
  <status value="active" />
  <experimental value="false" />
  <date value="2024-08-26" />
  <publisher value="Robert Koch-Institut" />
  <description value="Das ValueSet LaboratoryTestINVP enthält die Codes der Labortests für Influenzavirus; Meldepflicht nur für den direkten Nachweis." />
  <copyright value="This material contains content from LOINC (http://loinc.org/). LOINC is copyright © 1995-2023, Regenstrief Institute, Inc. and the Logical Observation Identifiers Names and Codes (LOINC) Committee and is available at no cost under the license at http://loinc.org/license. LOINC® is a registered United States trademark of Regenstrief Institute, Inc.&#xD;&#xA;&#xD;&#xA;Dieses Material enthält Inhalte von LOINC (http://loinc.org/). LOINC ist urheberrechtlich geschützt © 1995-2023, Regenstrief Institute, Inc. und das Logical Observation Identifiers Names and Codes (LOINC) Committee und ist unter der Lizenz http://loinc.org/license kostenlos erhältlich. LOINC® ist eine eingetragene US-amerikanische Marke des Regenstrief Institute, Inc.&#xD;&#xA;&#xD;&#xA;Downloadbedingungen für LOINC-Übersetzungen für Anwendungszwecke in Deutschland&#xD;&#xA;Übersetzungen in verschiedenen Sprachen werden von &quot;LOINC® Adopters&quot;, meistens Behörden oder Forschungsinstituten verschiedener Länder, erstellt und an das Regenstrief Institute weitergegeben. Das Copyright für die Übersetzungen liegt beim Regenstrief Institute. Für Deutschland wird die LOINC®-Übersetzung durch das BfArM bereitgestellt. Die Übersetzungen werden durch das Regenstrief Institute als &quot;Linguistic Variants&quot; in den halbjährlichen LOINC®-Releases (Februar und August) veröffentlicht.&#xD;&#xA;&#xD;&#xA;Das Copyright für die Übersetzungen liegt beim Regenstrief Institute, 1101 W 10th St, Indianapolis, IN 46202, USA.&#xD;&#xA;&#xD;&#xA;Mit dem Download von Dateien kommt ein Nutzungsvertrag zwischen Ihnen und dem Regenstrief Institute zustande. Sie verpflichten sich, die unten verlinkten Nutzungs- und Abgabebedingungen für LOINC vom Regenstrief Institute einzuhalten." />
  <compose>
    <include>
      <system value="http://loinc.org" />
      <version value="2.78" />
      <concept>
        <code value="105075-6" />
        <display value="Influenza virus A RNA [Presence] in Specimen" />
      </concept>
      <concept>
        <code value="22827-0" />
        <display value="Influenza virus A subtype [Identifier] in Specimen by NAA with probe detection" />
        <designation>
          <language value="de-DE" />
          <use>
            <system value="http://loinc.org" />
            <code value="LONG_COMMON_NAME" />
          </use>
          <value value="Influenza-Virus-A-Subtyp [Nachweis oder Identität] in Probenmaterial mittels Nukleinsäureamplifikation mit Sondendetektion" />
        </designation>
      </concept>
      <concept>
        <code value="23769-3" />
        <display value="Porcine influenza virus A Ag [Presence] in Tissue by Immune stain" />
        <designation>
          <language value="de-DE" />
          <use>
            <system value="http://loinc.org" />
            <code value="LONG_COMMON_NAME" />
          </use>
          <value value="Porcines Influenza-Virus A Antigen [Nachweis] in Gewebe mittels Immunfärbung" />
        </designation>
      </concept>
      <concept>
        <code value="31859-2" />
        <display value="Influenza virus A Ag [Presence] in Specimen" />
        <designation>
          <language value="de-DE" />
          <use>
            <system value="http://loinc.org" />
            <code value="LONG_COMMON_NAME" />
          </use>
          <value value="Influenza-Virus A Antigen [Nachweis] in Probenmaterial" />
        </designation>
      </concept>
      <concept>
        <code value="31864-2" />
        <display value="Influenza virus B Ag [Presence] in Specimen" />
        <designation>
          <language value="de-DE" />
          <use>
            <system value="http://loinc.org" />
            <code value="LONG_COMMON_NAME" />
          </use>
          <value value="Influenza-Virus B Antigen [Nachweis] in Probenmaterial" />
        </designation>
      </concept>
      <concept>
        <code value="31865-9" />
        <display value="Influenza virus C Ag [Presence] in Specimen" />
        <designation>
          <language value="de-DE" />
          <use>
            <system value="http://loinc.org" />
            <code value="LONG_COMMON_NAME" />
          </use>
          <value value="Influenza-Virus C Antigen [Nachweis] in Probenmaterial" />
        </designation>
      </concept>
      <concept>
        <code value="34487-9" />
        <display value="Influenza virus A RNA [Presence] in Specimen by NAA with probe detection" />
        <designation>
          <language value="de-DE" />
          <use>
            <system value="http://loinc.org" />
            <code value="LONG_COMMON_NAME" />
          </use>
          <value value="Influenza-Virus A RNA [Nachweis] in Probenmaterial mittels Nukleinsäureamplifikation mit Sondendetektion" />
        </designation>
      </concept>
      <concept>
        <code value="40982-1" />
        <display value="Influenza virus B RNA [Presence] in Specimen by NAA with probe detection" />
        <designation>
          <language value="de-DE" />
          <use>
            <system value="http://loinc.org" />
            <code value="LONG_COMMON_NAME" />
          </use>
          <value value="Influenza-Virus B RNA [Nachweis] in Probenmaterial mittels Nukleinsäureamplifikation mit Sondendetektion" />
        </designation>
      </concept>
      <concept>
        <code value="41852-5" />
        <display value="Microorganism or agent identified in Specimen" />
        <designation>
          <language value="de-DE" />
          <use>
            <system value="http://loinc.org" />
            <code value="LONG_COMMON_NAME" />
          </use>
          <value value="Mikroorganismus oder Erreger identifiziert in Probenmaterial" />
        </designation>
      </concept>
      <concept>
        <code value="48509-4" />
        <display value="Influenza virus A and B RNA [Identifier] in Specimen by NAA with probe detection" />
        <designation>
          <language value="de-DE" />
          <use>
            <system value="http://loinc.org" />
            <code value="LONG_COMMON_NAME" />
          </use>
          <value value="Influenza-Virus A und B RNA [Nachweis oder Identität] in Probenmaterial mittels Nukleinsäureamplifikation mit Sondendetektion" />
        </designation>
      </concept>
      <concept>
        <code value="49521-8" />
        <display value="Influenza virus A H1 RNA [Presence] in Specimen by NAA with probe detection" />
        <designation>
          <language value="de-DE" />
          <use>
            <system value="http://loinc.org" />
            <code value="LONG_COMMON_NAME" />
          </use>
          <value value="Influenza-Virus A H1 RNA [Nachweis] in Probenmaterial mittels Nukleinsäureamplifikation mit Sondendetektion" />
        </designation>
      </concept>
      <concept>
        <code value="50698-0" />
        <display value="Influenza virus A.adamantane resistance [Presence] by Phenotype method" />
        <designation>
          <language value="de-DE" />
          <use>
            <system value="http://loinc.org" />
            <code value="LONG_COMMON_NAME" />
          </use>
          <value value="Influenza-Virus A.Adamantan-Resistenz [Nachweis] mittels Phänotypisierung" />
        </designation>
      </concept>
      <concept>
        <code value="50699-8" />
        <display value="Influenza virus A.adamantane resistance [Presence]" />
        <designation>
          <language value="de-DE" />
          <use>
            <system value="http://loinc.org" />
            <code value="LONG_COMMON_NAME" />
          </use>
          <value value="Influenza-Virus A.Adamantan-Resistenz [Nachweis]" />
        </designation>
      </concept>
      <concept>
        <code value="50700-4" />
        <display value="Influenza virus A.adamantane resistant RNA [Presence] by NAA with probe detection" />
        <designation>
          <language value="de-DE" />
          <use>
            <system value="http://loinc.org" />
            <code value="LONG_COMMON_NAME" />
          </use>
          <value value="Influenza-Virus-A.Adamantan-Resistenz-RNA [Nachweis] mittels Nukleinsäureamplifikation mit Sondendetektion" />
        </designation>
      </concept>
      <concept>
        <code value="50703-8" />
        <display value="Influenza virus A.neuraminidase inhibitor resistance [Susceptibility] Qualitative by Phenotype method" />
        <designation>
          <language value="de-DE" />
          <use>
            <system value="http://loinc.org" />
            <code value="LONG_COMMON_NAME" />
          </use>
          <value value="Influenza-Virus A.Neuraminidaseinhibitor-Resistenz [Empfindlichkeit] mittels Phänotypisierung" />
        </designation>
      </concept>
      <concept>
        <code value="50712-9" />
        <display value="Influenza virus.neuraminidase inhibitor resistance [Susceptibility] Qualitative" />
        <designation>
          <language value="de-DE" />
          <use>
            <system value="http://loinc.org" />
            <code value="LONG_COMMON_NAME" />
          </use>
          <value value="Influenza-Virus.Neuraminidaseinhibitor-Resistenz [Empfindlichkeit]" />
        </designation>
      </concept>
      <concept>
        <code value="50713-7" />
        <display value="Influenza virus.neuraminidase inhibitor resistance [Susceptibility] by Genotype method" />
        <designation>
          <language value="de-DE" />
          <use>
            <system value="http://loinc.org" />
            <code value="LONG_COMMON_NAME" />
          </use>
          <value value="Influenza-Virus.Neuraminidaseinhibitor-Resistenz [Empfindlichkeit] mittels Genotypisierung" />
        </designation>
      </concept>
      <concept>
        <code value="54240-7" />
        <display value="Influenza virus Ag [Presence] in Specimen" />
        <designation>
          <language value="de-DE" />
          <use>
            <system value="http://loinc.org" />
            <code value="LONG_COMMON_NAME" />
          </use>
          <value value="Influenza-Virus Antigen [Nachweis] in Probenmaterial" />
        </designation>
      </concept>
      <concept>
        <code value="54243-1" />
        <display value="Influenza virus RNA [Identifier] in Specimen by Probe" />
        <designation>
          <language value="de-DE" />
          <use>
            <system value="http://loinc.org" />
            <code value="LONG_COMMON_NAME" />
          </use>
          <value value="Influenza-Virus RNA [Nachweis oder Identität] in Probenmaterial mittels Sondendetektion" />
        </designation>
      </concept>
      <concept>
        <code value="54244-9" />
        <display value="Influenza virus identified in Specimen" />
        <designation>
          <language value="de-DE" />
          <use>
            <system value="http://loinc.org" />
            <code value="LONG_COMMON_NAME" />
          </use>
          <value value="Influenza-Virus identifiziert in Probenmaterial" />
        </designation>
      </concept>
      <concept>
        <code value="55465-9" />
        <display value="Influenza virus A H1 2009 pandemic RNA [Presence] in Specimen by NAA with probe detection" />
        <designation>
          <language value="de-DE" />
          <use>
            <system value="http://loinc.org" />
            <code value="LONG_COMMON_NAME" />
          </use>
          <value value="Influenza-Virus A H1 (Pandemie 2009) RNA [Nachweis] in Probenmaterial mittels Nukleinsäureamplifikation mit Sondendetektion" />
        </designation>
      </concept>
      <concept>
        <code value="57895-5" />
        <display value="Influenza virus A H1.neuraminidase inhibitor resistance [Susceptibility] in Specimen by Genotype method" />
        <designation>
          <language value="de-DE" />
          <use>
            <system value="http://loinc.org" />
            <code value="LONG_COMMON_NAME" />
          </use>
          <value value="Influenza-Virus A H1.Neuraminidaseinhibitor-Resistenz [Empfindlichkeit] in Probenmaterial mittels Genotypisierung" />
        </designation>
      </concept>
      <concept>
        <code value="57896-3" />
        <display value="Influenza virus A 2009 H1N1v.neuraminidase inhibitor resistance [Susceptibility] in Specimen by Genotype method" />
        <designation>
          <language value="de-DE" />
          <use>
            <system value="http://loinc.org" />
            <code value="LONG_COMMON_NAME" />
          </use>
          <value value="Influenza-Virus A 2009 H1N1v.Neuraminidaseinhibitor-Resistenz [Empfindlichkeit] in Probenmaterial mittels Genotypisierung" />
        </designation>
      </concept>
      <concept>
        <code value="57897-1" />
        <display value="Influenza virus A+B.neuraminidase inhibitor resistance [Susceptibility] in Specimen by Genotype method" />
        <designation>
          <language value="de-DE" />
          <use>
            <system value="http://loinc.org" />
            <code value="LONG_COMMON_NAME" />
          </use>
          <value value="Influenza-Virus A+B.Neuraminidaseinhibitor-Resistenz [Empfindlichkeit] in Probenmaterial mittels Genotypisierung" />
        </designation>
      </concept>
      <concept>
        <code value="62462-7" />
        <display value="Influenza virus A+B RNA [Presence] in Specimen by NAA with probe detection" />
        <designation>
          <language value="de-DE" />
          <use>
            <system value="http://loinc.org" />
            <code value="LONG_COMMON_NAME" />
          </use>
          <value value="Influenza-Virus A+B RNA [Nachweis] in Probenmaterial mittels Nukleinsäureamplifikation mit Sondendetektion" />
        </designation>
      </concept>
      <concept>
        <code value="62860-2" />
        <display value="Influenza virus C RNA [Presence] in Specimen by NAA with probe detection" />
        <designation>
          <language value="de-DE" />
          <use>
            <system value="http://loinc.org" />
            <code value="LONG_COMMON_NAME" />
          </use>
          <value value="Influenza-Virus C RNA [Nachweis] in Probenmaterial mittels Nukleinsäureamplifikation mit Sondendetektion" />
        </designation>
      </concept>
      <concept>
        <code value="76078-5" />
        <display value="Influenza virus A RNA [Presence] in Nasopharynx by NAA with probe detection" />
        <designation>
          <language value="de-DE" />
          <use>
            <system value="http://loinc.org" />
            <code value="LONG_COMMON_NAME" />
          </use>
          <value value="Influenza-Virus A RNA [Nachweis] in Probenmaterial vom Nasopharynx mittels Nukleinsäureamplifikation mit Sondendetektion" />
        </designation>
      </concept>
      <concept>
        <code value="81308-9" />
        <display value="Influenza virus A RNA [Cycle Threshold #] in Respiratory system specimen by NAA with probe detection" />
        <designation>
          <language value="de-DE" />
          <use>
            <system value="http://loinc.org" />
            <code value="LONG_COMMON_NAME" />
          </use>
          <value value="Influenza-Virus A RNA [Schwellenwertzyklus] in Probenmaterial vom Respirationstrakt mittels Nukleinsäureamplifikation mit Sondendetektion" />
        </designation>
      </concept>
      <concept>
        <code value="85477-8" />
        <display value="Influenza virus A RNA [Presence] in Upper respiratory specimen by NAA with probe detection" />
        <designation>
          <language value="de-DE" />
          <use>
            <system value="http://loinc.org" />
            <code value="LONG_COMMON_NAME" />
          </use>
          <value value="Influenza-Virus A RNA [Nachweis] in Probenmaterial vom oberen Respirationstrakt mittels Nukleinsäureamplifikation mit Sondendetektion" />
        </designation>
      </concept>
      <concept>
        <code value="85478-6" />
        <display value="Influenza virus B RNA [Presence] in Upper respiratory specimen by NAA with probe detection" />
        <designation>
          <language value="de-DE" />
          <use>
            <system value="http://loinc.org" />
            <code value="LONG_COMMON_NAME" />
          </use>
          <value value="Influenza-Virus B RNA [Nachweis] in Probenmaterial vom oberen Respirationstrakt mittels Nukleinsäureamplifikation mit Sondendetektion" />
        </designation>
      </concept>
      <concept>
        <code value="90885-5" />
        <display value="Influenza virus D RNA [Cycle Threshold #] in Specimen by NAA with probe detection" />
        <designation>
          <language value="de-DE" />
          <use>
            <system value="http://loinc.org" />
            <code value="LONG_COMMON_NAME" />
          </use>
          <value value="Influenza-Virus D RNA [Schwellenwertzyklus] in Probenmaterial mittels Nukleinsäureamplifikation mit Sondendetektion" />
        </designation>
      </concept>
      <concept>
        <code value="90886-3" />
        <display value="Influenza virus B RNA [Cycle Threshold #] in Specimen by NAA with probe detection" />
        <designation>
          <language value="de-DE" />
          <use>
            <system value="http://loinc.org" />
            <code value="LONG_COMMON_NAME" />
          </use>
          <value value="Influenza-Virus B RNA [Schwellenwertzyklus] in Probenmaterial mittels Nukleinsäureamplifikation mit Sondendetektion" />
        </designation>
      </concept>
      <concept>
        <code value="92141-1" />
        <display value="Influenza virus B RNA [Presence] in Respiratory system specimen by NAA with probe detection" />
        <designation>
          <language value="de-DE" />
          <use>
            <system value="http://loinc.org" />
            <code value="LONG_COMMON_NAME" />
          </use>
          <value value="Influenza-Virus B RNA [Nachweis] in Probenmaterial vom Respirationstrakt mittels Nukleinsäureamplifikation mit Sondendetektion" />
        </designation>
      </concept>
      <concept>
        <code value="92142-9" />
        <display value="Influenza virus A RNA [Presence] in Respiratory system specimen by NAA with probe detection" />
        <designation>
          <language value="de-DE" />
          <use>
            <system value="http://loinc.org" />
            <code value="LONG_COMMON_NAME" />
          </use>
          <value value="Influenza-Virus A RNA [Nachweis] in Probenmaterial vom Respirationstrakt mittels Nukleinsäureamplifikation mit Sondendetektion" />
        </designation>
      </concept>
    </include>
  </compose>
</ValueSet>