<?xml version="1.0" encoding="utf-8"?>
<ValueSet xmlns="http://hl7.org/fhir">
  <id value="answerSetMYTP" />
  <url value="https://demis.rki.de/fhir/ValueSet/answerSetMYTP" />
  <version value="1.7.1" />
  <name value="AnswerSetMYTP" />
  <title value="AnswerSet für Mycobacterium tuberculosis, Mycobacterium africanum, Mycobacterium bovis; Meldepflicht für den direkten Erregernachweis sowie nachfolgend für das Ergebnis der Resistenzbestimmung; vorab auch für den Nachweis säurefester Stäbchen im Sputum" />
  <status value="active" />
  <experimental value="false" />
  <date value="2024-09-09" />
  <publisher value="Robert Koch-Institut" />
  <description value="Das ValueSet AnswerSetMYTP enthält die Codes der Answer-Codes für Mycobacterium tuberculosis, Mycobacterium africanum, Mycobacterium bovis; Meldepflicht für den direkten Erregernachweis sowie nachfolgend für das Ergebnis der Resistenzbestimmung; vorab auch für den Nachweis säurefester Stäbchen im Sputum." />
  <copyright value="This material includes SNOMED Clinical Terms® (SNOMED CT®) which is used by permission of the International Health Terminology Standards Development Organisation (IHTSDO). All rights reserved. SNOMED CT®, was originally created by The College of American Pathologists. “SNOMED” and “SNOMED CT” are registered trademarks of the IHTSDO.&#xD;&#xA;&#xD;&#xA;Dieses Material enthält SNOMED Clinical Terms® (SNOMED CT®), die mit Genehmigung der International Health Terminology Standards Development Organisation (IHTSDO) verwendet werden. Alle Rechte vorbehalten. SNOMED CT® wurde ursprünglich vom College of American Pathologists entwickelt. &quot;SNOMED&quot; und &quot;SNOMED CT&quot; sind eingetragene Warenzeichen der IHTSDO.&#xD;&#xA;&#xD;&#xA;Downloadbedingungen für SNOMED-CT&#xD;&#xA;&#xD;&#xA;Enthält durch SNOMED International urheberrechtlich geschützte Information. Jede Verwendung von SNOMED CT in Deutschland erfordert eine vollgültige Affiliate Lizenz oder eine Sublizenz. Die entsprechende Lizenz ist kostenlos, vorausgesetzt die Verwendung findet nur in Deutschland statt und erfüllt die Bedingungen des Affiliate License Agreements. Affiliate Lizenzen können über das Mitglieder-Lizenzierungs- und Distributions-Service (MLDS) direkt beim jeweiligen NRC beantragt werden. https://mlds.ihtsdotools.org/#/landing/DE?lang=de&#xD;&#xA;&#xD;&#xA;Contains information protected by copyright of SNOMED International. Any use of SNOMED CT in Austria requires a valid affiliate license or sublicense. The corresponding license is free of charge, provided that the use only takes place in Austria and fulfills the conditions of the Affiliate License Agreement. Affiliate licenses can be requested directly from the respective NRC via the Member Licensing and Distribution Service (MLDS). ttps://mlds.ihtsdotools.org/#/landing/DE?lang=de" />
  <compose>
    <include>
      <system value="http://snomed.info/sct" />
      <version value="http://snomed.info/sct/11000274103/version/20240515" />
      <concept>
        <extension url="http://hl7.org/fhir/StructureDefinition/valueset-conceptOrder">
          <valueInteger value="1" />
        </extension>
        <code value="110379001" />
        <display value="Mycobacterium, non-tuberculosis (organism)" />
        <designation>
          <language value="en-US" />
          <use>
            <system value="http://snomed.info/sct" />
            <code value="900000000000003001" />
          </use>
          <value value="Mycobacterium, non-tuberculosis (organism)" />
        </designation>
        <designation>
          <language value="de-DE" />
          <value value="Mycobacterium, nicht tuberculosis" />
        </designation>
      </concept>
      <concept>
        <extension url="http://hl7.org/fhir/StructureDefinition/valueset-conceptOrder">
          <valueInteger value="89" />
        </extension>
        <code value="113858008" />
        <display value="Mycobacterium tuberculosis complex (organism)" />
        <designation>
          <language value="en-US" />
          <use>
            <system value="http://snomed.info/sct" />
            <code value="900000000000003001" />
          </use>
          <value value="Mycobacterium tuberculosis complex (organism)" />
        </designation>
        <designation>
          <language value="de-DE" />
          <value value="Mycobacterium-tuberculosis-Komplex" />
        </designation>
      </concept>
      <concept>
        <extension url="http://hl7.org/fhir/StructureDefinition/valueset-conceptOrder">
          <valueInteger value="90" />
        </extension>
        <code value="113861009" />
        <display value="Mycobacterium tuberculosis (organism)" />
        <designation>
          <language value="en-US" />
          <use>
            <system value="http://snomed.info/sct" />
            <code value="900000000000003001" />
          </use>
          <value value="Mycobacterium tuberculosis (organism)" />
        </designation>
        <designation>
          <language value="de-DE" />
          <value value="Mycobacterium tuberculosis" />
        </designation>
      </concept>
      <concept>
        <extension url="http://hl7.org/fhir/StructureDefinition/valueset-conceptOrder">
          <valueInteger value="88" />
        </extension>
        <code value="243365003" />
        <display value="Acid-fast bacillus (organism)" />
        <designation>
          <language value="en-US" />
          <use>
            <system value="http://snomed.info/sct" />
            <code value="900000000000003001" />
          </use>
          <value value="Acid-fast bacillus (organism)" />
        </designation>
        <designation>
          <language value="de-DE" />
          <value value="Säure-fester Bacillus" />
        </designation>
      </concept>
      <concept>
        <extension url="http://hl7.org/fhir/StructureDefinition/valueset-conceptOrder">
          <valueInteger value="1" />
        </extension>
        <code value="243370005" />
        <display value="Mycobacterium tuberculosis classical variant (organism)" />
        <designation>
          <language value="en-US" />
          <use>
            <system value="http://snomed.info/sct" />
            <code value="900000000000003001" />
          </use>
          <value value="Mycobacterium tuberculosis classical variant (organism)" />
        </designation>
        <designation>
          <language value="de-DE" />
          <value value="Mycobacterium tuberculosis, klassische Variante" />
        </designation>
      </concept>
      <concept>
        <extension url="http://hl7.org/fhir/StructureDefinition/valueset-conceptOrder">
          <valueInteger value="1" />
        </extension>
        <code value="243371009" />
        <display value="Mycobacterium tuberculosis Asian variant (organism)" />
        <designation>
          <language value="en-US" />
          <use>
            <system value="http://snomed.info/sct" />
            <code value="900000000000003001" />
          </use>
          <value value="Mycobacterium tuberculosis Asian variant (organism)" />
        </designation>
        <designation>
          <language value="de-DE" />
          <value value="Mycobacterium tuberculosis, asiatische Variante" />
        </designation>
      </concept>
      <concept>
        <extension url="http://hl7.org/fhir/StructureDefinition/valueset-conceptOrder">
          <valueInteger value="1" />
        </extension>
        <code value="243372002" />
        <display value="Mycobacterium tuberculosis African I variant (organism)" />
        <designation>
          <language value="en-US" />
          <use>
            <system value="http://snomed.info/sct" />
            <code value="900000000000003001" />
          </use>
          <value value="Mycobacterium tuberculosis African I variant (organism)" />
        </designation>
        <designation>
          <language value="de-DE" />
          <value value="Mycobacterium tuberculosis, afrikanische Variante I" />
        </designation>
      </concept>
      <concept>
        <extension url="http://hl7.org/fhir/StructureDefinition/valueset-conceptOrder">
          <valueInteger value="1" />
        </extension>
        <code value="243373007" />
        <display value="Mycobacterium tuberculosis African II variant (organism)" />
        <designation>
          <language value="en-US" />
          <use>
            <system value="http://snomed.info/sct" />
            <code value="900000000000003001" />
          </use>
          <value value="Mycobacterium tuberculosis African II variant (organism)" />
        </designation>
        <designation>
          <language value="de-DE" />
          <value value="Mycobacterium tuberculosis, afrikanische Variante II" />
        </designation>
      </concept>
      <concept>
        <extension url="http://hl7.org/fhir/StructureDefinition/valueset-conceptOrder">
          <valueInteger value="1" />
        </extension>
        <code value="27142009" />
        <display value="Mycobacterium bovis (organism)" />
        <designation>
          <language value="en-US" />
          <use>
            <system value="http://snomed.info/sct" />
            <code value="900000000000003001" />
          </use>
          <value value="Mycobacterium bovis (organism)" />
        </designation>
        <designation>
          <language value="de-DE" />
          <value value="Mycobacterium bovis" />
        </designation>
      </concept>
      <concept>
        <extension url="http://hl7.org/fhir/StructureDefinition/valueset-conceptOrder">
          <valueInteger value="1" />
        </extension>
        <code value="36354002" />
        <display value="Mycobacterium tuberculosis hominis (organism)" />
        <designation>
          <language value="en-US" />
          <use>
            <system value="http://snomed.info/sct" />
            <code value="900000000000003001" />
          </use>
          <value value="Mycobacterium tuberculosis hominis (organism)" />
        </designation>
        <designation>
          <language value="de-DE" />
          <value value="Mycobacterium tuberculosis hominis" />
        </designation>
      </concept>
      <concept>
        <extension url="http://hl7.org/fhir/StructureDefinition/valueset-conceptOrder">
          <valueInteger value="1" />
        </extension>
        <code value="414789006" />
        <display value="Mycobacterium canettii (organism)" />
        <designation>
          <language value="en-US" />
          <use>
            <system value="http://snomed.info/sct" />
            <code value="900000000000003001" />
          </use>
          <value value="Mycobacterium canettii (organism)" />
        </designation>
        <designation>
          <language value="de-DE" />
          <value value="Mycobacterium canettii" />
        </designation>
      </concept>
      <concept>
        <extension url="http://hl7.org/fhir/StructureDefinition/valueset-conceptOrder">
          <valueInteger value="1" />
        </extension>
        <code value="430579009" />
        <display value="Mycobacterium caprae (organism)" />
        <designation>
          <language value="en-US" />
          <use>
            <system value="http://snomed.info/sct" />
            <code value="900000000000003001" />
          </use>
          <value value="Mycobacterium caprae (organism)" />
        </designation>
        <designation>
          <language value="de-DE" />
          <value value="Mycobacterium caprae" />
        </designation>
      </concept>
      <concept>
        <extension url="http://hl7.org/fhir/StructureDefinition/valueset-conceptOrder">
          <valueInteger value="1" />
        </extension>
        <code value="430914003" />
        <display value="Mycobacterium pinnipedii (organism)" />
        <designation>
          <language value="en-US" />
          <use>
            <system value="http://snomed.info/sct" />
            <code value="900000000000003001" />
          </use>
          <value value="Mycobacterium pinnipedii (organism)" />
        </designation>
        <designation>
          <language value="de-DE" />
          <value value="Mycobacterium pinnipedii" />
        </designation>
      </concept>
      <concept>
        <extension url="http://hl7.org/fhir/StructureDefinition/valueset-conceptOrder">
          <valueInteger value="1" />
        </extension>
        <code value="51320008" />
        <display value="Mycobacterium africanum (organism)" />
        <designation>
          <language value="en-US" />
          <use>
            <system value="http://snomed.info/sct" />
            <code value="900000000000003001" />
          </use>
          <value value="Mycobacterium africanum (organism)" />
        </designation>
        <designation>
          <language value="de-DE" />
          <value value="Mycobacterium africanum" />
        </designation>
      </concept>
      <concept>
        <extension url="http://hl7.org/fhir/StructureDefinition/valueset-conceptOrder">
          <valueInteger value="1" />
        </extension>
        <code value="70801007" />
        <display value="Mycobacterium microti (organism)" />
        <designation>
          <language value="en-US" />
          <use>
            <system value="http://snomed.info/sct" />
            <code value="900000000000003001" />
          </use>
          <value value="Mycobacterium microti (organism)" />
        </designation>
        <designation>
          <language value="de-DE" />
          <value value="Mycobacterium microti" />
        </designation>
      </concept>
      <concept>
        <extension url="http://hl7.org/fhir/StructureDefinition/valueset-conceptOrder">
          <valueInteger value="1" />
        </extension>
        <code value="832924651000087107" />
        <display value="Mycobacterium bovis subspecies bovis (organism)" />
        <designation>
          <language value="en-US" />
          <use>
            <system value="http://snomed.info/sct" />
            <code value="900000000000003001" />
          </use>
          <value value="Mycobacterium bovis subspecies bovis (organism)" />
        </designation>
        <designation>
          <language value="de-DE" />
          <value value="Mycobacterium bovis Subspecies bovis" />
        </designation>
      </concept>
    </include>
    <include>
      <valueSet value="https://demis.rki.de/fhir/ValueSet/answerSetLaboratoryTest-SNOMED" />
    </include>
    <include>
      <valueSet value="https://demis.rki.de/fhir/ValueSet/answerSetResistance-SNOMED" />
    </include>
  </compose>
</ValueSet>