<?xml version="1.0" encoding="utf-8"?>
<ValueSet xmlns="http://hl7.org/fhir">
  <id value="answerSetResistance-SNOMED" />
  <url value="https://demis.rki.de/fhir/ValueSet/answerSetResistance-SNOMED" />
  <version value="1.0.1" />
  <name value="AnswerSetResistance-SNOMED" />
  <title value="SNOMED-AnswerSet für Resistenz" />
  <status value="active" />
  <experimental value="false" />
  <date value="2024-08-27" />
  <publisher value="Robert Koch-Institut" />
  <description value="Das ValueSet AnswerSetResistance-SNOMED enthält die SNOMED-Answer-Codes für Resistenzen." />
  <copyright value="This material includes SNOMED Clinical Terms® (SNOMED CT®) which is used by permission of the International Health Terminology Standards Development Organisation (IHTSDO). All rights reserved. SNOMED CT®, was originally created by The College of American Pathologists. “SNOMED” and “SNOMED CT” are registered trademarks of the IHTSDO.&#xD;&#xA;&#xD;&#xA;Dieses Material enthält SNOMED Clinical Terms® (SNOMED CT®), die mit Genehmigung der International Health Terminology Standards Development Organisation (IHTSDO) verwendet werden. Alle Rechte vorbehalten. SNOMED CT® wurde ursprünglich vom College of American Pathologists entwickelt. &quot;SNOMED&quot; und &quot;SNOMED CT&quot; sind eingetragene Warenzeichen der IHTSDO.&#xD;&#xA;&#xD;&#xA;Downloadbedingungen für SNOMED-CT&#xD;&#xA;&#xD;&#xA;Enthält durch SNOMED International urheberrechtlich geschützte Information. Jede Verwendung von SNOMED CT in Deutschland erfordert eine vollgültige Affiliate Lizenz oder eine Sublizenz. Die entsprechende Lizenz ist kostenlos, vorausgesetzt die Verwendung findet nur in Deutschland statt und erfüllt die Bedingungen des Affiliate License Agreements. Affiliate Lizenzen können über das Mitglieder-Lizenzierungs- und Distributions-Service (MLDS) direkt beim jeweiligen NRC beantragt werden. https://mlds.ihtsdotools.org/#/landing/DE?lang=de&#xD;&#xA;&#xD;&#xA;Contains information protected by copyright of SNOMED International. Any use of SNOMED CT in Austria requires a valid affiliate license or sublicense. The corresponding license is free of charge, provided that the use only takes place in Austria and fulfills the conditions of the Affiliate License Agreement. Affiliate licenses can be requested directly from the respective NRC via the Member Licensing and Distribution Service (MLDS). ttps://mlds.ihtsdotools.org/#/landing/DE?lang=de" />
  <compose>
    <include>
      <system value="http://snomed.info/sct" />
      <version value="http://snomed.info/sct/11000274103/version/20240515" />
      <concept>
        <code value="1255965005" />
        <display value="Susceptible with increased exposure (qualifier value)" />
        <designation>
          <language value="en-US" />
          <use>
            <system value="http://snomed.info/sct" />
            <code value="900000000000003001" />
          </use>
          <value value="Susceptible with increased exposure (qualifier value)" />
        </designation>
        <designation>
          <language value="de-DE" />
          <value value="Empfindlich bei erhöhter Exposition" />
        </designation>
      </concept>
      <concept>
        <code value="131196009" />
        <display value="Susceptible (qualifier value)" />
        <designation>
          <language value="en-US" />
          <use>
            <system value="http://snomed.info/sct" />
            <code value="900000000000003001" />
          </use>
          <value value="Susceptible (qualifier value)" />
        </designation>
        <designation>
          <language value="de-DE" />
          <value value="Empfindlich" />
        </designation>
      </concept>
      <concept>
        <code value="264841006" />
        <display value="Intermediately susceptible (qualifier value)" />
        <designation>
          <language value="en-US" />
          <use>
            <system value="http://snomed.info/sct" />
            <code value="900000000000003001" />
          </use>
          <value value="Intermediately susceptible (qualifier value)" />
        </designation>
        <designation>
          <language value="de-DE" />
          <value value="Intermediär empfindlich" />
        </designation>
      </concept>
      <concept>
        <code value="30714006" />
        <display value="Resistant (qualifier value)" />
        <designation>
          <language value="en-US" />
          <use>
            <system value="http://snomed.info/sct" />
            <code value="900000000000003001" />
          </use>
          <value value="Resistant (qualifier value)" />
        </designation>
        <designation>
          <language value="de-DE" />
          <value value="Resistent" />
        </designation>
      </concept>
      <concept>
        <code value="82334004" />
        <display value="Indeterminate (qualifier value)" />
        <designation>
          <language value="en-US" />
          <use>
            <system value="http://snomed.info/sct" />
            <code value="900000000000003001" />
          </use>
          <value value="Indeterminate (qualifier value)" />
        </designation>
        <designation>
          <language value="de-DE" />
          <value value="Uneindeutig" />
        </designation>
      </concept>
    </include>
  </compose>
</ValueSet>