<?xml version="1.0" encoding="utf-8"?>
<ValueSet xmlns="http://hl7.org/fhir">
  <id value="answerSetHFMP" />
  <url value="https://demis.rki.de/fhir/ValueSet/answerSetHFMP" />
  <version value="1.4.0" />
  <name value="AnswerSetHFMP" />
  <title value="AnswerSet für Hand-Fuß-Mund-Krankheit" />
  <status value="active" />
  <experimental value="false" />
  <date value="2024-08-26" />
  <publisher value="Robert Koch-Institut" />
  <description value="Das ValueSet AnswerSetHFMP enthält die Codes der Answer-Codes für Hand-Fuß-Mund-Krankheit." />
  <copyright value="This material includes SNOMED Clinical Terms® (SNOMED CT®) which is used by permission of the International Health Terminology Standards Development Organisation (IHTSDO). All rights reserved. SNOMED CT®, was originally created by The College of American Pathologists. “SNOMED” and “SNOMED CT” are registered trademarks of the IHTSDO.&#xD;&#xA;&#xD;&#xA;Dieses Material enthält SNOMED Clinical Terms® (SNOMED CT®), die mit Genehmigung der International Health Terminology Standards Development Organisation (IHTSDO) verwendet werden. Alle Rechte vorbehalten. SNOMED CT® wurde ursprünglich vom College of American Pathologists entwickelt. &quot;SNOMED&quot; und &quot;SNOMED CT&quot; sind eingetragene Warenzeichen der IHTSDO.&#xD;&#xA;&#xD;&#xA;Downloadbedingungen für SNOMED-CT&#xD;&#xA;&#xD;&#xA;Enthält durch SNOMED International urheberrechtlich geschützte Information. Jede Verwendung von SNOMED CT in Deutschland erfordert eine vollgültige Affiliate Lizenz oder eine Sublizenz. Die entsprechende Lizenz ist kostenlos, vorausgesetzt die Verwendung findet nur in Deutschland statt und erfüllt die Bedingungen des Affiliate License Agreements. Affiliate Lizenzen können über das Mitglieder-Lizenzierungs- und Distributions-Service (MLDS) direkt beim jeweiligen NRC beantragt werden. https://mlds.ihtsdotools.org/#/landing/DE?lang=de&#xD;&#xA;&#xD;&#xA;Contains information protected by copyright of SNOMED International. Any use of SNOMED CT in Austria requires a valid affiliate license or sublicense. The corresponding license is free of charge, provided that the use only takes place in Austria and fulfills the conditions of the Affiliate License Agreement. Affiliate licenses can be requested directly from the respective NRC via the Member Licensing and Distribution Service (MLDS). ttps://mlds.ihtsdotools.org/#/landing/DE?lang=de" />
  <compose>
    <include>
      <system value="http://snomed.info/sct" />
      <version value="http://snomed.info/sct/11000274103/version/20240515" />
      <concept>
        <extension url="http://hl7.org/fhir/StructureDefinition/valueset-conceptOrder">
          <valueInteger value="1" />
        </extension>
        <code value="1293004" />
        <display value="Human coxsackievirus A8 (organism)" />
        <designation>
          <language value="en-US" />
          <use>
            <system value="http://snomed.info/sct" />
            <code value="900000000000003001" />
          </use>
          <value value="Human coxsackievirus A8 (organism)" />
        </designation>
        <designation>
          <language value="de-DE" />
          <value value="Humanes Coxsackie-Virus A8" />
        </designation>
      </concept>
      <concept>
        <extension url="http://hl7.org/fhir/StructureDefinition/valueset-conceptOrder">
          <valueInteger value="1" />
        </extension>
        <code value="23831003" />
        <display value="Human coxsackievirus A2 (organism)" />
        <designation>
          <language value="en-US" />
          <use>
            <system value="http://snomed.info/sct" />
            <code value="900000000000003001" />
          </use>
          <value value="Human coxsackievirus A2 (organism)" />
        </designation>
        <designation>
          <language value="de-DE" />
          <value value="Humanes Coxsackie-Virus A2" />
        </designation>
      </concept>
      <concept>
        <extension url="http://hl7.org/fhir/StructureDefinition/valueset-conceptOrder">
          <valueInteger value="1" />
        </extension>
        <code value="24071003" />
        <display value="Human coxsackievirus A6 (organism)" />
        <designation>
          <language value="en-US" />
          <use>
            <system value="http://snomed.info/sct" />
            <code value="900000000000003001" />
          </use>
          <value value="Human coxsackievirus A6 (organism)" />
        </designation>
        <designation>
          <language value="de-DE" />
          <value value="Humanes Coxsackie-Virus A6" />
        </designation>
      </concept>
      <concept>
        <extension url="http://hl7.org/fhir/StructureDefinition/valueset-conceptOrder">
          <valueInteger value="1" />
        </extension>
        <code value="24747003" />
        <display value="Human coxsackievirus A14 (organism)" />
        <designation>
          <language value="en-US" />
          <use>
            <system value="http://snomed.info/sct" />
            <code value="900000000000003001" />
          </use>
          <value value="Human coxsackievirus A14 (organism)" />
        </designation>
        <designation>
          <language value="de-DE" />
          <value value="Humanes Coxsackie-Virus A14" />
        </designation>
      </concept>
      <concept>
        <extension url="http://hl7.org/fhir/StructureDefinition/valueset-conceptOrder">
          <valueInteger value="1" />
        </extension>
        <code value="2793000" />
        <display value="Human coxsackievirus A12 (organism)" />
        <designation>
          <language value="en-US" />
          <use>
            <system value="http://snomed.info/sct" />
            <code value="900000000000003001" />
          </use>
          <value value="Human coxsackievirus A12 (organism)" />
        </designation>
        <designation>
          <language value="de-DE" />
          <value value="Humanes Coxsackie-Virus A12" />
        </designation>
      </concept>
      <concept>
        <extension url="http://hl7.org/fhir/StructureDefinition/valueset-conceptOrder">
          <valueInteger value="1" />
        </extension>
        <code value="30840007" />
        <display value="Human coxsackievirus A18 (organism)" />
        <designation>
          <language value="en-US" />
          <use>
            <system value="http://snomed.info/sct" />
            <code value="900000000000003001" />
          </use>
          <value value="Human coxsackievirus A18 (organism)" />
        </designation>
        <designation>
          <language value="de-DE" />
          <value value="Humanes Coxsackie-Virus A18" />
        </designation>
      </concept>
      <concept>
        <extension url="http://hl7.org/fhir/StructureDefinition/valueset-conceptOrder">
          <valueInteger value="1" />
        </extension>
        <code value="3096006" />
        <display value="Human coxsackievirus A9 (organism)" />
        <designation>
          <language value="en-US" />
          <use>
            <system value="http://snomed.info/sct" />
            <code value="900000000000003001" />
          </use>
          <value value="Human coxsackievirus A9 (organism)" />
        </designation>
        <designation>
          <language value="de-DE" />
          <value value="Humanes Coxsackie-Virus A9" />
        </designation>
      </concept>
      <concept>
        <extension url="http://hl7.org/fhir/StructureDefinition/valueset-conceptOrder">
          <valueInteger value="1" />
        </extension>
        <code value="38203008" />
        <display value="Human coxsackievirus A10 (organism)" />
        <designation>
          <language value="en-US" />
          <use>
            <system value="http://snomed.info/sct" />
            <code value="900000000000003001" />
          </use>
          <value value="Human coxsackievirus A10 (organism)" />
        </designation>
        <designation>
          <language value="de-DE" />
          <value value="Humanes Coxsackie-Virus A10" />
        </designation>
      </concept>
      <concept>
        <extension url="http://hl7.org/fhir/StructureDefinition/valueset-conceptOrder">
          <valueInteger value="1" />
        </extension>
        <code value="38219001" />
        <display value="Human coxsackievirus A5 (organism)" />
        <designation>
          <language value="en-US" />
          <use>
            <system value="http://snomed.info/sct" />
            <code value="900000000000003001" />
          </use>
          <value value="Human coxsackievirus A5 (organism)" />
        </designation>
        <designation>
          <language value="de-DE" />
          <value value="Humanes Coxsackie-Virus A5" />
        </designation>
      </concept>
      <concept>
        <extension url="http://hl7.org/fhir/StructureDefinition/valueset-conceptOrder">
          <valueInteger value="1" />
        </extension>
        <code value="38889001" />
        <display value="Human coxsackievirus A19 (organism)" />
        <designation>
          <language value="en-US" />
          <use>
            <system value="http://snomed.info/sct" />
            <code value="900000000000003001" />
          </use>
          <value value="Human coxsackievirus A19 (organism)" />
        </designation>
        <designation>
          <language value="de-DE" />
          <value value="Humanes Coxsackie-Virus A19" />
        </designation>
      </concept>
      <concept>
        <extension url="http://hl7.org/fhir/StructureDefinition/valueset-conceptOrder">
          <valueInteger value="1" />
        </extension>
        <code value="42067008" />
        <display value="Human coxsackievirus A16 (organism)" />
        <designation>
          <language value="en-US" />
          <use>
            <system value="http://snomed.info/sct" />
            <code value="900000000000003001" />
          </use>
          <value value="Human coxsackievirus A16 (organism)" />
        </designation>
        <designation>
          <language value="de-DE" />
          <value value="Humanes Coxsackie-Virus A16" />
        </designation>
      </concept>
      <concept>
        <extension url="http://hl7.org/fhir/StructureDefinition/valueset-conceptOrder">
          <valueInteger value="1" />
        </extension>
        <code value="423043004" />
        <display value="Human enterovirus A (organism)" />
        <designation>
          <language value="en-US" />
          <use>
            <system value="http://snomed.info/sct" />
            <code value="900000000000003001" />
          </use>
          <value value="Human enterovirus A (organism)" />
        </designation>
        <designation>
          <language value="de-DE" />
          <value value="Humanes Enterovirus A" />
        </designation>
      </concept>
      <concept>
        <extension url="http://hl7.org/fhir/StructureDefinition/valueset-conceptOrder">
          <valueInteger value="1" />
        </extension>
        <code value="52657009" />
        <display value="Human coxsackievirus A11 (organism)" />
        <designation>
          <language value="en-US" />
          <use>
            <system value="http://snomed.info/sct" />
            <code value="900000000000003001" />
          </use>
          <value value="Human coxsackievirus A11 (organism)" />
        </designation>
        <designation>
          <language value="de-DE" />
          <value value="Humanes Coxsackie-Virus A11" />
        </designation>
      </concept>
      <concept>
        <extension url="http://hl7.org/fhir/StructureDefinition/valueset-conceptOrder">
          <valueInteger value="1" />
        </extension>
        <code value="53744000" />
        <display value="Human coxsackievirus A (organism)" />
        <designation>
          <language value="en-US" />
          <use>
            <system value="http://snomed.info/sct" />
            <code value="900000000000003001" />
          </use>
          <value value="Human coxsackievirus A (organism)" />
        </designation>
        <designation>
          <language value="de-DE" />
          <value value="Humanes Coxsackie-Virus A" />
        </designation>
      </concept>
      <concept>
        <extension url="http://hl7.org/fhir/StructureDefinition/valueset-conceptOrder">
          <valueInteger value="1" />
        </extension>
        <code value="55982000" />
        <display value="Human coxsackievirus A3 (organism)" />
        <designation>
          <language value="en-US" />
          <use>
            <system value="http://snomed.info/sct" />
            <code value="900000000000003001" />
          </use>
          <value value="Human coxsackievirus A3 (organism)" />
        </designation>
        <designation>
          <language value="de-DE" />
          <value value="Humanes Coxsackie-Virus A3" />
        </designation>
      </concept>
      <concept>
        <extension url="http://hl7.org/fhir/StructureDefinition/valueset-conceptOrder">
          <valueInteger value="1" />
        </extension>
        <code value="58445002" />
        <display value="Human coxsackievirus A17 (organism)" />
        <designation>
          <language value="en-US" />
          <use>
            <system value="http://snomed.info/sct" />
            <code value="900000000000003001" />
          </use>
          <value value="Human coxsackievirus A17 (organism)" />
        </designation>
        <designation>
          <language value="de-DE" />
          <value value="Humanes Coxsackie-Virus A17" />
        </designation>
      </concept>
      <concept>
        <extension url="http://hl7.org/fhir/StructureDefinition/valueset-conceptOrder">
          <valueInteger value="1" />
        </extension>
        <code value="6771007" />
        <display value="Human coxsackievirus A20 (organism)" />
        <designation>
          <language value="en-US" />
          <use>
            <system value="http://snomed.info/sct" />
            <code value="900000000000003001" />
          </use>
          <value value="Human coxsackievirus A20 (organism)" />
        </designation>
        <designation>
          <language value="de-DE" />
          <value value="Humanes Coxsackie-Virus A20" />
        </designation>
      </concept>
      <concept>
        <extension url="http://hl7.org/fhir/StructureDefinition/valueset-conceptOrder">
          <valueInteger value="1" />
        </extension>
        <code value="68874003" />
        <display value="Human enterovirus 71 (organism)" />
        <designation>
          <language value="en-US" />
          <use>
            <system value="http://snomed.info/sct" />
            <code value="900000000000003001" />
          </use>
          <value value="Human enterovirus 71 (organism)" />
        </designation>
        <designation>
          <language value="de-DE" />
          <value value="Humanes Enterovirus 71" />
        </designation>
      </concept>
      <concept>
        <extension url="http://hl7.org/fhir/StructureDefinition/valueset-conceptOrder">
          <valueInteger value="1" />
        </extension>
        <code value="698222005" />
        <display value="Human coxsackievirus A24 variant (organism)" />
        <designation>
          <language value="en-US" />
          <use>
            <system value="http://snomed.info/sct" />
            <code value="900000000000003001" />
          </use>
          <value value="Human coxsackievirus A24 variant (organism)" />
        </designation>
        <designation>
          <language value="de-DE" />
          <value value="Humanes Coxsackie-Virus A24-Variante" />
        </designation>
      </concept>
      <concept>
        <extension url="http://hl7.org/fhir/StructureDefinition/valueset-conceptOrder">
          <valueInteger value="1" />
        </extension>
        <code value="72254008" />
        <display value="Human coxsackievirus A1 (organism)" />
        <designation>
          <language value="en-US" />
          <use>
            <system value="http://snomed.info/sct" />
            <code value="900000000000003001" />
          </use>
          <value value="Human coxsackievirus A1 (organism)" />
        </designation>
        <designation>
          <language value="de-DE" />
          <value value="Humanes Coxsackie-Virus A1" />
        </designation>
      </concept>
      <concept>
        <extension url="http://hl7.org/fhir/StructureDefinition/valueset-conceptOrder">
          <valueInteger value="1" />
        </extension>
        <code value="72593000" />
        <display value="Human coxsackievirus A15 (organism)" />
        <designation>
          <language value="en-US" />
          <use>
            <system value="http://snomed.info/sct" />
            <code value="900000000000003001" />
          </use>
          <value value="Human coxsackievirus A15 (organism)" />
        </designation>
        <designation>
          <language value="de-DE" />
          <value value="Humanes Coxsackie-Virus A15" />
        </designation>
      </concept>
      <concept>
        <extension url="http://hl7.org/fhir/StructureDefinition/valueset-conceptOrder">
          <valueInteger value="1" />
        </extension>
        <code value="72597004" />
        <display value="Human coxsackievirus A21 (organism)" />
        <designation>
          <language value="en-US" />
          <use>
            <system value="http://snomed.info/sct" />
            <code value="900000000000003001" />
          </use>
          <value value="Human coxsackievirus A21 (organism)" />
        </designation>
        <designation>
          <language value="de-DE" />
          <value value="Humanes Coxsackie-Virus A21" />
        </designation>
      </concept>
      <concept>
        <extension url="http://hl7.org/fhir/StructureDefinition/valueset-conceptOrder">
          <valueInteger value="1" />
        </extension>
        <code value="72877003" />
        <display value="Human coxsackievirus A24 (organism)" />
        <designation>
          <language value="en-US" />
          <use>
            <system value="http://snomed.info/sct" />
            <code value="900000000000003001" />
          </use>
          <value value="Human coxsackievirus A24 (organism)" />
        </designation>
        <designation>
          <language value="de-DE" />
          <value value="Humanes Coxsackie-Virus A24" />
        </designation>
      </concept>
      <concept>
        <extension url="http://hl7.org/fhir/StructureDefinition/valueset-conceptOrder">
          <valueInteger value="1" />
        </extension>
        <code value="74924008" />
        <display value="Human coxsackievirus A7 (organism)" />
        <designation>
          <language value="en-US" />
          <use>
            <system value="http://snomed.info/sct" />
            <code value="900000000000003001" />
          </use>
          <value value="Human coxsackievirus A7 (organism)" />
        </designation>
        <designation>
          <language value="de-DE" />
          <value value="Humanes Coxsackie-Virus A7" />
        </designation>
      </concept>
      <concept>
        <extension url="http://hl7.org/fhir/StructureDefinition/valueset-conceptOrder">
          <valueInteger value="1" />
        </extension>
        <code value="7543009" />
        <display value="Human coxsackievirus A13 (organism)" />
        <designation>
          <language value="en-US" />
          <use>
            <system value="http://snomed.info/sct" />
            <code value="900000000000003001" />
          </use>
          <value value="Human coxsackievirus A13 (organism)" />
        </designation>
        <designation>
          <language value="de-DE" />
          <value value="Humanes Coxsackie-Virus A13" />
        </designation>
      </concept>
      <concept>
        <extension url="http://hl7.org/fhir/StructureDefinition/valueset-conceptOrder">
          <valueInteger value="1" />
        </extension>
        <code value="83593001" />
        <display value="Human coxsackievirus A22 (organism)" />
        <designation>
          <language value="en-US" />
          <use>
            <system value="http://snomed.info/sct" />
            <code value="900000000000003001" />
          </use>
          <value value="Human coxsackievirus A22 (organism)" />
        </designation>
        <designation>
          <language value="de-DE" />
          <value value="Humanes Coxsackie-Virus A22" />
        </designation>
      </concept>
      <concept>
        <extension url="http://hl7.org/fhir/StructureDefinition/valueset-conceptOrder">
          <valueInteger value="1" />
        </extension>
        <code value="86886003" />
        <display value="Human coxsackievirus A4 (organism)" />
        <designation>
          <language value="en-US" />
          <use>
            <system value="http://snomed.info/sct" />
            <code value="900000000000003001" />
          </use>
          <value value="Human coxsackievirus A4 (organism)" />
        </designation>
        <designation>
          <language value="de-DE" />
          <value value="Humanes Coxsackie-Virus A4" />
        </designation>
      </concept>
    </include>
    <include>
      <valueSet value="https://demis.rki.de/fhir/ValueSet/answerSetLaboratoryTest-SNOMED" />
    </include>
    <include>
      <valueSet value="https://demis.rki.de/fhir/ValueSet/answerSetResistance-SNOMED" />
    </include>
  </compose>
</ValueSet>