<?xml version="1.0" encoding="utf-8"?>
<ValueSet xmlns="http://hl7.org/fhir">
  <id value="laboratoryTestHFMP" />
  <url value="https://demis.rki.de/fhir/ValueSet/laboratoryTestHFMP" />
  <version value="1.2.1" />
  <name value="LaboratoryTestHFMP" />
  <title value="Labortest für Hand-Fuß-Mund-Krankheit" />
  <status value="active" />
  <experimental value="false" />
  <date value="2024-08-26" />
  <publisher value="Robert Koch-Institut" />
  <description value="Das ValueSet LaboratoryTestHFMP enthält die Codes der Labortests für Hand-Fuß-Mund-Krankheit." />
  <copyright value="This material contains content from LOINC (http://loinc.org/). LOINC is copyright © 1995-2023, Regenstrief Institute, Inc. and the Logical Observation Identifiers Names and Codes (LOINC) Committee and is available at no cost under the license at http://loinc.org/license. LOINC® is a registered United States trademark of Regenstrief Institute, Inc.&#xD;&#xA;&#xD;&#xA;Dieses Material enthält Inhalte von LOINC (http://loinc.org/). LOINC ist urheberrechtlich geschützt © 1995-2023, Regenstrief Institute, Inc. und das Logical Observation Identifiers Names and Codes (LOINC) Committee und ist unter der Lizenz http://loinc.org/license kostenlos erhältlich. LOINC® ist eine eingetragene US-amerikanische Marke des Regenstrief Institute, Inc.&#xD;&#xA;&#xD;&#xA;Downloadbedingungen für LOINC-Übersetzungen für Anwendungszwecke in Deutschland&#xD;&#xA;Übersetzungen in verschiedenen Sprachen werden von &quot;LOINC® Adopters&quot;, meistens Behörden oder Forschungsinstituten verschiedener Länder, erstellt und an das Regenstrief Institute weitergegeben. Das Copyright für die Übersetzungen liegt beim Regenstrief Institute. Für Deutschland wird die LOINC®-Übersetzung durch das BfArM bereitgestellt. Die Übersetzungen werden durch das Regenstrief Institute als &quot;Linguistic Variants&quot; in den halbjährlichen LOINC®-Releases (Februar und August) veröffentlicht.&#xD;&#xA;&#xD;&#xA;Das Copyright für die Übersetzungen liegt beim Regenstrief Institute, 1101 W 10th St, Indianapolis, IN 46202, USA.&#xD;&#xA;&#xD;&#xA;Mit dem Download von Dateien kommt ein Nutzungsvertrag zwischen Ihnen und dem Regenstrief Institute zustande. Sie verpflichten sich, die unten verlinkten Nutzungs- und Abgabebedingungen für LOINC vom Regenstrief Institute einzuhalten." />
  <compose>
    <include>
      <system value="http://loinc.org" />
      <version value="2.78" />
      <concept>
        <code value="11590-7" />
        <display value="Coxsackievirus A10 Ab [Units/volume] in Serum" />
        <designation>
          <language value="de-DE" />
          <use>
            <system value="http://loinc.org" />
            <code value="LONG_COMMON_NAME" />
          </use>
          <value value="Coxsackie-Virus A10 Antikörper [Einheiten/Volumen] in Serum" />
        </designation>
      </concept>
      <concept>
        <code value="11591-5" />
        <display value="Coxsackievirus A2 Ab [Units/volume] in Serum" />
        <designation>
          <language value="de-DE" />
          <use>
            <system value="http://loinc.org" />
            <code value="LONG_COMMON_NAME" />
          </use>
          <value value="Coxsackie-Virus A2 Antikörper [Einheiten/Volumen] in Serum" />
        </designation>
      </concept>
      <concept>
        <code value="11593-1" />
        <display value="Coxsackievirus A4 Ab [Units/volume] in Serum" />
        <designation>
          <language value="de-DE" />
          <use>
            <system value="http://loinc.org" />
            <code value="LONG_COMMON_NAME" />
          </use>
          <value value="Coxsackie-Virus A4 Antikörper [Einheiten/Volumen] in Serum" />
        </designation>
      </concept>
      <concept>
        <code value="11599-8" />
        <display value="Coxsackievirus A21 Ab [Units/volume] in Serum" />
        <designation>
          <language value="de-DE" />
          <use>
            <system value="http://loinc.org" />
            <code value="LONG_COMMON_NAME" />
          </use>
          <value value="Coxsackie-Virus A21 Antikörper [Einheiten/Volumen] in Serum" />
        </designation>
      </concept>
      <concept>
        <code value="13232-4" />
        <display value="Coxsackievirus A Ab [Units/volume] in Cerebral spinal fluid" />
        <designation>
          <language value="de-DE" />
          <use>
            <system value="http://loinc.org" />
            <code value="LONG_COMMON_NAME" />
          </use>
          <value value="Coxsackie-Virus A Antikörper [Einheiten/Volumen] in Liquor" />
        </designation>
      </concept>
      <concept>
        <code value="13233-2" />
        <display value="Coxsackievirus A2 Ab [Units/volume] in Cerebral spinal fluid" />
        <designation>
          <language value="de-DE" />
          <use>
            <system value="http://loinc.org" />
            <code value="LONG_COMMON_NAME" />
          </use>
          <value value="Coxsackie-Virus A2 Antikörper [Einheiten/Volumen] in Liquor" />
        </designation>
      </concept>
      <concept>
        <code value="13234-0" />
        <display value="Coxsackievirus A4 Ab [Units/volume] in Cerebral spinal fluid" />
        <designation>
          <language value="de-DE" />
          <use>
            <system value="http://loinc.org" />
            <code value="LONG_COMMON_NAME" />
          </use>
          <value value="Coxsackie-Virus A4 Antikörper [Einheiten/Volumen] in Liquor" />
        </designation>
      </concept>
      <concept>
        <code value="13235-7" />
        <display value="Coxsackievirus A16 Ab [Units/volume] in Cerebral spinal fluid" />
        <designation>
          <language value="de-DE" />
          <use>
            <system value="http://loinc.org" />
            <code value="LONG_COMMON_NAME" />
          </use>
          <value value="Coxsackie-Virus A16 Antikörper [Einheiten/Volumen] in Liquor" />
        </designation>
      </concept>
      <concept>
        <code value="13295-1" />
        <display value="Coxsackievirus A10 Ab [Units/volume] in Cerebral spinal fluid" />
        <designation>
          <language value="de-DE" />
          <use>
            <system value="http://loinc.org" />
            <code value="LONG_COMMON_NAME" />
          </use>
          <value value="Coxsackie-Virus A10 Antikörper [Einheiten/Volumen] in Liquor" />
        </designation>
      </concept>
      <concept>
        <code value="13297-7" />
        <display value="Coxsackievirus A1 Ab [Units/volume] in Serum" />
        <designation>
          <language value="de-DE" />
          <use>
            <system value="http://loinc.org" />
            <code value="LONG_COMMON_NAME" />
          </use>
          <value value="Coxsackie-Virus A1 Antikörper [Einheiten/Volumen] in Serum" />
        </designation>
      </concept>
      <concept>
        <code value="16679-3" />
        <display value="Coxsackievirus A Ab [Units/volume] in Serum" />
        <designation>
          <language value="de-DE" />
          <use>
            <system value="http://loinc.org" />
            <code value="LONG_COMMON_NAME" />
          </use>
          <value value="Coxsackie-Virus A Antikörper [Einheiten/Volumen] in Serum" />
        </designation>
      </concept>
      <concept>
        <code value="16680-1" />
        <display value="Coxsackievirus A IgG Ab [Units/volume] in Serum" />
        <designation>
          <language value="de-DE" />
          <use>
            <system value="http://loinc.org" />
            <code value="LONG_COMMON_NAME" />
          </use>
          <value value="Coxsackie-Virus A IgG-Antikörper [Einheiten/Volumen] in Serum" />
        </designation>
      </concept>
      <concept>
        <code value="16681-9" />
        <display value="Coxsackievirus A IgM Ab [Units/volume] in Serum" />
        <designation>
          <language value="de-DE" />
          <use>
            <system value="http://loinc.org" />
            <code value="LONG_COMMON_NAME" />
          </use>
          <value value="Coxsackie-Virus A IgM-Antikörper [Einheiten/Volumen] in Serum" />
        </designation>
      </concept>
      <concept>
        <code value="16682-7" />
        <display value="Coxsackievirus A2 Ab [Titer] in Cerebral spinal fluid" />
        <designation>
          <language value="de-DE" />
          <use>
            <system value="http://loinc.org" />
            <code value="LONG_COMMON_NAME" />
          </use>
          <value value="Coxsackie-Virus A2 Antikörper [Titer] in Liquor" />
        </designation>
      </concept>
      <concept>
        <code value="16683-5" />
        <display value="Coxsackievirus A4 Ab [Titer] in Cerebral spinal fluid" />
        <designation>
          <language value="de-DE" />
          <use>
            <system value="http://loinc.org" />
            <code value="LONG_COMMON_NAME" />
          </use>
          <value value="Coxsackie-Virus A4 Antikörper [Titer] in Liquor" />
        </designation>
      </concept>
      <concept>
        <code value="22212-5" />
        <display value="Coxsackievirus A10 Ab [Titer] in Cerebral spinal fluid" />
        <designation>
          <language value="de-DE" />
          <use>
            <system value="http://loinc.org" />
            <code value="LONG_COMMON_NAME" />
          </use>
          <value value="Coxsackie-Virus A10 Antikörper [Titer] in Liquor" />
        </designation>
      </concept>
      <concept>
        <code value="22213-3" />
        <display value="Coxsackievirus A10 Ab [Titer] in Serum" />
        <designation>
          <language value="de-DE" />
          <use>
            <system value="http://loinc.org" />
            <code value="LONG_COMMON_NAME" />
          </use>
          <value value="Coxsackie-Virus A10 Antikörper [Titer] in Serum" />
        </designation>
      </concept>
      <concept>
        <code value="22214-1" />
        <display value="Coxsackievirus A16 Ab [Titer] in Cerebral spinal fluid" />
        <designation>
          <language value="de-DE" />
          <use>
            <system value="http://loinc.org" />
            <code value="LONG_COMMON_NAME" />
          </use>
          <value value="Coxsackie-Virus A16 Antikörper [Titer] in Liquor" />
        </designation>
      </concept>
      <concept>
        <code value="22215-8" />
        <display value="Coxsackievirus A16 Ab [Titer] in Serum" />
        <designation>
          <language value="de-DE" />
          <use>
            <system value="http://loinc.org" />
            <code value="LONG_COMMON_NAME" />
          </use>
          <value value="Coxsackie-Virus A16 Antikörper [Titer] in Serum" />
        </designation>
      </concept>
      <concept>
        <code value="22216-6" />
        <display value="Coxsackievirus A2 Ab [Titer] in Serum" />
        <designation>
          <language value="de-DE" />
          <use>
            <system value="http://loinc.org" />
            <code value="LONG_COMMON_NAME" />
          </use>
          <value value="Coxsackie-Virus A2 Antikörper [Titer] in Serum" />
        </designation>
      </concept>
      <concept>
        <code value="22217-4" />
        <display value="Coxsackievirus A21 Ab [Titer] in Serum" />
        <designation>
          <language value="de-DE" />
          <use>
            <system value="http://loinc.org" />
            <code value="LONG_COMMON_NAME" />
          </use>
          <value value="Coxsackie-Virus A21 Antikörper [Titer] in Serum" />
        </designation>
      </concept>
      <concept>
        <code value="22218-2" />
        <display value="Coxsackievirus A4 Ab [Titer] in Serum" />
        <designation>
          <language value="de-DE" />
          <use>
            <system value="http://loinc.org" />
            <code value="LONG_COMMON_NAME" />
          </use>
          <value value="Coxsackie-Virus A4 Antikörper [Titer] in Serum" />
        </designation>
      </concept>
      <concept>
        <code value="22219-0" />
        <display value="Coxsackievirus A7 Ab [Titer] in Cerebral spinal fluid" />
        <designation>
          <language value="de-DE" />
          <use>
            <system value="http://loinc.org" />
            <code value="LONG_COMMON_NAME" />
          </use>
          <value value="Coxsackie-Virus A7 Antikörper [Titer] in Liquor" />
        </designation>
      </concept>
      <concept>
        <code value="22220-8" />
        <display value="Coxsackievirus A7 Ab [Titer] in Serum" />
        <designation>
          <language value="de-DE" />
          <use>
            <system value="http://loinc.org" />
            <code value="LONG_COMMON_NAME" />
          </use>
          <value value="Coxsackie-Virus A7 Antikörper [Titer] in Serum" />
        </designation>
      </concept>
      <concept>
        <code value="22221-6" />
        <display value="Coxsackievirus A9 Ab [Titer] in Cerebral spinal fluid" />
        <designation>
          <language value="de-DE" />
          <use>
            <system value="http://loinc.org" />
            <code value="LONG_COMMON_NAME" />
          </use>
          <value value="Coxsackie-Virus A9 Antikörper [Titer] in Liquor" />
        </designation>
      </concept>
      <concept>
        <code value="22222-4" />
        <display value="Coxsackievirus A9 Ab [Titer] in Serum" />
        <designation>
          <language value="de-DE" />
          <use>
            <system value="http://loinc.org" />
            <code value="LONG_COMMON_NAME" />
          </use>
          <value value="Coxsackie-Virus A9 Antikörper [Titer] in Serum" />
        </designation>
      </concept>
      <concept>
        <code value="24226-3" />
        <display value="Coxsackievirus A10 Ab [Titer] in Serum by Complement fixation --1st specimen" />
        <designation>
          <language value="de-DE" />
          <use>
            <system value="http://loinc.org" />
            <code value="LONG_COMMON_NAME" />
          </use>
          <value value="Coxsackie-Virus A10 Antikörper [Titer] in Serum mittels Komplementbindungsreaktion --1. Probenmaterial" />
        </designation>
      </concept>
      <concept>
        <code value="24227-1" />
        <display value="Coxsackievirus A10 Ab [Titer] in Serum by Complement fixation --2nd specimen" />
        <designation>
          <language value="de-DE" />
          <use>
            <system value="http://loinc.org" />
            <code value="LONG_COMMON_NAME" />
          </use>
          <value value="Coxsackie-Virus A10 Antikörper [Titer] in Serum mittels Komplementbindungsreaktion --2. Probenmaterial" />
        </designation>
      </concept>
      <concept>
        <code value="24228-9" />
        <display value="Coxsackievirus A16 Ab [Titer] in Serum by Complement fixation --1st specimen" />
        <designation>
          <language value="de-DE" />
          <use>
            <system value="http://loinc.org" />
            <code value="LONG_COMMON_NAME" />
          </use>
          <value value="Coxsackie-Virus A16 Antikörper [Titer] in Serum mittels Komplementbindungsreaktion --1. Probenmaterial" />
        </designation>
      </concept>
      <concept>
        <code value="24229-7" />
        <display value="Coxsackievirus A16 Ab [Titer] in Serum by Complement fixation --2nd specimen" />
        <designation>
          <language value="de-DE" />
          <use>
            <system value="http://loinc.org" />
            <code value="LONG_COMMON_NAME" />
          </use>
          <value value="Coxsackie-Virus A16 Antikörper [Titer] in Serum mittels Komplementbindungsreaktion --2. Probenmaterial" />
        </designation>
      </concept>
      <concept>
        <code value="24230-5" />
        <display value="Coxsackievirus A7 Ab [Titer] in Serum by Complement fixation --1st specimen" />
        <designation>
          <language value="de-DE" />
          <use>
            <system value="http://loinc.org" />
            <code value="LONG_COMMON_NAME" />
          </use>
          <value value="Coxsackie-Virus A7 Antikörper [Titer] in Serum mittels Komplementbindungsreaktion --1. Probenmaterial" />
        </designation>
      </concept>
      <concept>
        <code value="24231-3" />
        <display value="Coxsackievirus A7 Ab [Titer] in Serum by Complement fixation --2nd specimen" />
        <designation>
          <language value="de-DE" />
          <use>
            <system value="http://loinc.org" />
            <code value="LONG_COMMON_NAME" />
          </use>
          <value value="Coxsackie-Virus A7 Antikörper [Titer] in Serum mittels Komplementbindungsreaktion --2. Probenmaterial" />
        </designation>
      </concept>
      <concept>
        <code value="24232-1" />
        <display value="Coxsackievirus A9 Ab [Titer] in Serum by Complement fixation --1st specimen" />
        <designation>
          <language value="de-DE" />
          <use>
            <system value="http://loinc.org" />
            <code value="LONG_COMMON_NAME" />
          </use>
          <value value="Coxsackie-Virus A9 Antikörper [Titer] in Serum mittels Komplementbindungsreaktion --1. Probenmaterial" />
        </designation>
      </concept>
      <concept>
        <code value="24233-9" />
        <display value="Coxsackievirus A9 Ab [Titer] in Serum by Complement fixation --2nd specimen" />
        <designation>
          <language value="de-DE" />
          <use>
            <system value="http://loinc.org" />
            <code value="LONG_COMMON_NAME" />
          </use>
          <value value="Coxsackie-Virus A9 Antikörper [Titer] in Serum mittels Komplementbindungsreaktion --2. Probenmaterial" />
        </designation>
      </concept>
      <concept>
        <code value="24300-6" />
        <display value="Coxsackievirus A10 Ab [Titer] in Serum --1st specimen" />
        <designation>
          <language value="de-DE" />
          <use>
            <system value="http://loinc.org" />
            <code value="LONG_COMMON_NAME" />
          </use>
          <value value="Coxsackie-Virus A10 Antikörper [Titer] in Serum --1. Probenmaterial" />
        </designation>
      </concept>
      <concept>
        <code value="24301-4" />
        <display value="Coxsackievirus A10 Ab [Titer] in Serum --2nd specimen" />
        <designation>
          <language value="de-DE" />
          <use>
            <system value="http://loinc.org" />
            <code value="LONG_COMMON_NAME" />
          </use>
          <value value="Coxsackie-Virus A10 Antikörper [Titer] in Serum --2. Probenmaterial" />
        </designation>
      </concept>
      <concept>
        <code value="24302-2" />
        <display value="Coxsackievirus A16 Ab [Titer] in Serum --1st specimen" />
        <designation>
          <language value="de-DE" />
          <use>
            <system value="http://loinc.org" />
            <code value="LONG_COMMON_NAME" />
          </use>
          <value value="Coxsackie-Virus A16 Antikörper [Titer] in Serum --1. Probenmaterial" />
        </designation>
      </concept>
      <concept>
        <code value="24303-0" />
        <display value="Coxsackievirus A16 Ab [Titer] in Serum --2nd specimen" />
        <designation>
          <language value="de-DE" />
          <use>
            <system value="http://loinc.org" />
            <code value="LONG_COMMON_NAME" />
          </use>
          <value value="Coxsackie-Virus A16 Antikörper [Titer] in Serum --2. Probenmaterial" />
        </designation>
      </concept>
      <concept>
        <code value="24304-8" />
        <display value="Coxsackievirus A7 Ab [Titer] in Serum --1st specimen" />
        <designation>
          <language value="de-DE" />
          <use>
            <system value="http://loinc.org" />
            <code value="LONG_COMMON_NAME" />
          </use>
          <value value="Coxsackie-Virus A7 Antikörper [Titer] in Serum --1. Probenmaterial" />
        </designation>
      </concept>
      <concept>
        <code value="24305-5" />
        <display value="Coxsackievirus A7 Ab [Titer] in Serum --2nd specimen" />
        <designation>
          <language value="de-DE" />
          <use>
            <system value="http://loinc.org" />
            <code value="LONG_COMMON_NAME" />
          </use>
          <value value="Coxsackie-Virus A7 Antikörper [Titer] in Serum --2. Probenmaterial" />
        </designation>
      </concept>
      <concept>
        <code value="24306-3" />
        <display value="Coxsackievirus A9 Ab [Titer] in Serum --1st specimen" />
        <designation>
          <language value="de-DE" />
          <use>
            <system value="http://loinc.org" />
            <code value="LONG_COMMON_NAME" />
          </use>
          <value value="Coxsackie-Virus A9 Antikörper [Titer] in Serum --1. Probenmaterial" />
        </designation>
      </concept>
      <concept>
        <code value="24307-1" />
        <display value="Coxsackievirus A9 Ab [Titer] in Serum --2nd specimen" />
        <designation>
          <language value="de-DE" />
          <use>
            <system value="http://loinc.org" />
            <code value="LONG_COMMON_NAME" />
          </use>
          <value value="Coxsackie-Virus A9 Antikörper [Titer] in Serum --2. Probenmaterial" />
        </designation>
      </concept>
      <concept>
        <code value="27947-1" />
        <display value="Coxsackievirus A7 RNA [Units/volume] (viral load) in Cerebral spinal fluid by Probe" />
        <designation>
          <language value="de-DE" />
          <use>
            <system value="http://loinc.org" />
            <code value="LONG_COMMON_NAME" />
          </use>
          <value value="Coxsackie-Virus A7 RNA [Einheiten/Volumen] (Viruslast) in Liquor mittels Sondendetektion" />
        </designation>
      </concept>
      <concept>
        <code value="27969-5" />
        <display value="Coxsackievirus A9 RNA [Units/volume] (viral load) in Cerebral spinal fluid by Probe" />
        <designation>
          <language value="de-DE" />
          <use>
            <system value="http://loinc.org" />
            <code value="LONG_COMMON_NAME" />
          </use>
          <value value="Coxsackie-Virus A9 RNA [Einheiten/Volumen] (Viruslast) in Liquor mittels Sondendetektion" />
        </designation>
      </concept>
      <concept>
        <code value="30132-5" />
        <display value="Coxsackievirus Ab [Presence] in Serum --1st specimen" />
        <designation>
          <language value="de-DE" />
          <use>
            <system value="http://loinc.org" />
            <code value="LONG_COMMON_NAME" />
          </use>
          <value value="Coxsackie-Virus Antikörper [Nachweis] in Serum --1. Probenmaterial" />
        </designation>
      </concept>
      <concept>
        <code value="30133-3" />
        <display value="Coxsackievirus Ab [Presence] in Serum --2nd specimen" />
        <designation>
          <language value="de-DE" />
          <use>
            <system value="http://loinc.org" />
            <code value="LONG_COMMON_NAME" />
          </use>
          <value value="Coxsackie-Virus Antikörper [Nachweis] in Serum --2. Probenmaterial" />
        </designation>
      </concept>
      <concept>
        <code value="30214-1" />
        <display value="Coxsackievirus A10 Ab [Presence] in Serum" />
        <designation>
          <language value="de-DE" />
          <use>
            <system value="http://loinc.org" />
            <code value="LONG_COMMON_NAME" />
          </use>
          <value value="Coxsackie-Virus A10 Antikörper [Nachweis] in Serum" />
        </designation>
      </concept>
      <concept>
        <code value="30215-8" />
        <display value="Coxsackievirus A16 Ab [Presence] in Serum" />
        <designation>
          <language value="de-DE" />
          <use>
            <system value="http://loinc.org" />
            <code value="LONG_COMMON_NAME" />
          </use>
          <value value="Coxsackie-Virus A16 Antikörper [Nachweis] in Serum" />
        </designation>
      </concept>
      <concept>
        <code value="30216-6" />
        <display value="Coxsackievirus A2 Ab [Presence] in Serum" />
        <designation>
          <language value="de-DE" />
          <use>
            <system value="http://loinc.org" />
            <code value="LONG_COMMON_NAME" />
          </use>
          <value value="Coxsackie-Virus A2 Antikörper [Nachweis] in Serum" />
        </designation>
      </concept>
      <concept>
        <code value="30217-4" />
        <display value="Coxsackievirus A4 Ab [Presence] in Serum" />
        <designation>
          <language value="de-DE" />
          <use>
            <system value="http://loinc.org" />
            <code value="LONG_COMMON_NAME" />
          </use>
          <value value="Coxsackie-Virus A4 Antikörper [Nachweis] in Serum" />
        </designation>
      </concept>
      <concept>
        <code value="30218-2" />
        <display value="Coxsackievirus A7 Ab [Presence] in Serum" />
        <designation>
          <language value="de-DE" />
          <use>
            <system value="http://loinc.org" />
            <code value="LONG_COMMON_NAME" />
          </use>
          <value value="Coxsackie-Virus A7 Antikörper [Nachweis] in Serum" />
        </designation>
      </concept>
      <concept>
        <code value="30219-0" />
        <display value="Coxsackievirus A9 Ab [Presence] in Serum" />
        <designation>
          <language value="de-DE" />
          <use>
            <system value="http://loinc.org" />
            <code value="LONG_COMMON_NAME" />
          </use>
          <value value="Coxsackie-Virus A9 Antikörper [Nachweis] in Serum" />
        </designation>
      </concept>
      <concept>
        <code value="31049-0" />
        <display value="Coxsackievirus A7 Ab [Titer] in Body fluid by Complement fixation" />
        <designation>
          <language value="de-DE" />
          <use>
            <system value="http://loinc.org" />
            <code value="LONG_COMMON_NAME" />
          </use>
          <value value="Coxsackie-Virus A7 Antikörper [Titer] in Körperflüssigkeit mittels Komplementbindungsreaktion" />
        </designation>
      </concept>
      <concept>
        <code value="31050-8" />
        <display value="Coxsackievirus A9 Ab [Titer] in Body fluid by Complement fixation" />
        <designation>
          <language value="de-DE" />
          <use>
            <system value="http://loinc.org" />
            <code value="LONG_COMMON_NAME" />
          </use>
          <value value="Coxsackie-Virus A9 Antikörper [Titer] in Körperflüssigkeit mittels Komplementbindungsreaktion" />
        </designation>
      </concept>
      <concept>
        <code value="31051-6" />
        <display value="Coxsackievirus A10 Ab [Titer] in Body fluid by Complement fixation" />
        <designation>
          <language value="de-DE" />
          <use>
            <system value="http://loinc.org" />
            <code value="LONG_COMMON_NAME" />
          </use>
          <value value="Coxsackie-Virus A10 Antikörper [Titer] in Körperflüssigkeit mittels Komplementbindungsreaktion" />
        </designation>
      </concept>
      <concept>
        <code value="31052-4" />
        <display value="Coxsackievirus A16 Ab [Titer] in Body fluid by Complement fixation" />
        <designation>
          <language value="de-DE" />
          <use>
            <system value="http://loinc.org" />
            <code value="LONG_COMMON_NAME" />
          </use>
          <value value="Coxsackie-Virus A16 Antikörper [Titer] in Körperflüssigkeit mittels Komplementbindungsreaktion" />
        </designation>
      </concept>
      <concept>
        <code value="31317-1" />
        <display value="Coxsackievirus A10 Ab [Units/volume] in Body fluid" />
        <designation>
          <language value="de-DE" />
          <use>
            <system value="http://loinc.org" />
            <code value="LONG_COMMON_NAME" />
          </use>
          <value value="Coxsackie-Virus A10 Antikörper [Einheiten/Volumen] in Körperflüssigkeit" />
        </designation>
      </concept>
      <concept>
        <code value="31318-9" />
        <display value="Coxsackievirus A16 Ab [Units/volume] in Body fluid" />
        <designation>
          <language value="de-DE" />
          <use>
            <system value="http://loinc.org" />
            <code value="LONG_COMMON_NAME" />
          </use>
          <value value="Coxsackie-Virus A16 Antikörper [Einheiten/Volumen] in Körperflüssigkeit" />
        </designation>
      </concept>
      <concept>
        <code value="31319-7" />
        <display value="Coxsackievirus A7 Ab [Units/volume] in Cerebral spinal fluid" />
        <designation>
          <language value="de-DE" />
          <use>
            <system value="http://loinc.org" />
            <code value="LONG_COMMON_NAME" />
          </use>
          <value value="Coxsackie-Virus A7 Antikörper [Einheiten/Volumen] in Liquor" />
        </designation>
      </concept>
      <concept>
        <code value="31320-5" />
        <display value="Coxsackievirus A7 Ab [Units/volume] in Body fluid" />
        <designation>
          <language value="de-DE" />
          <use>
            <system value="http://loinc.org" />
            <code value="LONG_COMMON_NAME" />
          </use>
          <value value="Coxsackie-Virus A7 Antikörper [Einheiten/Volumen] in Körperflüssigkeit" />
        </designation>
      </concept>
      <concept>
        <code value="31321-3" />
        <display value="Coxsackievirus A9 Ab [Units/volume] in Cerebral spinal fluid" />
        <designation>
          <language value="de-DE" />
          <use>
            <system value="http://loinc.org" />
            <code value="LONG_COMMON_NAME" />
          </use>
          <value value="Coxsackie-Virus A9 Antikörper [Einheiten/Volumen] in Liquor" />
        </designation>
      </concept>
      <concept>
        <code value="31322-1" />
        <display value="Coxsackievirus A9 Ab [Units/volume] in Body fluid" />
        <designation>
          <language value="de-DE" />
          <use>
            <system value="http://loinc.org" />
            <code value="LONG_COMMON_NAME" />
          </use>
          <value value="Coxsackie-Virus A9 Antikörper [Einheiten/Volumen] in Körperflüssigkeit" />
        </designation>
      </concept>
      <concept>
        <code value="33391-4" />
        <display value="Coxsackievirus A8 Ab [Units/volume] in Serum" />
        <designation>
          <language value="de-DE" />
          <use>
            <system value="http://loinc.org" />
            <code value="LONG_COMMON_NAME" />
          </use>
          <value value="Coxsackie-Virus A8 Antikörper [Einheiten/Volumen] in Serum" />
        </designation>
      </concept>
      <concept>
        <code value="33392-2" />
        <display value="Coxsackievirus A8 Ab [Presence] in Serum" />
        <designation>
          <language value="de-DE" />
          <use>
            <system value="http://loinc.org" />
            <code value="LONG_COMMON_NAME" />
          </use>
          <value value="Coxsackie-Virus A8 Antikörper [Nachweis] in Serum" />
        </designation>
      </concept>
      <concept>
        <code value="35413-4" />
        <display value="Coxsackievirus A4+A16 Ab [Titer] in Serum" />
        <designation>
          <language value="de-DE" />
          <use>
            <system value="http://loinc.org" />
            <code value="LONG_COMMON_NAME" />
          </use>
          <value value="Coxsackie-Virus A4+A16 Antikörper [Titer] in Serum" />
        </designation>
      </concept>
      <concept>
        <code value="40758-5" />
        <display value="Coxsackievirus A Ab [Titer] in Cerebral spinal fluid" />
        <designation>
          <language value="de-DE" />
          <use>
            <system value="http://loinc.org" />
            <code value="LONG_COMMON_NAME" />
          </use>
          <value value="Coxsackie-Virus A Antikörper [Titer] in Liquor" />
        </designation>
      </concept>
      <concept>
        <code value="40759-3" />
        <display value="Coxsackievirus A IgM Ab [Titer] in Serum --1st specimen" />
        <designation>
          <language value="de-DE" />
          <use>
            <system value="http://loinc.org" />
            <code value="LONG_COMMON_NAME" />
          </use>
          <value value="Coxsackie-Virus A IgM-Antikörper [Titer] in Serum --1. Probenmaterial" />
        </designation>
      </concept>
      <concept>
        <code value="40760-1" />
        <display value="Coxsackievirus A Ab [Titer] in Cerebral spinal fluid --2nd specimen" />
        <designation>
          <language value="de-DE" />
          <use>
            <system value="http://loinc.org" />
            <code value="LONG_COMMON_NAME" />
          </use>
          <value value="Coxsackie-Virus A Antikörper [Titer] in Liquor --2. Probenmaterial" />
        </designation>
      </concept>
      <concept>
        <code value="40761-9" />
        <display value="Coxsackievirus A Ab [Titer] in Serum --2nd specimen" />
        <designation>
          <language value="de-DE" />
          <use>
            <system value="http://loinc.org" />
            <code value="LONG_COMMON_NAME" />
          </use>
          <value value="Coxsackie-Virus A Antikörper [Titer] in Serum --2. Probenmaterial" />
        </designation>
      </concept>
      <concept>
        <code value="40762-7" />
        <display value="Coxsackievirus A Ab [Titer] in Serum --1st specimen" />
        <designation>
          <language value="de-DE" />
          <use>
            <system value="http://loinc.org" />
            <code value="LONG_COMMON_NAME" />
          </use>
          <value value="Coxsackie-Virus A Antikörper [Titer] in Serum --1. Probenmaterial" />
        </designation>
      </concept>
      <concept>
        <code value="42603-1" />
        <display value="Coxsackievirus A6 Ab [Titer] in Serum" />
        <designation>
          <language value="de-DE" />
          <use>
            <system value="http://loinc.org" />
            <code value="LONG_COMMON_NAME" />
          </use>
          <value value="Coxsackie-Virus A6 Antikörper [Titer] in Serum" />
        </designation>
      </concept>
      <concept>
        <code value="42623-9" />
        <display value="Coxsackievirus A3 Ab [Titer] in Serum" />
        <designation>
          <language value="de-DE" />
          <use>
            <system value="http://loinc.org" />
            <code value="LONG_COMMON_NAME" />
          </use>
          <value value="Coxsackie-Virus A3 Antikörper [Titer] in Serum" />
        </designation>
      </concept>
      <concept>
        <code value="43046-2" />
        <display value="Coxsackievirus A16 Ab [Titer] in Body fluid" />
        <designation>
          <language value="de-DE" />
          <use>
            <system value="http://loinc.org" />
            <code value="LONG_COMMON_NAME" />
          </use>
          <value value="Coxsackie-Virus A16 Antikörper [Titer] in Körperflüssigkeit" />
        </designation>
      </concept>
      <concept>
        <code value="43047-0" />
        <display value="Coxsackievirus A7 Ab [Titer] in Body fluid" />
        <designation>
          <language value="de-DE" />
          <use>
            <system value="http://loinc.org" />
            <code value="LONG_COMMON_NAME" />
          </use>
          <value value="Coxsackie-Virus A7 Antikörper [Titer] in Körperflüssigkeit" />
        </designation>
      </concept>
      <concept>
        <code value="43048-8" />
        <display value="Coxsackievirus A9 Ab [Titer] in Body fluid" />
        <designation>
          <language value="de-DE" />
          <use>
            <system value="http://loinc.org" />
            <code value="LONG_COMMON_NAME" />
          </use>
          <value value="Coxsackie-Virus A9 Antikörper [Titer] in Körperflüssigkeit" />
        </designation>
      </concept>
      <concept>
        <code value="43049-6" />
        <display value="Coxsackievirus A10 Ab [Titer] in Body fluid" />
        <designation>
          <language value="de-DE" />
          <use>
            <system value="http://loinc.org" />
            <code value="LONG_COMMON_NAME" />
          </use>
          <value value="Coxsackie-Virus A10 Antikörper [Titer] in Körperflüssigkeit" />
        </designation>
      </concept>
      <concept>
        <code value="5101-1" />
        <display value="Coxsackievirus A7 neutralizing antibody [Titer] in Serum by Neutralization test" />
        <designation>
          <language value="de-DE" />
          <use>
            <system value="http://loinc.org" />
            <code value="LONG_COMMON_NAME" />
          </use>
          <value value="Coxsackie-Virus-A7-neutralisierender Antikörper [Titer] in Serum mittels Neutralisationstest" />
        </designation>
      </concept>
      <concept>
        <code value="5102-9" />
        <display value="Coxsackievirus A9 neutralizing antibody [Titer] in Serum by Neutralization test" />
        <designation>
          <language value="de-DE" />
          <use>
            <system value="http://loinc.org" />
            <code value="LONG_COMMON_NAME" />
          </use>
          <value value="Coxsackie-Virus-A9-neutralisierender Antikörper [Titer] in Serum mittels Neutralisationstest" />
        </designation>
      </concept>
      <concept>
        <code value="51978-5" />
        <display value="Coxsackievirus A Ab [Titer] in Serum" />
        <designation>
          <language value="de-DE" />
          <use>
            <system value="http://loinc.org" />
            <code value="LONG_COMMON_NAME" />
          </use>
          <value value="Coxsackie-Virus A Antikörper [Titer] in Serum" />
        </designation>
      </concept>
      <concept>
        <code value="56621-6" />
        <display value="Coxsackievirus A9 IgG Ab [Titer] in Cerebral spinal fluid by Immunofluorescence" />
        <designation>
          <language value="de-DE" />
          <use>
            <system value="http://loinc.org" />
            <code value="LONG_COMMON_NAME" />
          </use>
          <value value="Coxsackie-Virus A9 IgG-Antikörper [Titer] in Liquor mittels Immunfluoreszenztest" />
        </designation>
      </concept>
      <concept>
        <code value="58791-5" />
        <display value="Coxsackievirus A9 IgM Ab [Titer] in Serum by Immunofluorescence" />
        <designation>
          <language value="de-DE" />
          <use>
            <system value="http://loinc.org" />
            <code value="LONG_COMMON_NAME" />
          </use>
          <value value="Coxsackie-Virus A9 IgM-Antikörper [Titer] in Serum mittels Immunfluoreszenztest" />
        </designation>
      </concept>
      <concept>
        <code value="58792-3" />
        <display value="Coxsackievirus A9 IgG Ab [Titer] in Serum by Immunofluorescence" />
        <designation>
          <language value="de-DE" />
          <use>
            <system value="http://loinc.org" />
            <code value="LONG_COMMON_NAME" />
          </use>
          <value value="Coxsackie-Virus A9 IgG-Antikörper [Titer] in Serum mittels Immunfluoreszenztest" />
        </designation>
      </concept>
      <concept>
        <code value="59579-3" />
        <display value="Coxsackievirus A24 IgM Ab [Titer] in Serum by Immunofluorescence" />
        <designation>
          <language value="de-DE" />
          <use>
            <system value="http://loinc.org" />
            <code value="LONG_COMMON_NAME" />
          </use>
          <value value="Coxsackie-Virus A24 IgM-Antikörper [Titer] in Serum mittels Immunfluoreszenztest" />
        </designation>
      </concept>
      <concept>
        <code value="59580-1" />
        <display value="Coxsackievirus A16 IgM Ab [Titer] in Serum by Immunofluorescence" />
        <designation>
          <language value="de-DE" />
          <use>
            <system value="http://loinc.org" />
            <code value="LONG_COMMON_NAME" />
          </use>
          <value value="Coxsackie-Virus A16 IgM-Antikörper [Titer] in Serum mittels Immunfluoreszenztest" />
        </designation>
      </concept>
      <concept>
        <code value="59581-9" />
        <display value="Coxsackievirus A7 IgM Ab [Titer] in Serum by Immunofluorescence" />
        <designation>
          <language value="de-DE" />
          <use>
            <system value="http://loinc.org" />
            <code value="LONG_COMMON_NAME" />
          </use>
          <value value="Coxsackie-Virus A7 IgM-Antikörper [Titer] in Serum mittels Immunfluoreszenztest" />
        </designation>
      </concept>
      <concept>
        <code value="59582-7" />
        <display value="Coxsackievirus A24 IgG Ab [Titer] in Serum by Immunofluorescence" />
        <designation>
          <language value="de-DE" />
          <use>
            <system value="http://loinc.org" />
            <code value="LONG_COMMON_NAME" />
          </use>
          <value value="Coxsackie-Virus A24 IgG-Antikörper [Titer] in Serum mittels Immunfluoreszenztest" />
        </designation>
      </concept>
      <concept>
        <code value="59583-5" />
        <display value="Coxsackievirus A16 IgG Ab [Titer] in Serum by Immunofluorescence" />
        <designation>
          <language value="de-DE" />
          <use>
            <system value="http://loinc.org" />
            <code value="LONG_COMMON_NAME" />
          </use>
          <value value="Coxsackie-Virus A16 IgG-Antikörper [Titer] in Serum mittels Immunfluoreszenztest" />
        </designation>
      </concept>
      <concept>
        <code value="59584-3" />
        <display value="Coxsackievirus A7 IgG Ab [Titer] in Serum by Immunofluorescence" />
        <designation>
          <language value="de-DE" />
          <use>
            <system value="http://loinc.org" />
            <code value="LONG_COMMON_NAME" />
          </use>
          <value value="Coxsackie-Virus A7 IgG-Antikörper [Titer] in Serum mittels Immunfluoreszenztest" />
        </designation>
      </concept>
      <concept>
        <code value="60429-8" />
        <display value="Enterovirus 71 RNA [Presence] in Isolate by NAA with probe detection" />
        <designation>
          <language value="de-DE" />
          <use>
            <system value="http://loinc.org" />
            <code value="LONG_COMMON_NAME" />
          </use>
          <value value="Enterovirus 71 RNA [Nachweis] in Isolat mittels Nukleinsäureamplifikation mit Sondendetektion" />
        </designation>
      </concept>
      <concept>
        <code value="62861-0" />
        <display value="Enterovirus 71 RNA [Presence] in Specimen by NAA with probe detection" />
        <designation>
          <language value="de-DE" />
          <use>
            <system value="http://loinc.org" />
            <code value="LONG_COMMON_NAME" />
          </use>
          <value value="Enterovirus 71 RNA [Nachweis] in Probenmaterial mittels Nukleinsäureamplifikation mit Sondendetektion" />
        </designation>
      </concept>
      <concept>
        <code value="63434-5" />
        <display value="Coxsackievirus A Ab [Titer] in Cerebral spinal fluid by Complement fixation" />
        <designation>
          <language value="de-DE" />
          <use>
            <system value="http://loinc.org" />
            <code value="LONG_COMMON_NAME" />
          </use>
          <value value="Coxsackie-Virus A Antikörper [Titer] in Liquor mittels Komplementbindungsreaktion" />
        </designation>
      </concept>
      <concept>
        <code value="6688-6" />
        <display value="Coxsackievirus A16 Ab [Titer] in Serum by Complement fixation" />
        <designation>
          <language value="de-DE" />
          <use>
            <system value="http://loinc.org" />
            <code value="LONG_COMMON_NAME" />
          </use>
          <value value="Coxsackie-Virus A16 Antikörper [Titer] in Serum mittels Komplementbindungsreaktion" />
        </designation>
      </concept>
      <concept>
        <code value="6956-7" />
        <display value="Coxsackievirus A21 Ab [Titer] in Serum by Complement fixation" />
        <designation>
          <language value="de-DE" />
          <use>
            <system value="http://loinc.org" />
            <code value="LONG_COMMON_NAME" />
          </use>
          <value value="Coxsackie-Virus A21 Antikörper [Titer] in Serum mittels Komplementbindungsreaktion" />
        </designation>
      </concept>
      <concept>
        <code value="7833-7" />
        <display value="Coxsackievirus A16 Ab [Units/volume] in Serum" />
        <designation>
          <language value="de-DE" />
          <use>
            <system value="http://loinc.org" />
            <code value="LONG_COMMON_NAME" />
          </use>
          <value value="Coxsackie-Virus A16 Antikörper [Einheiten/Volumen] in Serum" />
        </designation>
      </concept>
      <concept>
        <code value="7834-5" />
        <display value="Coxsackievirus A7 Ab [Units/volume] in Serum" />
        <designation>
          <language value="de-DE" />
          <use>
            <system value="http://loinc.org" />
            <code value="LONG_COMMON_NAME" />
          </use>
          <value value="Coxsackie-Virus A7 Antikörper [Einheiten/Volumen] in Serum" />
        </designation>
      </concept>
      <concept>
        <code value="7835-2" />
        <display value="Coxsackievirus A9 Ab [Units/volume] in Serum" />
        <designation>
          <language value="de-DE" />
          <use>
            <system value="http://loinc.org" />
            <code value="LONG_COMMON_NAME" />
          </use>
          <value value="Coxsackie-Virus A9 Antikörper [Einheiten/Volumen] in Serum" />
        </designation>
      </concept>
      <concept>
        <code value="86516-2" />
        <display value="Coxsackievirus A Ab [Titer] in Serum by Complement fixation" />
        <designation>
          <language value="de-DE" />
          <use>
            <system value="http://loinc.org" />
            <code value="LONG_COMMON_NAME" />
          </use>
          <value value="Coxsackie-Virus A Antikörper [Titer] in Serum mittels Komplementbindungsreaktion" />
        </designation>
      </concept>
      <concept>
        <code value="9750-1" />
        <display value="Coxsackievirus A10 Ab [Titer] in Serum by Complement fixation" />
        <designation>
          <language value="de-DE" />
          <use>
            <system value="http://loinc.org" />
            <code value="LONG_COMMON_NAME" />
          </use>
          <value value="Coxsackie-Virus A10 Antikörper [Titer] in Serum mittels Komplementbindungsreaktion" />
        </designation>
      </concept>
      <concept>
        <code value="9751-9" />
        <display value="Coxsackievirus A10 Ab [Titer] in Cerebral spinal fluid by Complement fixation" />
        <designation>
          <language value="de-DE" />
          <use>
            <system value="http://loinc.org" />
            <code value="LONG_COMMON_NAME" />
          </use>
          <value value="Coxsackie-Virus A10 Antikörper [Titer] in Liquor mittels Komplementbindungsreaktion" />
        </designation>
      </concept>
      <concept>
        <code value="9752-7" />
        <display value="Coxsackievirus A16 Ab [Titer] in Cerebral spinal fluid by Complement fixation" />
        <designation>
          <language value="de-DE" />
          <use>
            <system value="http://loinc.org" />
            <code value="LONG_COMMON_NAME" />
          </use>
          <value value="Coxsackie-Virus A16 Antikörper [Titer] in Liquor mittels Komplementbindungsreaktion" />
        </designation>
      </concept>
      <concept>
        <code value="9753-5" />
        <display value="Coxsackievirus A2 Ab [Titer] in Serum by Complement fixation" />
        <designation>
          <language value="de-DE" />
          <use>
            <system value="http://loinc.org" />
            <code value="LONG_COMMON_NAME" />
          </use>
          <value value="Coxsackie-Virus A2 Antikörper [Titer] in Serum mittels Komplementbindungsreaktion" />
        </designation>
      </concept>
      <concept>
        <code value="9754-3" />
        <display value="Coxsackievirus A4 Ab [Titer] in Serum by Complement fixation" />
        <designation>
          <language value="de-DE" />
          <use>
            <system value="http://loinc.org" />
            <code value="LONG_COMMON_NAME" />
          </use>
          <value value="Coxsackie-Virus A4 Antikörper [Titer] in Serum mittels Komplementbindungsreaktion" />
        </designation>
      </concept>
      <concept>
        <code value="9755-0" />
        <display value="Coxsackievirus A7 Ab [Titer] in Serum by Complement fixation" />
        <designation>
          <language value="de-DE" />
          <use>
            <system value="http://loinc.org" />
            <code value="LONG_COMMON_NAME" />
          </use>
          <value value="Coxsackie-Virus A7 Antikörper [Titer] in Serum mittels Komplementbindungsreaktion" />
        </designation>
      </concept>
      <concept>
        <code value="9756-8" />
        <display value="Coxsackievirus A7 Ab [Titer] in Cerebral spinal fluid by Complement fixation" />
        <designation>
          <language value="de-DE" />
          <use>
            <system value="http://loinc.org" />
            <code value="LONG_COMMON_NAME" />
          </use>
          <value value="Coxsackie-Virus A7 Antikörper [Titer] in Liquor mittels Komplementbindungsreaktion" />
        </designation>
      </concept>
      <concept>
        <code value="9757-6" />
        <display value="Coxsackievirus A9 Ab [Titer] in Serum by Complement fixation" />
        <designation>
          <language value="de-DE" />
          <use>
            <system value="http://loinc.org" />
            <code value="LONG_COMMON_NAME" />
          </use>
          <value value="Coxsackie-Virus A9 Antikörper [Titer] in Serum mittels Komplementbindungsreaktion" />
        </designation>
      </concept>
      <concept>
        <code value="9758-4" />
        <display value="Coxsackievirus A9 Ab [Titer] in Cerebral spinal fluid by Complement fixation" />
        <designation>
          <language value="de-DE" />
          <use>
            <system value="http://loinc.org" />
            <code value="LONG_COMMON_NAME" />
          </use>
          <value value="Coxsackie-Virus A9 Antikörper [Titer] in Liquor mittels Komplementbindungsreaktion" />
        </designation>
      </concept>
    </include>
  </compose>
</ValueSet>