<?xml version="1.0" encoding="utf-8"?>
<ValueSet xmlns="http://hl7.org/fhir">
  <id value="materialCRYP" />
  <url value="https://demis.rki.de/fhir/ValueSet/materialCRYP" />
  <version value="1.7.1" />
  <name value="MaterialCRYP" />
  <title value="Material für humanpathogene Cryptosporidium sp." />
  <status value="active" />
  <experimental value="false" />
  <date value="2024-08-27" />
  <publisher value="Robert Koch-Institut" />
  <description value="Das ValueSet MaterialCRYP enthält die Codes der Materialien für humanpathogene Cryptosporidium sp.." />
  <copyright value="This material includes SNOMED Clinical Terms® (SNOMED CT®) which is used by permission of the International Health Terminology Standards Development Organisation (IHTSDO). All rights reserved. SNOMED CT®, was originally created by The College of American Pathologists. “SNOMED” and “SNOMED CT” are registered trademarks of the IHTSDO.&#xD;&#xA;&#xD;&#xA;Dieses Material enthält SNOMED Clinical Terms® (SNOMED CT®), die mit Genehmigung der International Health Terminology Standards Development Organisation (IHTSDO) verwendet werden. Alle Rechte vorbehalten. SNOMED CT® wurde ursprünglich vom College of American Pathologists entwickelt. &quot;SNOMED&quot; und &quot;SNOMED CT&quot; sind eingetragene Warenzeichen der IHTSDO.&#xD;&#xA;&#xD;&#xA;Downloadbedingungen für SNOMED-CT&#xD;&#xA;&#xD;&#xA;Enthält durch SNOMED International urheberrechtlich geschützte Information. Jede Verwendung von SNOMED CT in Deutschland erfordert eine vollgültige Affiliate Lizenz oder eine Sublizenz. Die entsprechende Lizenz ist kostenlos, vorausgesetzt die Verwendung findet nur in Deutschland statt und erfüllt die Bedingungen des Affiliate License Agreements. Affiliate Lizenzen können über das Mitglieder-Lizenzierungs- und Distributions-Service (MLDS) direkt beim jeweiligen NRC beantragt werden. https://mlds.ihtsdotools.org/#/landing/DE?lang=de&#xD;&#xA;&#xD;&#xA;Contains information protected by copyright of SNOMED International. Any use of SNOMED CT in Austria requires a valid affiliate license or sublicense. The corresponding license is free of charge, provided that the use only takes place in Austria and fulfills the conditions of the Affiliate License Agreement. Affiliate licenses can be requested directly from the respective NRC via the Member Licensing and Distribution Service (MLDS). ttps://mlds.ihtsdotools.org/#/landing/DE?lang=de" />
  <compose>
    <include>
      <system value="http://snomed.info/sct" />
      <version value="http://snomed.info/sct/11000274103/version/20240515" />
      <concept>
        <extension url="http://hl7.org/fhir/StructureDefinition/valueset-conceptOrder">
          <valueInteger value="1" />
        </extension>
        <code value="119339001" />
        <display value="Stool specimen (specimen)" />
        <designation>
          <language value="en-US" />
          <use>
            <system value="http://snomed.info/sct" />
            <code value="900000000000003001" />
          </use>
          <value value="Stool specimen (specimen)" />
        </designation>
        <designation>
          <language value="de-DE" />
          <value value="Stuhlprobe" />
        </designation>
      </concept>
      <concept>
        <extension url="http://hl7.org/fhir/StructureDefinition/valueset-conceptOrder">
          <valueInteger value="0" />
        </extension>
        <code value="119380008" />
        <display value="Specimen from small intestine (specimen)" />
        <designation>
          <language value="en-US" />
          <use>
            <system value="http://snomed.info/sct" />
            <code value="900000000000003001" />
          </use>
          <value value="Specimen from small intestine (specimen)" />
        </designation>
        <designation>
          <language value="de-DE" />
          <value value="Probe des Dünndarm" />
        </designation>
      </concept>
      <concept>
        <extension url="http://hl7.org/fhir/StructureDefinition/valueset-conceptOrder">
          <valueInteger value="0" />
        </extension>
        <code value="119381007" />
        <display value="Specimen from large intestine (specimen)" />
        <designation>
          <language value="en-US" />
          <use>
            <system value="http://snomed.info/sct" />
            <code value="900000000000003001" />
          </use>
          <value value="Specimen from large intestine (specimen)" />
        </designation>
        <designation>
          <language value="de-DE" />
          <value value="Probe des Dickdarm" />
        </designation>
      </concept>
      <concept>
        <extension url="http://hl7.org/fhir/StructureDefinition/valueset-conceptOrder">
          <valueInteger value="0" />
        </extension>
        <code value="119382000" />
        <display value="Specimen from colon (specimen)" />
        <designation>
          <language value="en-US" />
          <use>
            <system value="http://snomed.info/sct" />
            <code value="900000000000003001" />
          </use>
          <value value="Specimen from colon (specimen)" />
        </designation>
        <designation>
          <language value="de-DE" />
          <value value="Probe des Colon" />
        </designation>
      </concept>
      <concept>
        <extension url="http://hl7.org/fhir/StructureDefinition/valueset-conceptOrder">
          <valueInteger value="0" />
        </extension>
        <code value="122638001" />
        <display value="Tissue specimen from small intestine (specimen)" />
        <designation>
          <language value="en-US" />
          <use>
            <system value="http://snomed.info/sct" />
            <code value="900000000000003001" />
          </use>
          <value value="Tissue specimen from small intestine (specimen)" />
        </designation>
        <designation>
          <language value="de-DE" />
          <value value="Dünndarmgewebeprobe" />
        </designation>
      </concept>
      <concept>
        <extension url="http://hl7.org/fhir/StructureDefinition/valueset-conceptOrder">
          <valueInteger value="0" />
        </extension>
        <code value="122643008" />
        <display value="Tissue specimen from large intestine (specimen)" />
        <designation>
          <language value="en-US" />
          <use>
            <system value="http://snomed.info/sct" />
            <code value="900000000000003001" />
          </use>
          <value value="Tissue specimen from large intestine (specimen)" />
        </designation>
        <designation>
          <language value="de-DE" />
          <value value="Dickdarmgewebeprobe" />
        </designation>
      </concept>
      <concept>
        <extension url="http://hl7.org/fhir/StructureDefinition/valueset-conceptOrder">
          <valueInteger value="1" />
        </extension>
        <code value="123038009" />
        <display value="Specimen (specimen)" />
        <designation>
          <language value="en-US" />
          <use>
            <system value="http://snomed.info/sct" />
            <code value="900000000000003001" />
          </use>
          <value value="Specimen (specimen)" />
        </designation>
        <designation>
          <language value="de-DE" />
          <value value="Anderes Untersuchungsmaterial" />
        </designation>
      </concept>
      <concept>
        <extension url="http://hl7.org/fhir/StructureDefinition/valueset-conceptOrder">
          <valueInteger value="1" />
        </extension>
        <code value="309216003" />
        <display value="Duodenal biopsy specimen (specimen)" />
        <designation>
          <language value="en-US" />
          <use>
            <system value="http://snomed.info/sct" />
            <code value="900000000000003001" />
          </use>
          <value value="Duodenal biopsy specimen (specimen)" />
        </designation>
        <designation>
          <language value="de-DE" />
          <value value="Duodenalbiopsie" />
        </designation>
      </concept>
    </include>
  </compose>
</ValueSet>