<?xml version="1.0" encoding="utf-8"?>
<ValueSet xmlns="http://hl7.org/fhir">
  <id value="laboratoryTestVZVP" />
  <url value="https://demis.rki.de/fhir/ValueSet/laboratoryTestVZVP" />
  <version value="1.8.0" />
  <name value="LaboratoryTestVZVP" />
  <title value="Labortest für Varizella-Zoster-Virus" />
  <status value="active" />
  <experimental value="false" />
  <date value="2024-08-26" />
  <publisher value="Robert Koch-Institut" />
  <description value="Das ValueSet LaboratoryTestVZVP enthält die Codes der Labortests für Varizella-Zoster-Virus." />
  <copyright value="This material contains content from LOINC (http://loinc.org/). LOINC is copyright © 1995-2023, Regenstrief Institute, Inc. and the Logical Observation Identifiers Names and Codes (LOINC) Committee and is available at no cost under the license at http://loinc.org/license. LOINC® is a registered United States trademark of Regenstrief Institute, Inc.&#xD;&#xA;&#xD;&#xA;Dieses Material enthält Inhalte von LOINC (http://loinc.org/). LOINC ist urheberrechtlich geschützt © 1995-2023, Regenstrief Institute, Inc. und das Logical Observation Identifiers Names and Codes (LOINC) Committee und ist unter der Lizenz http://loinc.org/license kostenlos erhältlich. LOINC® ist eine eingetragene US-amerikanische Marke des Regenstrief Institute, Inc.&#xD;&#xA;&#xD;&#xA;Downloadbedingungen für LOINC-Übersetzungen für Anwendungszwecke in Deutschland&#xD;&#xA;Übersetzungen in verschiedenen Sprachen werden von &quot;LOINC® Adopters&quot;, meistens Behörden oder Forschungsinstituten verschiedener Länder, erstellt und an das Regenstrief Institute weitergegeben. Das Copyright für die Übersetzungen liegt beim Regenstrief Institute. Für Deutschland wird die LOINC®-Übersetzung durch das BfArM bereitgestellt. Die Übersetzungen werden durch das Regenstrief Institute als &quot;Linguistic Variants&quot; in den halbjährlichen LOINC®-Releases (Februar und August) veröffentlicht.&#xD;&#xA;&#xD;&#xA;Das Copyright für die Übersetzungen liegt beim Regenstrief Institute, 1101 W 10th St, Indianapolis, IN 46202, USA.&#xD;&#xA;&#xD;&#xA;Mit dem Download von Dateien kommt ein Nutzungsvertrag zwischen Ihnen und dem Regenstrief Institute zustande. Sie verpflichten sich, die unten verlinkten Nutzungs- und Abgabebedingungen für LOINC vom Regenstrief Institute einzuhalten." />
  <compose>
    <include>
      <system value="http://loinc.org" />
      <version value="2.78" />
      <concept>
        <code value="100982-8" />
        <display value="Varicella zoster virus DNA [Log #/volume] (viral load) in Specimen by NAA with probe detection" />
        <designation>
          <language value="de-DE" />
          <use>
            <system value="http://loinc.org" />
            <code value="LONG_COMMON_NAME" />
          </use>
          <value value="Varicella-Zoster-Virus DNA [log #/Volumen] (Viruslast) in Probenmaterial mittels Nukleinsäureamplifikation mit Sondendetektion" />
        </designation>
      </concept>
      <concept>
        <code value="101204-6" />
        <display value="Varicella zoster virus IgA Ab [Units/volume] in Serum or Plasma by Immunoassay" />
        <designation>
          <language value="de-DE" />
          <use>
            <system value="http://loinc.org" />
            <code value="LONG_COMMON_NAME" />
          </use>
          <value value="Varicella-Zoster-Virus IgA-Antikörper [Einheiten/Volumen] in Serum oder Plasma mittels Immunoassay" />
        </designation>
      </concept>
      <concept>
        <code value="104457-7" />
        <display value="Varicella zoster virus IgA Ab [Presence] in Cerebral spinal fluid by Immunoassay" />
        <designation>
          <language value="de-DE" />
          <use>
            <system value="http://loinc.org" />
            <code value="LONG_COMMON_NAME" />
          </use>
          <value value="Varicella-Zoster-Virus IgA-Antikörper [Nachweis] in Liquor mittels Immunoassay" />
        </designation>
      </concept>
      <concept>
        <code value="11483-5" />
        <display value="Varicella zoster virus DNA [Presence] in Specimen by NAA with probe detection" />
        <designation>
          <language value="de-DE" />
          <use>
            <system value="http://loinc.org" />
            <code value="LONG_COMMON_NAME" />
          </use>
          <value value="Varicella-Zoster-Virus DNA [Nachweis] in Probenmaterial mittels Nukleinsäureamplifikation mit Sondendetektion" />
        </designation>
      </concept>
      <concept>
        <code value="17764-2" />
        <display value="Varicella zoster virus IgG Ab [Units/volume] in Cerebral spinal fluid" />
        <designation>
          <language value="de-DE" />
          <use>
            <system value="http://loinc.org" />
            <code value="LONG_COMMON_NAME" />
          </use>
          <value value="Varicella-Zoster-Virus IgG-Antikörper [Einheiten/Volumen] in Liquor" />
        </designation>
      </concept>
      <concept>
        <code value="19162-7" />
        <display value="Varicella zoster virus IgG Ab [Presence] in Serum" />
      </concept>
      <concept>
        <code value="21597-0" />
        <display value="Varicella zoster virus IgM Ab [Presence] in Serum" />
        <designation>
          <language value="de-DE" />
          <use>
            <system value="http://loinc.org" />
            <code value="LONG_COMMON_NAME" />
          </use>
          <value value="Varicella-Zoster-Virus IgM-Antikörper [Nachweis] in Serum" />
        </designation>
      </concept>
      <concept>
        <code value="22601-9" />
        <display value="Varicella zoster virus IgG Ab [Titer] in Cerebral spinal fluid" />
        <designation>
          <language value="de-DE" />
          <use>
            <system value="http://loinc.org" />
            <code value="LONG_COMMON_NAME" />
          </use>
          <value value="Varicella-Zoster-Virus IgG-Antikörper [Titer] in Liquor" />
        </designation>
      </concept>
      <concept>
        <code value="22602-7" />
        <display value="Varicella zoster virus IgG Ab [Titer] in Serum" />
        <designation>
          <language value="de-DE" />
          <use>
            <system value="http://loinc.org" />
            <code value="LONG_COMMON_NAME" />
          </use>
          <value value="Varicella-Zoster-Virus IgG-Antikörper [Titer] in Serum" />
        </designation>
      </concept>
      <concept>
        <code value="29662-4" />
        <display value="Varicella zoster virus IgM Ab [Presence] in Serum by Immunoassay" />
        <designation>
          <language value="de-DE" />
          <use>
            <system value="http://loinc.org" />
            <code value="LONG_COMMON_NAME" />
          </use>
          <value value="Varicella-Zoster-Virus IgM-Antikörper [Nachweis] in Serum mittels Immunoassay" />
        </designation>
      </concept>
      <concept>
        <code value="31695-0" />
        <display value="Varicella zoster virus IgM Ab [Units/volume] in Cerebral spinal fluid" />
        <designation>
          <language value="de-DE" />
          <use>
            <system value="http://loinc.org" />
            <code value="LONG_COMMON_NAME" />
          </use>
          <value value="Varicella-Zoster-Virus IgM-Antikörper [Einheiten/Volumen] in Liquor" />
        </designation>
      </concept>
      <concept>
        <code value="31982-2" />
        <display value="Varicella zoster virus Ag [Presence] in Specimen" />
        <designation>
          <language value="de-DE" />
          <use>
            <system value="http://loinc.org" />
            <code value="LONG_COMMON_NAME" />
          </use>
          <value value="Varicella-Zoster-Virus Antigen [Nachweis] in Probenmaterial" />
        </designation>
      </concept>
      <concept>
        <code value="41852-5" />
        <display value="Microorganism or agent identified in Specimen" />
        <designation>
          <language value="de-DE" />
          <use>
            <system value="http://loinc.org" />
            <code value="LONG_COMMON_NAME" />
          </use>
          <value value="Mikroorganismus oder Erreger identifiziert in Probenmaterial" />
        </designation>
      </concept>
      <concept>
        <code value="42537-1" />
        <display value="Varicella zoster virus IgG Ab [Presence] in Cerebral spinal fluid" />
      </concept>
      <concept>
        <code value="49451-8" />
        <display value="Varicella zoster virus DNA [#/volume] (viral load) in Specimen by NAA with probe detection" />
        <designation>
          <language value="de-DE" />
          <use>
            <system value="http://loinc.org" />
            <code value="LONG_COMMON_NAME" />
          </use>
          <value value="Varicella-Zoster-Virus DNA [#/Volumen] (Viruslast) in Probenmaterial mittels Nukleinsäureamplifikation mit Sondendetektion" />
        </designation>
      </concept>
      <concept>
        <code value="5403-1" />
        <display value="Varicella zoster virus IgG Ab [Units/volume] in Serum by Immunoassay" />
        <designation>
          <language value="de-DE" />
          <use>
            <system value="http://loinc.org" />
            <code value="LONG_COMMON_NAME" />
          </use>
          <value value="Varicella-Zoster-Virus IgG-Antikörper [Einheiten/Volumen] in Serum mittels Immunoassay" />
        </designation>
      </concept>
      <concept>
        <code value="5404-9" />
        <display value="Varicella zoster virus IgM Ab [Units/volume] in Serum by Immunoassay" />
        <designation>
          <language value="de-DE" />
          <use>
            <system value="http://loinc.org" />
            <code value="LONG_COMMON_NAME" />
          </use>
          <value value="Varicella-Zoster-Virus IgM-Antikörper [Einheiten/Volumen] in Serum mittels Immunoassay" />
        </designation>
      </concept>
      <concept>
        <code value="8047-3" />
        <display value="Varicella zoster virus IgG Ab [Units/volume] in Serum" />
        <designation>
          <language value="de-DE" />
          <use>
            <system value="http://loinc.org" />
            <code value="LONG_COMMON_NAME" />
          </use>
          <value value="Varicella-Zoster-Virus IgG-Antikörper [Einheiten/Volumen] in Serum" />
        </designation>
      </concept>
      <concept>
        <code value="8048-1" />
        <display value="Varicella zoster virus IgM Ab [Units/volume] in Serum" />
        <designation>
          <language value="de-DE" />
          <use>
            <system value="http://loinc.org" />
            <code value="LONG_COMMON_NAME" />
          </use>
          <value value="Varicella-Zoster-Virus IgM-Antikörper [Einheiten/Volumen] in Serum" />
        </designation>
      </concept>
      <concept>
        <code value="86502-2" />
        <display value="Varicella zoster virus strain DNA [Type] in Specimen by NAA with probe detection" />
        <designation>
          <language value="de-DE" />
          <use>
            <system value="http://loinc.org" />
            <code value="LONG_COMMON_NAME" />
          </use>
          <value value="Varicella-Zoster-Virus-Stamm DNA [Typ] in Probenmaterial mittels Nukleinsäureamplifikation mit Sondendetektion" />
        </designation>
      </concept>
      <concept>
        <code value="94584-0" />
        <display value="Varicella zoster virus DNA [Presence] in Specimen by NAA with non-probe detection" />
        <designation>
          <language value="de-DE" />
          <use>
            <system value="http://loinc.org" />
            <code value="LONG_COMMON_NAME" />
          </use>
          <value value="Varicella-Zoster-Virus DNA [Nachweis] in Probenmaterial mittels Nukleinsäureamplifikation mit Detektion ohne Sonde" />
        </designation>
      </concept>
      <concept>
        <code value="95714-2" />
        <display value="Varicella zoster virus IgG Ab [Units/volume] in Specimen by Immunoassay" />
        <designation>
          <language value="de-DE" />
          <use>
            <system value="http://loinc.org" />
            <code value="LONG_COMMON_NAME" />
          </use>
          <value value="Varicella-Zoster-Virus IgG-Antikörper [Einheiten/Volumen] in Probenmaterial mittels Immunoassay" />
        </designation>
      </concept>
      <concept>
        <code value="96960-0" />
        <display value="Varicella zoster virus IgM Ab index [Units/volume] in Serum and CSF" />
        <designation>
          <language value="de-DE" />
          <use>
            <system value="http://loinc.org" />
            <code value="LONG_COMMON_NAME" />
          </use>
          <value value="Varicella-Zoster-Virus IgM-Antikörperindex [Einheiten/Volumen] in Serum und Liquor" />
        </designation>
      </concept>
      <concept>
        <code value="96961-8" />
        <display value="Varicella zoster virus IgG Ab index [Units/volume] in Serum and CSF" />
        <designation>
          <language value="de-DE" />
          <use>
            <system value="http://loinc.org" />
            <code value="LONG_COMMON_NAME" />
          </use>
          <value value="Varicella-Zoster-Virus IgG-Antikörperindex [Einheiten/Volumen] in Serum und Liquor" />
        </designation>
      </concept>
    </include>
  </compose>
</ValueSet>