<?xml version="1.0" encoding="utf-8"?>
<ValueSet xmlns="http://hl7.org/fhir">
  <id value="laboratoryTestMPMP" />
  <url value="https://demis.rki.de/fhir/ValueSet/laboratoryTestMPMP" />
  <version value="1.3.0" />
  <name value="LaboratoryTestMPMP" />
  <title value="Labortest für Mycoplasmen" />
  <status value="active" />
  <experimental value="false" />
  <date value="2024-08-26" />
  <publisher value="Robert Koch-Institut" />
  <description value="Das ValueSet LaboratoryTestMPMP enthält die Codes der Labortests für Mycoplasmen." />
  <copyright value="This material contains content from LOINC (http://loinc.org/). LOINC is copyright © 1995-2023, Regenstrief Institute, Inc. and the Logical Observation Identifiers Names and Codes (LOINC) Committee and is available at no cost under the license at http://loinc.org/license. LOINC® is a registered United States trademark of Regenstrief Institute, Inc.&#xD;&#xA;&#xD;&#xA;Dieses Material enthält Inhalte von LOINC (http://loinc.org/). LOINC ist urheberrechtlich geschützt © 1995-2023, Regenstrief Institute, Inc. und das Logical Observation Identifiers Names and Codes (LOINC) Committee und ist unter der Lizenz http://loinc.org/license kostenlos erhältlich. LOINC® ist eine eingetragene US-amerikanische Marke des Regenstrief Institute, Inc.&#xD;&#xA;&#xD;&#xA;Downloadbedingungen für LOINC-Übersetzungen für Anwendungszwecke in Deutschland&#xD;&#xA;Übersetzungen in verschiedenen Sprachen werden von &quot;LOINC® Adopters&quot;, meistens Behörden oder Forschungsinstituten verschiedener Länder, erstellt und an das Regenstrief Institute weitergegeben. Das Copyright für die Übersetzungen liegt beim Regenstrief Institute. Für Deutschland wird die LOINC®-Übersetzung durch das BfArM bereitgestellt. Die Übersetzungen werden durch das Regenstrief Institute als &quot;Linguistic Variants&quot; in den halbjährlichen LOINC®-Releases (Februar und August) veröffentlicht.&#xD;&#xA;&#xD;&#xA;Das Copyright für die Übersetzungen liegt beim Regenstrief Institute, 1101 W 10th St, Indianapolis, IN 46202, USA.&#xD;&#xA;&#xD;&#xA;Mit dem Download von Dateien kommt ein Nutzungsvertrag zwischen Ihnen und dem Regenstrief Institute zustande. Sie verpflichten sich, die unten verlinkten Nutzungs- und Abgabebedingungen für LOINC vom Regenstrief Institute einzuhalten." />
  <compose>
    <include>
      <system value="http://loinc.org" />
      <version value="2.78" />
      <concept>
        <code value="13270-4" />
        <display value="Mycoplasma pneumoniae IgA Ab [Units/volume] in Serum" />
        <designation>
          <language value="de-DE" />
          <use>
            <system value="http://loinc.org" />
            <code value="LONG_COMMON_NAME" />
          </use>
          <value value="Mycoplasma pneumoniae IgA-Antikörper [Einheiten/Volumen] in Serum" />
        </designation>
      </concept>
      <concept>
        <code value="15388-2" />
        <display value="Mycoplasma hominis [Presence] in Specimen by Organism specific culture" />
        <designation>
          <language value="de-DE" />
          <use>
            <system value="http://loinc.org" />
            <code value="LONG_COMMON_NAME" />
          </use>
          <value value="Mycoplasma hominis [Nachweis] in Probenmaterial mittels erregerspezifischer Kultur" />
        </designation>
      </concept>
      <concept>
        <code value="21406-4" />
        <display value="Mycoplasma pneumoniae IgM Ab [Presence] in Serum" />
        <designation>
          <language value="de-DE" />
          <use>
            <system value="http://loinc.org" />
            <code value="LONG_COMMON_NAME" />
          </use>
          <value value="Mycoplasma pneumoniae IgM-Antikörper [Nachweis] in Serum" />
        </designation>
      </concept>
      <concept>
        <code value="22426-1" />
        <display value="Mycoplasma pneumoniae IgG Ab [Titer] in Serum" />
        <designation>
          <language value="de-DE" />
          <use>
            <system value="http://loinc.org" />
            <code value="LONG_COMMON_NAME" />
          </use>
          <value value="Mycoplasma pneumoniae IgG-Antikörper [Titer] in Serum" />
        </designation>
      </concept>
      <concept>
        <code value="29257-3" />
        <display value="Mycoplasma pneumoniae DNA [Presence] in Specimen by NAA with probe detection" />
        <designation>
          <language value="de-DE" />
          <use>
            <system value="http://loinc.org" />
            <code value="LONG_COMMON_NAME" />
          </use>
          <value value="Mycoplasma pneumoniae DNA [Nachweis] in Probenmaterial mittels Nukleinsäureamplifikation mit Sondendetektion" />
        </designation>
      </concept>
      <concept>
        <code value="41852-5" />
        <display value="Microorganism or agent identified in Specimen" />
        <designation>
          <language value="de-DE" />
          <use>
            <system value="http://loinc.org" />
            <code value="LONG_COMMON_NAME" />
          </use>
          <value value="Mikroorganismus oder Erreger identifiziert in Probenmaterial" />
        </designation>
      </concept>
      <concept>
        <code value="5257-1" />
        <display value="Mycoplasma pneumoniae IgM Ab [Presence] in Serum by Immunoassay" />
        <designation>
          <language value="de-DE" />
          <use>
            <system value="http://loinc.org" />
            <code value="LONG_COMMON_NAME" />
          </use>
          <value value="Mycoplasma pneumoniae IgM-Antikörper [Nachweis] in Serum mittels Immunoassay" />
        </designation>
      </concept>
      <concept>
        <code value="68546-1" />
        <display value="Mycoplasma hominis DNA [Presence] in Specimen by NAA with probe detection" />
        <designation>
          <language value="de-DE" />
          <use>
            <system value="http://loinc.org" />
            <code value="LONG_COMMON_NAME" />
          </use>
          <value value="Mycoplasma hominis DNA [Nachweis] in Probenmaterial mittels Nukleinsäureamplifikation mit Sondendetektion" />
        </designation>
      </concept>
      <concept>
        <code value="69935-5" />
        <display value="Mycoplasma genitalium DNA [Presence] in Specimen by NAA with probe detection" />
        <designation>
          <language value="de-DE" />
          <use>
            <system value="http://loinc.org" />
            <code value="LONG_COMMON_NAME" />
          </use>
          <value value="Mycoplasma genitalium DNA [Nachweis] in Probenmaterial mittels Nukleinsäureamplifikation mit Sondendetektion" />
        </designation>
      </concept>
      <concept>
        <code value="7970-7" />
        <display value="Mycoplasma pneumoniae IgG Ab [Units/volume] in Serum" />
        <designation>
          <language value="de-DE" />
          <use>
            <system value="http://loinc.org" />
            <code value="LONG_COMMON_NAME" />
          </use>
          <value value="Mycoplasma pneumoniae IgG-Antikörper [Einheiten/Volumen] in Serum" />
        </designation>
      </concept>
      <concept>
        <code value="8078-8" />
        <display value="Mycoplasma pneumoniae IgM Ab [Units/volume] in Serum" />
        <designation>
          <language value="de-DE" />
          <use>
            <system value="http://loinc.org" />
            <code value="LONG_COMMON_NAME" />
          </use>
          <value value="Mycoplasma pneumoniae IgM-Antikörper [Einheiten/Volumen] in Serum" />
        </designation>
      </concept>
      <concept>
        <code value="91804-5" />
        <display value="Mycoplasma pneumoniae DNA [Presence] in Upper respiratory specimen by NAA with probe detection" />
        <designation>
          <language value="de-DE" />
          <use>
            <system value="http://loinc.org" />
            <code value="LONG_COMMON_NAME" />
          </use>
          <value value="Mycoplasma pneumoniae DNA [Nachweis] in Probenmaterial vom oberen Respirationstrakt mittels Nukleinsäureamplifikation mit Sondendetektion" />
        </designation>
      </concept>
      <concept>
        <code value="91848-2" />
        <display value="Mycoplasma hominis DNA [Presence] in Genital specimen by NAA with probe detection" />
        <designation>
          <language value="de-DE" />
          <use>
            <system value="http://loinc.org" />
            <code value="LONG_COMMON_NAME" />
          </use>
          <value value="Mycoplasma hominis DNA [Nachweis] in Probenmaterial vom Genitaltrakt mittels Nukleinsäureamplifikation mit Sondendetektion" />
        </designation>
      </concept>
      <concept>
        <code value="92126-2" />
        <display value="Mycoplasma pneumoniae DNA [Presence] in Respiratory system specimen by NAA with probe detection" />
        <designation>
          <language value="de-DE" />
          <use>
            <system value="http://loinc.org" />
            <code value="LONG_COMMON_NAME" />
          </use>
          <value value="Mycoplasma pneumoniae DNA [Nachweis] in Probenmaterial vom Respirationstrakt mittels Nukleinsäureamplifikation mit Sondendetektion" />
        </designation>
      </concept>
    </include>
  </compose>
</ValueSet>