<?xml version="1.0" encoding="utf-8"?>
<ValueSet xmlns="http://hl7.org/fhir">
  <id value="materialEBCP" />
  <url value="https://demis.rki.de/fhir/ValueSet/materialEBCP" />
  <version value="1.8.0" />
  <name value="MaterialEBCP" />
  <title value="Material für Enterobacterales bei Nachweis einer Carbapenemase-Determinante oder mit verminderter Empfindlichkeit gegenüber Carbapenemen außer bei natürlicher Resistenz; Meldepflicht nur bei Infektion oder Kolonisation" />
  <status value="active" />
  <experimental value="false" />
  <date value="2024-08-27" />
  <publisher value="Robert Koch-Institut" />
  <description value="Das ValueSet MaterialEBCP enthält die Codes der Materialien für Enterobacterales bei Nachweis einer Carbapenemase-Determinante oder mit verminderter Empfindlichkeit gegenüber Carbapenemen außer bei natürlicher Resistenz; Meldepflicht nur bei Infektion oder Kolonisation." />
  <copyright value="This material includes SNOMED Clinical Terms® (SNOMED CT®) which is used by permission of the International Health Terminology Standards Development Organisation (IHTSDO). All rights reserved. SNOMED CT®, was originally created by The College of American Pathologists. “SNOMED” and “SNOMED CT” are registered trademarks of the IHTSDO.&#xD;&#xA;&#xD;&#xA;Dieses Material enthält SNOMED Clinical Terms® (SNOMED CT®), die mit Genehmigung der International Health Terminology Standards Development Organisation (IHTSDO) verwendet werden. Alle Rechte vorbehalten. SNOMED CT® wurde ursprünglich vom College of American Pathologists entwickelt. &quot;SNOMED&quot; und &quot;SNOMED CT&quot; sind eingetragene Warenzeichen der IHTSDO.&#xD;&#xA;&#xD;&#xA;Downloadbedingungen für SNOMED-CT&#xD;&#xA;&#xD;&#xA;Enthält durch SNOMED International urheberrechtlich geschützte Information. Jede Verwendung von SNOMED CT in Deutschland erfordert eine vollgültige Affiliate Lizenz oder eine Sublizenz. Die entsprechende Lizenz ist kostenlos, vorausgesetzt die Verwendung findet nur in Deutschland statt und erfüllt die Bedingungen des Affiliate License Agreements. Affiliate Lizenzen können über das Mitglieder-Lizenzierungs- und Distributions-Service (MLDS) direkt beim jeweiligen NRC beantragt werden. https://mlds.ihtsdotools.org/#/landing/DE?lang=de&#xD;&#xA;&#xD;&#xA;Contains information protected by copyright of SNOMED International. Any use of SNOMED CT in Austria requires a valid affiliate license or sublicense. The corresponding license is free of charge, provided that the use only takes place in Austria and fulfills the conditions of the Affiliate License Agreement. Affiliate licenses can be requested directly from the respective NRC via the Member Licensing and Distribution Service (MLDS). ttps://mlds.ihtsdotools.org/#/landing/DE?lang=de" />
  <compose>
    <include>
      <system value="http://snomed.info/sct" />
      <version value="http://snomed.info/sct/11000274103/version/20240515" />
      <concept>
        <extension url="http://hl7.org/fhir/StructureDefinition/valueset-conceptOrder">
          <valueInteger value="0" />
        </extension>
        <code value="119295008" />
        <display value="Specimen obtained by aspiration (specimen)" />
        <designation>
          <language value="en-US" />
          <use>
            <system value="http://snomed.info/sct" />
            <code value="900000000000003001" />
          </use>
          <value value="Specimen obtained by aspiration (specimen)" />
        </designation>
        <designation>
          <language value="de-DE" />
          <value value="Aspirat" />
        </designation>
      </concept>
      <concept>
        <extension url="http://hl7.org/fhir/StructureDefinition/valueset-conceptOrder">
          <valueInteger value="0" />
        </extension>
        <code value="119303007" />
        <display value="Microbial isolate specimen (specimen)" />
        <designation>
          <language value="en-US" />
          <use>
            <system value="http://snomed.info/sct" />
            <code value="900000000000003001" />
          </use>
          <value value="Microbial isolate specimen (specimen)" />
        </designation>
        <designation>
          <language value="de-DE" />
          <value value="Isolat" />
        </designation>
      </concept>
      <concept>
        <extension url="http://hl7.org/fhir/StructureDefinition/valueset-conceptOrder">
          <valueInteger value="0" />
        </extension>
        <code value="119312009" />
        <display value="Catheter tip submitted as specimen (specimen)" />
        <designation>
          <language value="en-US" />
          <use>
            <system value="http://snomed.info/sct" />
            <code value="900000000000003001" />
          </use>
          <value value="Catheter tip submitted as specimen (specimen)" />
        </designation>
        <designation>
          <language value="de-DE" />
          <value value="Katheterspitze als Probe" />
        </designation>
      </concept>
      <concept>
        <extension url="http://hl7.org/fhir/StructureDefinition/valueset-conceptOrder">
          <valueInteger value="0" />
        </extension>
        <code value="119325001" />
        <display value="Skin (tissue) specimen (specimen)" />
        <designation>
          <language value="en-US" />
          <use>
            <system value="http://snomed.info/sct" />
            <code value="900000000000003001" />
          </use>
          <value value="Skin (tissue) specimen (specimen)" />
        </designation>
        <designation>
          <language value="de-DE" />
          <value value="Hautgewebeprobe" />
        </designation>
      </concept>
      <concept>
        <extension url="http://hl7.org/fhir/StructureDefinition/valueset-conceptOrder">
          <valueInteger value="0" />
        </extension>
        <code value="119332005" />
        <display value="Synovial fluid specimen (specimen)" />
        <designation>
          <language value="en-US" />
          <use>
            <system value="http://snomed.info/sct" />
            <code value="900000000000003001" />
          </use>
          <value value="Synovial fluid specimen (specimen)" />
        </designation>
        <designation>
          <language value="de-DE" />
          <value value="Synovialflüssigkeit" />
        </designation>
      </concept>
      <concept>
        <extension url="http://hl7.org/fhir/StructureDefinition/valueset-conceptOrder">
          <valueInteger value="1" />
        </extension>
        <code value="119339001" />
        <display value="Stool specimen (specimen)" />
        <designation>
          <language value="en-US" />
          <use>
            <system value="http://snomed.info/sct" />
            <code value="900000000000003001" />
          </use>
          <value value="Stool specimen (specimen)" />
        </designation>
        <designation>
          <language value="de-DE" />
          <value value="Stuhlprobe" />
        </designation>
      </concept>
      <concept>
        <extension url="http://hl7.org/fhir/StructureDefinition/valueset-conceptOrder">
          <valueInteger value="0" />
        </extension>
        <code value="119344008" />
        <display value="Specimen from genital system (specimen)" />
        <designation>
          <language value="en-US" />
          <use>
            <system value="http://snomed.info/sct" />
            <code value="900000000000003001" />
          </use>
          <value value="Specimen from genital system (specimen)" />
        </designation>
        <designation>
          <language value="de-DE" />
          <value value="Genitaltrakt" />
        </designation>
      </concept>
      <concept>
        <extension url="http://hl7.org/fhir/StructureDefinition/valueset-conceptOrder">
          <valueInteger value="0" />
        </extension>
        <code value="119347001" />
        <display value="Seminal fluid specimen (specimen)" />
        <designation>
          <language value="en-US" />
          <use>
            <system value="http://snomed.info/sct" />
            <code value="900000000000003001" />
          </use>
          <value value="Seminal fluid specimen (specimen)" />
        </designation>
        <designation>
          <language value="de-DE" />
          <value value="Samenflüssigkeit" />
        </designation>
      </concept>
      <concept>
        <extension url="http://hl7.org/fhir/StructureDefinition/valueset-conceptOrder">
          <valueInteger value="0" />
        </extension>
        <code value="119365002" />
        <display value="Specimen from wound (specimen)" />
        <designation>
          <language value="en-US" />
          <use>
            <system value="http://snomed.info/sct" />
            <code value="900000000000003001" />
          </use>
          <value value="Specimen from wound (specimen)" />
        </designation>
        <designation>
          <language value="de-DE" />
          <value value="Wundmaterial" />
        </designation>
      </concept>
      <concept>
        <extension url="http://hl7.org/fhir/StructureDefinition/valueset-conceptOrder">
          <valueInteger value="0" />
        </extension>
        <code value="119371008" />
        <display value="Specimen from abscess (specimen)" />
        <designation>
          <language value="en-US" />
          <use>
            <system value="http://snomed.info/sct" />
            <code value="900000000000003001" />
          </use>
          <value value="Specimen from abscess (specimen)" />
        </designation>
        <designation>
          <language value="de-DE" />
          <value value="Abszess" />
        </designation>
      </concept>
      <concept>
        <extension url="http://hl7.org/fhir/StructureDefinition/valueset-conceptOrder">
          <valueInteger value="0" />
        </extension>
        <code value="119376003" />
        <display value="Tissue specimen (specimen)" />
        <designation>
          <language value="en-US" />
          <use>
            <system value="http://snomed.info/sct" />
            <code value="900000000000003001" />
          </use>
          <value value="Tissue specimen (specimen)" />
        </designation>
        <designation>
          <language value="de-DE" />
          <value value="Gewebeprobe" />
        </designation>
      </concept>
      <concept>
        <extension url="http://hl7.org/fhir/StructureDefinition/valueset-conceptOrder">
          <valueInteger value="0" />
        </extension>
        <code value="122565001" />
        <display value="Urinary catheter specimen (specimen)" />
        <designation>
          <language value="en-US" />
          <use>
            <system value="http://snomed.info/sct" />
            <code value="900000000000003001" />
          </use>
          <value value="Urinary catheter specimen (specimen)" />
        </designation>
        <designation>
          <language value="de-DE" />
          <value value="Katheterurin" />
        </designation>
      </concept>
      <concept>
        <extension url="http://hl7.org/fhir/StructureDefinition/valueset-conceptOrder">
          <valueInteger value="1" />
        </extension>
        <code value="122575003" />
        <display value="Urine specimen (specimen)" />
        <designation>
          <language value="en-US" />
          <use>
            <system value="http://snomed.info/sct" />
            <code value="900000000000003001" />
          </use>
          <value value="Urine specimen (specimen)" />
        </designation>
        <designation>
          <language value="de-DE" />
          <value value="Urin" />
        </designation>
      </concept>
      <concept>
        <extension url="http://hl7.org/fhir/StructureDefinition/valueset-conceptOrder">
          <valueInteger value="1" />
        </extension>
        <code value="123038009" />
        <display value="Specimen (specimen)" />
        <designation>
          <language value="en-US" />
          <use>
            <system value="http://snomed.info/sct" />
            <code value="900000000000003001" />
          </use>
          <value value="Specimen (specimen)" />
        </designation>
        <designation>
          <language value="de-DE" />
          <value value="Anderes Untersuchungsmaterial" />
        </designation>
      </concept>
      <concept>
        <extension url="http://hl7.org/fhir/StructureDefinition/valueset-conceptOrder">
          <valueInteger value="0" />
        </extension>
        <code value="16221251000119108" />
        <display value="Urine specimen obtained via straight catheter (specimen)" />
        <designation>
          <language value="en-US" />
          <use>
            <system value="http://snomed.info/sct" />
            <code value="900000000000003001" />
          </use>
          <value value="Urine specimen obtained via straight catheter (specimen)" />
        </designation>
        <designation>
          <language value="de-DE" />
          <value value="Einmalkatheterurin" />
        </designation>
      </concept>
      <concept>
        <extension url="http://hl7.org/fhir/StructureDefinition/valueset-conceptOrder">
          <valueInteger value="0" />
        </extension>
        <code value="258415003" />
        <display value="Biopsy specimen (specimen)" />
        <designation>
          <language value="en-US" />
          <use>
            <system value="http://snomed.info/sct" />
            <code value="900000000000003001" />
          </use>
          <value value="Biopsy specimen (specimen)" />
        </designation>
        <designation>
          <language value="de-DE" />
          <value value="Biopsie" />
        </designation>
      </concept>
      <concept>
        <extension url="http://hl7.org/fhir/StructureDefinition/valueset-conceptOrder">
          <valueInteger value="0" />
        </extension>
        <code value="258442002" />
        <display value="Fluid specimen (specimen)" />
        <designation>
          <language value="en-US" />
          <use>
            <system value="http://snomed.info/sct" />
            <code value="900000000000003001" />
          </use>
          <value value="Fluid specimen (specimen)" />
        </designation>
        <designation>
          <language value="de-DE" />
          <value value="Probenmaterial einer Flüssigkeit" />
        </designation>
      </concept>
      <concept>
        <extension url="http://hl7.org/fhir/StructureDefinition/valueset-conceptOrder">
          <valueInteger value="1" />
        </extension>
        <code value="258450006" />
        <display value="Cerebrospinal fluid specimen (specimen)" />
        <designation>
          <language value="en-US" />
          <use>
            <system value="http://snomed.info/sct" />
            <code value="900000000000003001" />
          </use>
          <value value="Cerebrospinal fluid specimen (specimen)" />
        </designation>
        <designation>
          <language value="de-DE" />
          <value value="Liquorprobe" />
        </designation>
      </concept>
      <concept>
        <extension url="http://hl7.org/fhir/StructureDefinition/valueset-conceptOrder">
          <valueInteger value="0" />
        </extension>
        <code value="258455001" />
        <display value="Drainage fluid specimen (specimen)" />
        <designation>
          <language value="en-US" />
          <use>
            <system value="http://snomed.info/sct" />
            <code value="900000000000003001" />
          </use>
          <value value="Drainage fluid specimen (specimen)" />
        </designation>
        <designation>
          <language value="de-DE" />
          <value value="Drainageflüssigkeit" />
        </designation>
      </concept>
      <concept>
        <extension url="http://hl7.org/fhir/StructureDefinition/valueset-conceptOrder">
          <valueInteger value="0" />
        </extension>
        <code value="258497007" />
        <display value="Abscess swab (specimen)" />
        <designation>
          <language value="en-US" />
          <use>
            <system value="http://snomed.info/sct" />
            <code value="900000000000003001" />
          </use>
          <value value="Abscess swab (specimen)" />
        </designation>
        <designation>
          <language value="de-DE" />
          <value value="Abzessabstrich" />
        </designation>
      </concept>
      <concept>
        <extension url="http://hl7.org/fhir/StructureDefinition/valueset-conceptOrder">
          <valueInteger value="0" />
        </extension>
        <code value="258503004" />
        <display value="Skin swab (specimen)" />
        <designation>
          <language value="en-US" />
          <use>
            <system value="http://snomed.info/sct" />
            <code value="900000000000003001" />
          </use>
          <value value="Skin swab (specimen)" />
        </designation>
        <designation>
          <language value="de-DE" />
          <value value="Hautabstrich" />
        </designation>
      </concept>
      <concept>
        <extension url="http://hl7.org/fhir/StructureDefinition/valueset-conceptOrder">
          <valueInteger value="0" />
        </extension>
        <code value="258508008" />
        <display value="Genital swab (specimen)" />
        <designation>
          <language value="en-US" />
          <use>
            <system value="http://snomed.info/sct" />
            <code value="900000000000003001" />
          </use>
          <value value="Genital swab (specimen)" />
        </designation>
        <designation>
          <language value="de-DE" />
          <value value="Genitalabstrich" />
        </designation>
      </concept>
      <concept>
        <extension url="http://hl7.org/fhir/StructureDefinition/valueset-conceptOrder">
          <valueInteger value="0" />
        </extension>
        <code value="258520000" />
        <display value="Vaginal swab (specimen)" />
        <designation>
          <language value="en-US" />
          <use>
            <system value="http://snomed.info/sct" />
            <code value="900000000000003001" />
          </use>
          <value value="Vaginal swab (specimen)" />
        </designation>
        <designation>
          <language value="de-DE" />
          <value value="Vaginalabstrich" />
        </designation>
      </concept>
      <concept>
        <extension url="http://hl7.org/fhir/StructureDefinition/valueset-conceptOrder">
          <valueInteger value="0" />
        </extension>
        <code value="258527002" />
        <display value="Anal swab (specimen)" />
        <designation>
          <language value="en-US" />
          <use>
            <system value="http://snomed.info/sct" />
            <code value="900000000000003001" />
          </use>
          <value value="Anal swab (specimen)" />
        </designation>
        <designation>
          <language value="de-DE" />
          <value value="Analabstrich" />
        </designation>
      </concept>
      <concept>
        <extension url="http://hl7.org/fhir/StructureDefinition/valueset-conceptOrder">
          <valueInteger value="0" />
        </extension>
        <code value="258528007" />
        <display value="Rectal swab (specimen)" />
        <designation>
          <language value="en-US" />
          <use>
            <system value="http://snomed.info/sct" />
            <code value="900000000000003001" />
          </use>
          <value value="Rectal swab (specimen)" />
        </designation>
        <designation>
          <language value="de-DE" />
          <value value="Rektalabstrich" />
        </designation>
      </concept>
      <concept>
        <extension url="http://hl7.org/fhir/StructureDefinition/valueset-conceptOrder">
          <valueInteger value="0" />
        </extension>
        <code value="258530009" />
        <display value="Urethral swab (specimen)" />
        <designation>
          <language value="en-US" />
          <use>
            <system value="http://snomed.info/sct" />
            <code value="900000000000003001" />
          </use>
          <value value="Urethral swab (specimen)" />
        </designation>
        <designation>
          <language value="de-DE" />
          <value value="Urethralabstrich" />
        </designation>
      </concept>
      <concept>
        <extension url="http://hl7.org/fhir/StructureDefinition/valueset-conceptOrder">
          <valueInteger value="1" />
        </extension>
        <code value="258531008" />
        <display value="Wound swab (specimen)" />
        <designation>
          <language value="en-US" />
          <use>
            <system value="http://snomed.info/sct" />
            <code value="900000000000003001" />
          </use>
          <value value="Wound swab (specimen)" />
        </designation>
        <designation>
          <language value="de-DE" />
          <value value="Wundabstrich" />
        </designation>
      </concept>
      <concept>
        <extension url="http://hl7.org/fhir/StructureDefinition/valueset-conceptOrder">
          <valueInteger value="0" />
        </extension>
        <code value="309052008" />
        <display value="Male genital specimen (specimen)" />
        <designation>
          <language value="en-US" />
          <use>
            <system value="http://snomed.info/sct" />
            <code value="900000000000003001" />
          </use>
          <value value="Male genital specimen (specimen)" />
        </designation>
        <designation>
          <language value="de-DE" />
          <value value="Probenmaterial der männlichen Genitalien" />
        </designation>
      </concept>
      <concept>
        <extension url="http://hl7.org/fhir/StructureDefinition/valueset-conceptOrder">
          <valueInteger value="0" />
        </extension>
        <code value="309123007" />
        <display value="Synovial specimen (specimen)" />
        <designation>
          <language value="en-US" />
          <use>
            <system value="http://snomed.info/sct" />
            <code value="900000000000003001" />
          </use>
          <value value="Synovial specimen (specimen)" />
        </designation>
        <designation>
          <language value="de-DE" />
          <value value="Probe der Synovialis" />
        </designation>
      </concept>
      <concept>
        <extension url="http://hl7.org/fhir/StructureDefinition/valueset-conceptOrder">
          <valueInteger value="0" />
        </extension>
        <code value="309166000" />
        <display value="Ear swab specimen (specimen)" />
        <designation>
          <language value="en-US" />
          <use>
            <system value="http://snomed.info/sct" />
            <code value="900000000000003001" />
          </use>
          <value value="Ear swab specimen (specimen)" />
        </designation>
        <designation>
          <language value="de-DE" />
          <value value="Ohrenabstrich" />
        </designation>
      </concept>
      <concept>
        <extension url="http://hl7.org/fhir/StructureDefinition/valueset-conceptOrder">
          <valueInteger value="0" />
        </extension>
        <code value="309170008" />
        <display value="Lower respiratory tissue specimen (specimen)" />
        <designation>
          <language value="en-US" />
          <use>
            <system value="http://snomed.info/sct" />
            <code value="900000000000003001" />
          </use>
          <value value="Lower respiratory tissue specimen (specimen)" />
        </designation>
        <designation>
          <language value="de-DE" />
          <value value="Gewebeprobe der unteren Atemwege" />
        </designation>
      </concept>
      <concept>
        <extension url="http://hl7.org/fhir/StructureDefinition/valueset-conceptOrder">
          <valueInteger value="0" />
        </extension>
        <code value="309199003" />
        <display value="Gastrointestinal fluid specimen (specimen)" />
        <designation>
          <language value="en-US" />
          <use>
            <system value="http://snomed.info/sct" />
            <code value="900000000000003001" />
          </use>
          <value value="Gastrointestinal fluid specimen (specimen)" />
        </designation>
        <designation>
          <language value="de-DE" />
          <value value="Gastrointenstinale Flüssigkeit" />
        </designation>
      </concept>
      <concept>
        <extension url="http://hl7.org/fhir/StructureDefinition/valueset-conceptOrder">
          <valueInteger value="0" />
        </extension>
        <code value="309201001" />
        <display value="Ascitic fluid specimen (specimen)" />
        <designation>
          <language value="en-US" />
          <use>
            <system value="http://snomed.info/sct" />
            <code value="900000000000003001" />
          </use>
          <value value="Ascitic fluid specimen (specimen)" />
        </designation>
        <designation>
          <language value="de-DE" />
          <value value="Aszitesflüssigkeit" />
        </designation>
      </concept>
      <concept>
        <extension url="http://hl7.org/fhir/StructureDefinition/valueset-conceptOrder">
          <valueInteger value="1" />
        </extension>
        <code value="360156006" />
        <display value="Screening - procedure intent (qualifier value)" />
        <designation>
          <language value="en-US" />
          <use>
            <system value="http://snomed.info/sct" />
            <code value="900000000000003001" />
          </use>
          <value value="Screening - procedure intent (qualifier value)" />
        </designation>
        <designation>
          <language value="de-DE" />
          <value value="Screeningprocedere" />
        </designation>
      </concept>
      <concept>
        <extension url="http://hl7.org/fhir/StructureDefinition/valueset-conceptOrder">
          <valueInteger value="0" />
        </extension>
        <code value="432419006" />
        <display value="Specimen from joint obtained by fine needle aspiration biopsy (specimen)" />
        <designation>
          <language value="en-US" />
          <use>
            <system value="http://snomed.info/sct" />
            <code value="900000000000003001" />
          </use>
          <value value="Specimen from joint obtained by fine needle aspiration biopsy (specimen)" />
        </designation>
        <designation>
          <language value="de-DE" />
          <value value="Gelenkaspirat mittels Feinnadel" />
        </designation>
      </concept>
      <concept>
        <extension url="http://hl7.org/fhir/StructureDefinition/valueset-conceptOrder">
          <valueInteger value="0" />
        </extension>
        <code value="445160003" />
        <display value="Swab of eye (specimen)" />
        <designation>
          <language value="en-US" />
          <use>
            <system value="http://snomed.info/sct" />
            <code value="900000000000003001" />
          </use>
          <value value="Swab of eye (specimen)" />
        </designation>
        <designation>
          <language value="de-DE" />
          <value value="Augenabstrich" />
        </designation>
      </concept>
      <concept>
        <extension url="http://hl7.org/fhir/StructureDefinition/valueset-conceptOrder">
          <valueInteger value="0" />
        </extension>
        <code value="446972001" />
        <display value="Specimen from abscess obtained by aspiration (specimen)" />
        <designation>
          <language value="en-US" />
          <use>
            <system value="http://snomed.info/sct" />
            <code value="900000000000003001" />
          </use>
          <value value="Specimen from abscess obtained by aspiration (specimen)" />
        </designation>
        <designation>
          <language value="de-DE" />
          <value value="Abszessaspirat" />
        </designation>
      </concept>
      <concept>
        <extension url="http://hl7.org/fhir/StructureDefinition/valueset-conceptOrder">
          <valueInteger value="0" />
        </extension>
        <code value="472862007" />
        <display value="Swab from lesion of skin (specimen)" />
        <designation>
          <language value="en-US" />
          <use>
            <system value="http://snomed.info/sct" />
            <code value="900000000000003001" />
          </use>
          <value value="Swab from lesion of skin (specimen)" />
        </designation>
        <designation>
          <language value="de-DE" />
          <value value="Hautläsionsabstrich" />
        </designation>
      </concept>
      <concept>
        <extension url="http://hl7.org/fhir/StructureDefinition/valueset-conceptOrder">
          <valueInteger value="0" />
        </extension>
        <code value="472866005" />
        <display value="Swab from tongue (specimen)" />
        <designation>
          <language value="en-US" />
          <use>
            <system value="http://snomed.info/sct" />
            <code value="900000000000003001" />
          </use>
          <value value="Swab from tongue (specimen)" />
        </designation>
        <designation>
          <language value="de-DE" />
          <value value="Zungenabstrich" />
        </designation>
      </concept>
      <concept>
        <extension url="http://hl7.org/fhir/StructureDefinition/valueset-conceptOrder">
          <valueInteger value="0" />
        </extension>
        <code value="472932002" />
        <display value="Vascular catheter submitted as specimen (specimen)" />
        <designation>
          <language value="en-US" />
          <use>
            <system value="http://snomed.info/sct" />
            <code value="900000000000003001" />
          </use>
          <value value="Vascular catheter submitted as specimen (specimen)" />
        </designation>
        <designation>
          <language value="de-DE" />
          <value value="Gefäßkatheter als Probe" />
        </designation>
      </concept>
      <concept>
        <extension url="http://hl7.org/fhir/StructureDefinition/valueset-conceptOrder">
          <valueInteger value="0" />
        </extension>
        <code value="473409003" />
        <display value="Central venous catheter submitted as specimen (specimen)" />
        <designation>
          <language value="en-US" />
          <use>
            <system value="http://snomed.info/sct" />
            <code value="900000000000003001" />
          </use>
          <value value="Central venous catheter submitted as specimen (specimen)" />
        </designation>
        <designation>
          <language value="de-DE" />
          <value value="Zentralvenöser Katheter als Probe" />
        </designation>
      </concept>
      <concept>
        <extension url="http://hl7.org/fhir/StructureDefinition/valueset-conceptOrder">
          <valueInteger value="0" />
        </extension>
        <code value="608969007" />
        <display value="Specimen from skin (specimen)" />
        <designation>
          <language value="en-US" />
          <use>
            <system value="http://snomed.info/sct" />
            <code value="900000000000003001" />
          </use>
          <value value="Specimen from skin (specimen)" />
        </designation>
        <designation>
          <language value="de-DE" />
          <value value="Hautprobe" />
        </designation>
      </concept>
      <concept>
        <extension url="http://hl7.org/fhir/StructureDefinition/valueset-conceptOrder">
          <valueInteger value="0" />
        </extension>
        <code value="866032008" />
        <display value="Blood specimen in anaerobic blood culture bottle (specimen)" />
        <designation>
          <language value="en-US" />
          <use>
            <system value="http://snomed.info/sct" />
            <code value="900000000000003001" />
          </use>
          <value value="Blood specimen in anaerobic blood culture bottle (specimen)" />
        </designation>
      </concept>
      <concept>
        <extension url="http://hl7.org/fhir/StructureDefinition/valueset-conceptOrder">
          <valueInteger value="0" />
        </extension>
        <code value="866033003" />
        <display value="Blood specimen in aerobic blood culture bottle (specimen)" />
        <designation>
          <language value="en-US" />
          <use>
            <system value="http://snomed.info/sct" />
            <code value="900000000000003001" />
          </use>
          <value value="Blood specimen in aerobic blood culture bottle (specimen)" />
        </designation>
      </concept>
      <concept>
        <extension url="http://hl7.org/fhir/StructureDefinition/valueset-conceptOrder">
          <valueInteger value="0" />
        </extension>
        <code value="878861003" />
        <display value="Blood specimen in blood culture bottle (specimen)" />
        <designation>
          <language value="en-US" />
          <use>
            <system value="http://snomed.info/sct" />
            <code value="900000000000003001" />
          </use>
          <value value="Blood specimen in blood culture bottle (specimen)" />
        </designation>
        <designation>
          <language value="de-DE" />
          <value value="Blutkultur" />
        </designation>
      </concept>
      <concept>
        <extension url="http://hl7.org/fhir/StructureDefinition/valueset-conceptOrder">
          <valueInteger value="1" />
        </extension>
        <code value="119334006" />
        <display value="Sputum specimen (specimen)" />
        <designation>
          <language value="en-US" />
          <use>
            <system value="http://snomed.info/sct" />
            <code value="900000000000003001" />
          </use>
          <value value="Sputum specimen (specimen)" />
        </designation>
        <designation>
          <language value="de-DE" />
          <value value="Sputum" />
        </designation>
      </concept>
      <concept>
        <extension url="http://hl7.org/fhir/StructureDefinition/valueset-conceptOrder">
          <valueInteger value="0" />
        </extension>
        <code value="119389009" />
        <display value="Specimen from throat (specimen)" />
        <designation>
          <language value="en-US" />
          <use>
            <system value="http://snomed.info/sct" />
            <code value="900000000000003001" />
          </use>
          <value value="Specimen from throat (specimen)" />
        </designation>
        <designation>
          <language value="de-DE" />
          <value value="Rachenprobe" />
        </designation>
      </concept>
      <concept>
        <extension url="http://hl7.org/fhir/StructureDefinition/valueset-conceptOrder">
          <valueInteger value="0" />
        </extension>
        <code value="119390000" />
        <display value="Specimen from trachea (specimen)" />
        <designation>
          <language value="en-US" />
          <use>
            <system value="http://snomed.info/sct" />
            <code value="900000000000003001" />
          </use>
          <value value="Specimen from trachea (specimen)" />
        </designation>
        <designation>
          <language value="de-DE" />
          <value value="Probe der Trachea" />
        </designation>
      </concept>
      <concept>
        <extension url="http://hl7.org/fhir/StructureDefinition/valueset-conceptOrder">
          <valueInteger value="0" />
        </extension>
        <code value="122618002" />
        <display value="Specimen from pleura obtained by fine needle aspiration procedure (specimen)" />
        <designation>
          <language value="en-US" />
          <use>
            <system value="http://snomed.info/sct" />
            <code value="900000000000003001" />
          </use>
          <value value="Specimen from pleura obtained by fine needle aspiration procedure (specimen)" />
        </designation>
        <designation>
          <language value="de-DE" />
          <value value="Pleuraaspriatprobe mittels Feinnadel" />
        </designation>
      </concept>
      <concept>
        <extension url="http://hl7.org/fhir/StructureDefinition/valueset-conceptOrder">
          <valueInteger value="0" />
        </extension>
        <code value="122877000" />
        <display value="Upper respiratory fluid specimen obtained by tracheal aspiration (specimen)" />
        <designation>
          <language value="en-US" />
          <use>
            <system value="http://snomed.info/sct" />
            <code value="900000000000003001" />
          </use>
          <value value="Upper respiratory fluid specimen obtained by tracheal aspiration (specimen)" />
        </designation>
        <designation>
          <language value="de-DE" />
          <value value="Probe des oberen Atemwegssekret (endotracheales Absaugen)" />
        </designation>
      </concept>
      <concept>
        <extension url="http://hl7.org/fhir/StructureDefinition/valueset-conceptOrder">
          <valueInteger value="0" />
        </extension>
        <code value="16224371000119105" />
        <display value="Nasal lavage fluid specimen (specimen)" />
        <designation>
          <language value="en-US" />
          <use>
            <system value="http://snomed.info/sct" />
            <code value="900000000000003001" />
          </use>
          <value value="Nasal lavage fluid specimen (specimen)" />
        </designation>
        <designation>
          <language value="de-DE" />
          <value value="Nasenspülflüssigkeit" />
        </designation>
      </concept>
      <concept>
        <extension url="http://hl7.org/fhir/StructureDefinition/valueset-conceptOrder">
          <valueInteger value="0" />
        </extension>
        <code value="168141000" />
        <display value="Nasal fluid specimen (specimen)" />
        <designation>
          <language value="en-US" />
          <use>
            <system value="http://snomed.info/sct" />
            <code value="900000000000003001" />
          </use>
          <value value="Nasal fluid specimen (specimen)" />
        </designation>
        <designation>
          <language value="de-DE" />
          <value value="Nasenflüssigkeitsprobe" />
        </designation>
      </concept>
      <concept>
        <extension url="http://hl7.org/fhir/StructureDefinition/valueset-conceptOrder">
          <valueInteger value="0" />
        </extension>
        <code value="257261003" />
        <display value="Swab (specimen)" />
        <designation>
          <language value="en-US" />
          <use>
            <system value="http://snomed.info/sct" />
            <code value="900000000000003001" />
          </use>
          <value value="Swab (specimen)" />
        </designation>
        <designation>
          <language value="de-DE" />
          <value value="Abstrich" />
        </designation>
      </concept>
      <concept>
        <extension url="http://hl7.org/fhir/StructureDefinition/valueset-conceptOrder">
          <valueInteger value="0" />
        </extension>
        <code value="258411007" />
        <display value="Nasopharyngeal aspirate (specimen)" />
        <designation>
          <language value="en-US" />
          <use>
            <system value="http://snomed.info/sct" />
            <code value="900000000000003001" />
          </use>
          <value value="Nasopharyngeal aspirate (specimen)" />
        </designation>
        <designation>
          <language value="de-DE" />
          <value value="Nasopharyngeales Aspirat" />
        </designation>
      </concept>
      <concept>
        <extension url="http://hl7.org/fhir/StructureDefinition/valueset-conceptOrder">
          <valueInteger value="0" />
        </extension>
        <code value="258412000" />
        <display value="Oropharyngeal aspirate (specimen)" />
        <designation>
          <language value="en-US" />
          <use>
            <system value="http://snomed.info/sct" />
            <code value="900000000000003001" />
          </use>
          <value value="Oropharyngeal aspirate (specimen)" />
        </designation>
        <designation>
          <language value="de-DE" />
          <value value="Oropharyngeales Aspirat" />
        </designation>
      </concept>
      <concept>
        <extension url="http://hl7.org/fhir/StructureDefinition/valueset-conceptOrder">
          <valueInteger value="1" />
        </extension>
        <code value="258446004" />
        <display value="Bronchial fluid specimen (specimen)" />
        <designation>
          <language value="en-US" />
          <use>
            <system value="http://snomed.info/sct" />
            <code value="900000000000003001" />
          </use>
          <value value="Bronchial fluid specimen (specimen)" />
        </designation>
        <designation>
          <language value="de-DE" />
          <value value="Bronchialsekret" />
        </designation>
      </concept>
      <concept>
        <extension url="http://hl7.org/fhir/StructureDefinition/valueset-conceptOrder">
          <valueInteger value="0" />
        </extension>
        <code value="258467004" />
        <display value="Nasopharyngeal washings (specimen)" />
        <designation>
          <language value="en-US" />
          <use>
            <system value="http://snomed.info/sct" />
            <code value="900000000000003001" />
          </use>
          <value value="Nasopharyngeal washings (specimen)" />
        </designation>
        <designation>
          <language value="de-DE" />
          <value value="Nasopharyngeale Spülflüssigkeit" />
        </designation>
      </concept>
      <concept>
        <extension url="http://hl7.org/fhir/StructureDefinition/valueset-conceptOrder">
          <valueInteger value="0" />
        </extension>
        <code value="258469001" />
        <display value="Pharyngeal washings (specimen)" />
        <designation>
          <language value="en-US" />
          <use>
            <system value="http://snomed.info/sct" />
            <code value="900000000000003001" />
          </use>
          <value value="Pharyngeal washings (specimen)" />
        </designation>
        <designation>
          <language value="de-DE" />
          <value value="Rachenspülflüssigkeit" />
        </designation>
      </concept>
      <concept>
        <extension url="http://hl7.org/fhir/StructureDefinition/valueset-conceptOrder">
          <valueInteger value="0" />
        </extension>
        <code value="258480001" />
        <display value="Transtracheal aspirate specimen (specimen)" />
        <designation>
          <language value="en-US" />
          <use>
            <system value="http://snomed.info/sct" />
            <code value="900000000000003001" />
          </use>
          <value value="Transtracheal aspirate specimen (specimen)" />
        </designation>
        <designation>
          <language value="de-DE" />
          <value value="Transtracheale Aspiratsprobe" />
        </designation>
      </concept>
      <concept>
        <extension url="http://hl7.org/fhir/StructureDefinition/valueset-conceptOrder">
          <valueInteger value="1" />
        </extension>
        <code value="258500001" />
        <display value="Nasopharyngeal swab (specimen)" />
        <designation>
          <language value="en-US" />
          <use>
            <system value="http://snomed.info/sct" />
            <code value="900000000000003001" />
          </use>
          <value value="Nasopharyngeal swab (specimen)" />
        </designation>
        <designation>
          <language value="de-DE" />
          <value value="Nasopharyngealer Abstrich" />
        </designation>
      </concept>
      <concept>
        <extension url="http://hl7.org/fhir/StructureDefinition/valueset-conceptOrder">
          <valueInteger value="1" />
        </extension>
        <code value="258529004" />
        <display value="Throat swab (specimen)" />
        <designation>
          <language value="en-US" />
          <use>
            <system value="http://snomed.info/sct" />
            <code value="900000000000003001" />
          </use>
          <value value="Throat swab (specimen)" />
        </designation>
        <designation>
          <language value="de-DE" />
          <value value="Rachenabstrich" />
        </designation>
      </concept>
      <concept>
        <extension url="http://hl7.org/fhir/StructureDefinition/valueset-conceptOrder">
          <valueInteger value="1" />
        </extension>
        <code value="258604001" />
        <display value="Upper respiratory specimen (specimen)" />
        <designation>
          <language value="en-US" />
          <use>
            <system value="http://snomed.info/sct" />
            <code value="900000000000003001" />
          </use>
          <value value="Upper respiratory specimen (specimen)" />
        </designation>
        <designation>
          <language value="de-DE" />
          <value value="Probe der obere Atemwege" />
        </designation>
      </concept>
      <concept>
        <extension url="http://hl7.org/fhir/StructureDefinition/valueset-conceptOrder">
          <valueInteger value="1" />
        </extension>
        <code value="258606004" />
        <display value="Lower respiratory tract specimen (specimen)" />
        <designation>
          <language value="en-US" />
          <use>
            <system value="http://snomed.info/sct" />
            <code value="900000000000003001" />
          </use>
          <value value="Lower respiratory tract specimen (specimen)" />
        </designation>
        <designation>
          <language value="de-DE" />
          <value value="Probe der unteren Atemwegen" />
        </designation>
      </concept>
      <concept>
        <extension url="http://hl7.org/fhir/StructureDefinition/valueset-conceptOrder">
          <valueInteger value="1" />
        </extension>
        <code value="258607008" />
        <display value="Bronchoalveolar lavage fluid specimen (specimen)" />
        <designation>
          <language value="en-US" />
          <use>
            <system value="http://snomed.info/sct" />
            <code value="900000000000003001" />
          </use>
          <value value="Bronchoalveolar lavage fluid specimen (specimen)" />
        </designation>
        <designation>
          <language value="de-DE" />
          <value value="Bronchoalveoläre Lavage" />
        </designation>
      </concept>
      <concept>
        <extension url="http://hl7.org/fhir/StructureDefinition/valueset-conceptOrder">
          <valueInteger value="0" />
        </extension>
        <code value="258609006" />
        <display value="Sputum specimen obtained by aspiration from trachea (specimen)" />
        <designation>
          <language value="en-US" />
          <use>
            <system value="http://snomed.info/sct" />
            <code value="900000000000003001" />
          </use>
          <value value="Sputum specimen obtained by aspiration from trachea (specimen)" />
        </designation>
        <designation>
          <language value="de-DE" />
          <value value="Sputumaspirat" />
        </designation>
      </concept>
      <concept>
        <extension url="http://hl7.org/fhir/StructureDefinition/valueset-conceptOrder">
          <valueInteger value="1" />
        </extension>
        <code value="309164002" />
        <display value="Upper respiratory swab specimen (specimen)" />
        <designation>
          <language value="en-US" />
          <use>
            <system value="http://snomed.info/sct" />
            <code value="900000000000003001" />
          </use>
          <value value="Upper respiratory swab specimen (specimen)" />
        </designation>
        <designation>
          <language value="de-DE" />
          <value value="Abstrich der oberen Atemwege" />
        </designation>
      </concept>
      <concept>
        <extension url="http://hl7.org/fhir/StructureDefinition/valueset-conceptOrder">
          <valueInteger value="0" />
        </extension>
        <code value="309171007" />
        <display value="Lower respiratory fluid specimen (specimen)" />
        <designation>
          <language value="en-US" />
          <use>
            <system value="http://snomed.info/sct" />
            <code value="900000000000003001" />
          </use>
          <value value="Lower respiratory fluid specimen (specimen)" />
        </designation>
        <designation>
          <language value="de-DE" />
          <value value="Flüssigkeit der unteren Atemwege" />
        </designation>
      </concept>
      <concept>
        <extension url="http://hl7.org/fhir/StructureDefinition/valueset-conceptOrder">
          <valueInteger value="1" />
        </extension>
        <code value="410580001" />
        <display value="Respiratory fluid specimen (specimen)" />
        <designation>
          <language value="en-US" />
          <use>
            <system value="http://snomed.info/sct" />
            <code value="900000000000003001" />
          </use>
          <value value="Respiratory fluid specimen (specimen)" />
        </designation>
        <designation>
          <language value="de-DE" />
          <value value="Atemwegssekret" />
        </designation>
      </concept>
      <concept>
        <extension url="http://hl7.org/fhir/StructureDefinition/valueset-conceptOrder">
          <valueInteger value="0" />
        </extension>
        <code value="415293009" />
        <display value="Respiratory secretion (specimen)" />
        <designation>
          <language value="en-US" />
          <use>
            <system value="http://snomed.info/sct" />
            <code value="900000000000003001" />
          </use>
          <value value="Respiratory secretion (specimen)" />
        </designation>
        <designation>
          <language value="de-DE" />
          <value value="Atemwegssekret" />
        </designation>
      </concept>
      <concept>
        <extension url="http://hl7.org/fhir/StructureDefinition/valueset-conceptOrder">
          <valueInteger value="1" />
        </extension>
        <code value="418564007" />
        <display value="Pleural fluid specimen (specimen)" />
        <designation>
          <language value="en-US" />
          <use>
            <system value="http://snomed.info/sct" />
            <code value="900000000000003001" />
          </use>
          <value value="Pleural fluid specimen (specimen)" />
        </designation>
        <designation>
          <language value="de-DE" />
          <value value="Pleuraflüssigkeit" />
        </designation>
      </concept>
      <concept>
        <extension url="http://hl7.org/fhir/StructureDefinition/valueset-conceptOrder">
          <valueInteger value="0" />
        </extension>
        <code value="430248009" />
        <display value="Specimen from nasopharyngeal structure (specimen)" />
        <designation>
          <language value="en-US" />
          <use>
            <system value="http://snomed.info/sct" />
            <code value="900000000000003001" />
          </use>
          <value value="Specimen from nasopharyngeal structure (specimen)" />
        </designation>
        <designation>
          <language value="de-DE" />
          <value value="Probe des Nasopharynx" />
        </designation>
      </concept>
      <concept>
        <extension url="http://hl7.org/fhir/StructureDefinition/valueset-conceptOrder">
          <valueInteger value="0" />
        </extension>
        <code value="433801000124107" />
        <display value="Combined nasopharyngeal and oropharyngeal swab (specimen)" />
        <designation>
          <language value="en-US" />
          <use>
            <system value="http://snomed.info/sct" />
            <code value="900000000000003001" />
          </use>
          <value value="Combined nasopharyngeal and oropharyngeal swab (specimen)" />
        </designation>
        <designation>
          <language value="de-DE" />
          <value value="Kombinierter nasopharyngealer und oropharyngealer Abstrich" />
        </designation>
      </concept>
      <concept>
        <extension url="http://hl7.org/fhir/StructureDefinition/valueset-conceptOrder">
          <valueInteger value="0" />
        </extension>
        <code value="441620008" />
        <display value="Oral fluid specimen (specimen)" />
        <designation>
          <language value="en-US" />
          <use>
            <system value="http://snomed.info/sct" />
            <code value="900000000000003001" />
          </use>
          <value value="Oral fluid specimen (specimen)" />
        </designation>
        <designation>
          <language value="de-DE" />
          <value value="Mundflüssigkeit" />
        </designation>
      </concept>
      <concept>
        <extension url="http://hl7.org/fhir/StructureDefinition/valueset-conceptOrder">
          <valueInteger value="0" />
        </extension>
        <code value="445297001" />
        <display value="Swab of internal nose (specimen)" />
        <designation>
          <language value="en-US" />
          <use>
            <system value="http://snomed.info/sct" />
            <code value="900000000000003001" />
          </use>
          <value value="Swab of internal nose (specimen)" />
        </designation>
        <designation>
          <language value="de-DE" />
          <value value="Abstrich der inneren Nase" />
        </designation>
      </concept>
      <concept>
        <extension url="http://hl7.org/fhir/StructureDefinition/valueset-conceptOrder">
          <valueInteger value="0" />
        </extension>
        <code value="445447003" />
        <display value="Specimen from trachea obtained by aspiration (specimen)" />
        <designation>
          <language value="en-US" />
          <use>
            <system value="http://snomed.info/sct" />
            <code value="900000000000003001" />
          </use>
          <value value="Specimen from trachea obtained by aspiration (specimen)" />
        </designation>
        <designation>
          <language value="de-DE" />
          <value value="Trachealsekrets" />
        </designation>
      </concept>
      <concept>
        <extension url="http://hl7.org/fhir/StructureDefinition/valueset-conceptOrder">
          <valueInteger value="0" />
        </extension>
        <code value="447154002" />
        <display value="Specimen from nose (specimen)" />
        <designation>
          <language value="en-US" />
          <use>
            <system value="http://snomed.info/sct" />
            <code value="900000000000003001" />
          </use>
          <value value="Specimen from nose (specimen)" />
        </designation>
        <designation>
          <language value="de-DE" />
          <value value="Probe der Nase" />
        </designation>
      </concept>
      <concept>
        <extension url="http://hl7.org/fhir/StructureDefinition/valueset-conceptOrder">
          <valueInteger value="0" />
        </extension>
        <code value="447339001" />
        <display value="Nasal smear specimen (specimen)" />
        <designation>
          <language value="en-US" />
          <use>
            <system value="http://snomed.info/sct" />
            <code value="900000000000003001" />
          </use>
          <value value="Nasal smear specimen (specimen)" />
        </designation>
        <designation>
          <language value="de-DE" />
          <value value="Nasenabstrich" />
        </designation>
      </concept>
      <concept>
        <extension url="http://hl7.org/fhir/StructureDefinition/valueset-conceptOrder">
          <valueInteger value="0" />
        </extension>
        <code value="461911000124106" />
        <display value="Swab specimen from oropharynx (specimen)" />
        <designation>
          <language value="en-US" />
          <use>
            <system value="http://snomed.info/sct" />
            <code value="900000000000003001" />
          </use>
          <value value="Swab specimen from oropharynx (specimen)" />
        </designation>
        <designation>
          <language value="de-DE" />
          <value value="Oropharyngealer Abstrich" />
        </designation>
      </concept>
      <concept>
        <extension url="http://hl7.org/fhir/StructureDefinition/valueset-conceptOrder">
          <valueInteger value="0" />
        </extension>
        <code value="472867001" />
        <display value="Swab from tonsil (specimen)" />
        <designation>
          <language value="en-US" />
          <use>
            <system value="http://snomed.info/sct" />
            <code value="900000000000003001" />
          </use>
          <value value="Swab from tonsil (specimen)" />
        </designation>
        <designation>
          <language value="de-DE" />
          <value value="Tonsillenabstrich" />
        </designation>
      </concept>
      <concept>
        <extension url="http://hl7.org/fhir/StructureDefinition/valueset-conceptOrder">
          <valueInteger value="0" />
        </extension>
        <code value="472881004" />
        <display value="Swab from pharynx (specimen)" />
        <designation>
          <language value="en-US" />
          <use>
            <system value="http://snomed.info/sct" />
            <code value="900000000000003001" />
          </use>
          <value value="Swab from pharynx (specimen)" />
        </designation>
        <designation>
          <language value="de-DE" />
          <value value="Pharynxabstrich" />
        </designation>
      </concept>
      <concept>
        <extension url="http://hl7.org/fhir/StructureDefinition/valueset-conceptOrder">
          <valueInteger value="0" />
        </extension>
        <code value="472901003" />
        <display value="Swab from nasal sinus (specimen)" />
        <designation>
          <language value="en-US" />
          <use>
            <system value="http://snomed.info/sct" />
            <code value="900000000000003001" />
          </use>
          <value value="Swab from nasal sinus (specimen)" />
        </designation>
        <designation>
          <language value="de-DE" />
          <value value="Nasennebenhöhlenabstrich" />
        </designation>
      </concept>
      <concept>
        <extension url="http://hl7.org/fhir/StructureDefinition/valueset-conceptOrder">
          <valueInteger value="0" />
        </extension>
        <code value="57741000052105" />
        <display value="Tracheal secretion specimen (specimen)" />
        <designation>
          <language value="en-US" />
          <use>
            <system value="http://snomed.info/sct" />
            <code value="900000000000003001" />
          </use>
          <value value="Tracheal secretion specimen (specimen)" />
        </designation>
        <designation>
          <language value="de-DE" />
          <value value="Trachealsekret" />
        </designation>
      </concept>
      <concept>
        <extension url="http://hl7.org/fhir/StructureDefinition/valueset-conceptOrder">
          <valueInteger value="0" />
        </extension>
        <code value="697989009" />
        <display value="Anterior nares swab (specimen)" />
        <designation>
          <language value="en-US" />
          <use>
            <system value="http://snomed.info/sct" />
            <code value="900000000000003001" />
          </use>
          <value value="Anterior nares swab (specimen)" />
        </designation>
        <designation>
          <language value="de-DE" />
          <value value="Nasenvorhofabstrich" />
        </designation>
      </concept>
    </include>
  </compose>
</ValueSet>