<?xml version="1.0" encoding="utf-8"?>
<ValueSet xmlns="http://hl7.org/fhir">
  <id value="laboratoryTestMSVP" />
  <url value="https://demis.rki.de/fhir/ValueSet/laboratoryTestMSVP" />
  <version value="1.6.0" />
  <name value="LaboratoryTestMSVP" />
  <title value="Labortest für Masernvirus" />
  <status value="active" />
  <experimental value="false" />
  <date value="2024-08-26" />
  <publisher value="Robert Koch-Institut" />
  <description value="Das ValueSet LaboratoryTestMSVP enthält die Codes der Labortests für Masernvirus." />
  <copyright value="This material contains content from LOINC (http://loinc.org/). LOINC is copyright © 1995-2023, Regenstrief Institute, Inc. and the Logical Observation Identifiers Names and Codes (LOINC) Committee and is available at no cost under the license at http://loinc.org/license. LOINC® is a registered United States trademark of Regenstrief Institute, Inc.&#xD;&#xA;&#xD;&#xA;Dieses Material enthält Inhalte von LOINC (http://loinc.org/). LOINC ist urheberrechtlich geschützt © 1995-2023, Regenstrief Institute, Inc. und das Logical Observation Identifiers Names and Codes (LOINC) Committee und ist unter der Lizenz http://loinc.org/license kostenlos erhältlich. LOINC® ist eine eingetragene US-amerikanische Marke des Regenstrief Institute, Inc.&#xD;&#xA;&#xD;&#xA;Downloadbedingungen für LOINC-Übersetzungen für Anwendungszwecke in Deutschland&#xD;&#xA;Übersetzungen in verschiedenen Sprachen werden von &quot;LOINC® Adopters&quot;, meistens Behörden oder Forschungsinstituten verschiedener Länder, erstellt und an das Regenstrief Institute weitergegeben. Das Copyright für die Übersetzungen liegt beim Regenstrief Institute. Für Deutschland wird die LOINC®-Übersetzung durch das BfArM bereitgestellt. Die Übersetzungen werden durch das Regenstrief Institute als &quot;Linguistic Variants&quot; in den halbjährlichen LOINC®-Releases (Februar und August) veröffentlicht.&#xD;&#xA;&#xD;&#xA;Das Copyright für die Übersetzungen liegt beim Regenstrief Institute, 1101 W 10th St, Indianapolis, IN 46202, USA.&#xD;&#xA;&#xD;&#xA;Mit dem Download von Dateien kommt ein Nutzungsvertrag zwischen Ihnen und dem Regenstrief Institute zustande. Sie verpflichten sich, die unten verlinkten Nutzungs- und Abgabebedingungen für LOINC vom Regenstrief Institute einzuhalten." />
  <compose>
    <include>
      <system value="http://loinc.org" />
      <version value="2.78" />
      <concept>
        <code value="104427-0" />
        <display value="Measles virus genotype [Identifier] in Specimen by Sequencing" />
        <designation>
          <language value="de-DE" />
          <use>
            <system value="http://loinc.org" />
            <code value="LONG_COMMON_NAME" />
          </use>
          <value value="Masern-Virus Genotyp [Identität] in Probenmaterial mittels Sequenzierung" />
        </designation>
      </concept>
      <concept>
        <code value="104428-8" />
        <display value="Measles virus IgG Ab avidity [Ratio] in Serum by Immunoassay" />
        <designation>
          <language value="de-DE" />
          <use>
            <system value="http://loinc.org" />
            <code value="LONG_COMMON_NAME" />
          </use>
          <value value="Masern-Virus IgG-Antikörperavidität [Verhältnis] in Serum mittels Immunoassay" />
        </designation>
      </concept>
      <concept>
        <code value="13283-7" />
        <display value="Measles virus IgM Ab [Units/volume] in Cerebral spinal fluid" />
      </concept>
      <concept>
        <code value="14304-0" />
        <display value="Measles virus IgG Ab [Units/volume] in Serum by Immunoassay --1st specimen" />
        <designation>
          <language value="de-DE" />
          <use>
            <system value="http://loinc.org" />
            <code value="LONG_COMMON_NAME" />
          </use>
          <value value="Masern-Virus IgG-Antikörper [Einheiten/Volumen] in Serum mittels Immunoassay --1. Probenmaterial" />
        </designation>
      </concept>
      <concept>
        <code value="14305-7" />
        <display value="Measles virus IgG Ab [Units/volume] in Serum by Immunoassay --2nd specimen" />
        <designation>
          <language value="de-DE" />
          <use>
            <system value="http://loinc.org" />
            <code value="LONG_COMMON_NAME" />
          </use>
          <value value="Masern-Virus IgG-Antikörper [Einheiten/Volumen] in Serum mittels Immunoassay --2. Probenmaterial" />
        </designation>
      </concept>
      <concept>
        <code value="17554-7" />
        <display value="Measles virus IgA Ab [Units/volume] in Serum" />
        <designation>
          <language value="de-DE" />
          <use>
            <system value="http://loinc.org" />
            <code value="LONG_COMMON_NAME" />
          </use>
          <value value="Masern-Virus IgA-Antikörper [Einheiten/Volumen] in Serum" />
        </designation>
      </concept>
      <concept>
        <code value="20479-2" />
        <display value="Measles virus IgG Ab [Presence] in Serum" />
        <designation>
          <language value="de-DE" />
          <use>
            <system value="http://loinc.org" />
            <code value="LONG_COMMON_NAME" />
          </use>
          <value value="Masern-Virus IgG-Antikörper [Nachweis] in Serum" />
        </designation>
      </concept>
      <concept>
        <code value="21503-8" />
        <display value="Measles virus IgM Ab [Presence] in Serum" />
        <designation>
          <language value="de-DE" />
          <use>
            <system value="http://loinc.org" />
            <code value="LONG_COMMON_NAME" />
          </use>
          <value value="Masern-Virus IgM-Antikörper [Nachweis] in Serum" />
        </designation>
      </concept>
      <concept>
        <code value="22500-3" />
        <display value="Measles virus IgG Ab [Units/volume] in Cerebral spinal fluid" />
      </concept>
      <concept>
        <code value="25299-9" />
        <display value="Measles virus IgG Ab [Ratio] in Serum --1st specimen/2nd specimen" />
        <designation>
          <language value="de-DE" />
          <use>
            <system value="http://loinc.org" />
            <code value="LONG_COMMON_NAME" />
          </use>
          <value value="Masern-Virus IgG-Antikörper [Verhältnis] in Serum --1. Probenmaterial/2. Probenmaterial" />
        </designation>
      </concept>
      <concept>
        <code value="25421-9" />
        <display value="Measles virus IgM Ab [Units/volume] in Serum by Immunoassay" />
        <designation>
          <language value="de-DE" />
          <use>
            <system value="http://loinc.org" />
            <code value="LONG_COMMON_NAME" />
          </use>
          <value value="Masern-Virus IgM-Antikörper [Einheiten/Volumen] in Serum mittels Immunoassay" />
        </designation>
      </concept>
      <concept>
        <code value="35275-7" />
        <display value="Measles virus IgG Ab [Presence] in Serum by Immunoassay" />
        <designation>
          <language value="de-DE" />
          <use>
            <system value="http://loinc.org" />
            <code value="LONG_COMMON_NAME" />
          </use>
          <value value="Masern-Virus IgG-Antikörper [Nachweis] in Serum mittels Immunoassay" />
        </designation>
      </concept>
      <concept>
        <code value="35276-5" />
        <display value="Measles virus IgM Ab [Presence] in Serum by Immunoassay" />
        <designation>
          <language value="de-DE" />
          <use>
            <system value="http://loinc.org" />
            <code value="LONG_COMMON_NAME" />
          </use>
          <value value="Masern-Virus IgM-Antikörper [Nachweis] in Serum mittels Immunoassay" />
        </designation>
      </concept>
      <concept>
        <code value="40649-6" />
        <display value="Measles virus IgM Ab [Units/volume] in Cerebral spinal fluid by Immunoassay" />
        <designation>
          <language value="de-DE" />
          <use>
            <system value="http://loinc.org" />
            <code value="LONG_COMMON_NAME" />
          </use>
          <value value="Masern-Virus IgM-Antikörper [Einheiten/Volumen] in Liquor mittels Immunoassay" />
        </designation>
      </concept>
      <concept>
        <code value="41852-5" />
        <display value="Microorganism or agent identified in Specimen" />
        <designation>
          <language value="de-DE" />
          <use>
            <system value="http://loinc.org" />
            <code value="LONG_COMMON_NAME" />
          </use>
          <value value="Mikroorganismus oder Erreger identifiziert in Probenmaterial" />
        </designation>
      </concept>
      <concept>
        <code value="48508-6" />
        <display value="Measles virus RNA [Presence] in Specimen by NAA with probe detection" />
        <designation>
          <language value="de-DE" />
          <use>
            <system value="http://loinc.org" />
            <code value="LONG_COMMON_NAME" />
          </use>
          <value value="Masern-Virus RNA [Nachweis] in Probenmaterial mittels Nukleinsäureamplifikation mit Sondendetektion" />
        </designation>
      </concept>
      <concept>
        <code value="5244-9" />
        <display value="Measles virus IgG Ab [Units/volume] in Serum by Immunoassay" />
        <designation>
          <language value="de-DE" />
          <use>
            <system value="http://loinc.org" />
            <code value="LONG_COMMON_NAME" />
          </use>
          <value value="Masern-Virus IgG-Antikörper [Einheiten/Volumen] in Serum mittels Immunoassay" />
        </designation>
      </concept>
      <concept>
        <code value="60422-3" />
        <display value="Measles virus genotype [Identifier] in Specimen by NAA with probe detection" />
        <designation>
          <language value="de-DE" />
          <use>
            <system value="http://loinc.org" />
            <code value="LONG_COMMON_NAME" />
          </use>
          <value value="Masern-Virus Genotyp [Nachweis oder Identität] in Probenmaterial mittels Nukleinsäureamplifikation mit Sondendetektion" />
        </designation>
      </concept>
      <concept>
        <code value="7962-4" />
        <display value="Measles virus IgG Ab [Units/volume] in Serum" />
        <designation>
          <language value="de-DE" />
          <use>
            <system value="http://loinc.org" />
            <code value="LONG_COMMON_NAME" />
          </use>
          <value value="Masern-Virus IgG-Antikörper [Einheiten/Volumen] in Serum" />
        </designation>
      </concept>
      <concept>
        <code value="7963-2" />
        <display value="Measles virus IgM Ab [Units/volume] in Serum" />
        <designation>
          <language value="de-DE" />
          <use>
            <system value="http://loinc.org" />
            <code value="LONG_COMMON_NAME" />
          </use>
          <value value="Masern-Virus IgM-Antikörper [Einheiten/Volumen] in Serum" />
        </designation>
      </concept>
      <concept>
        <code value="9566-1" />
        <display value="Measles virus IgG Ab [Units/volume] in Cerebral spinal fluid by Immunoassay" />
        <designation>
          <language value="de-DE" />
          <use>
            <system value="http://loinc.org" />
            <code value="LONG_COMMON_NAME" />
          </use>
          <value value="Masern-Virus IgG-Antikörper [Einheiten/Volumen] in Liquor mittels Immunoassay" />
        </designation>
      </concept>
    </include>
  </compose>
</ValueSet>