<?xml version="1.0" encoding="utf-8"?>
<ValueSet xmlns="http://hl7.org/fhir">
  <id value="reasonForTesting" />
  <url value="https://demis.rki.de/fhir/ValueSet/reasonForTesting" />
  <version value="1.5.0" />
  <name value="ReasonForTesting" />
  <title value="Untersuchungsgrund" />
  <status value="active" />
  <experimental value="false" />
  <date value="2024-08-27" />
  <publisher value="Robert Koch-Institut" />
  <description value="Das ValueSet ReasonForTesting enthält die Codes für den Untersuchungsgrund." />
  <copyright value="This material includes SNOMED Clinical Terms® (SNOMED CT®) which is used by permission of the International Health Terminology Standards Development Organisation (IHTSDO). All rights reserved. SNOMED CT®, was originally created by The College of American Pathologists. “SNOMED” and “SNOMED CT” are registered trademarks of the IHTSDO.&#xD;&#xA;&#xD;&#xA;Dieses Material enthält SNOMED Clinical Terms® (SNOMED CT®), die mit Genehmigung der International Health Terminology Standards Development Organisation (IHTSDO) verwendet werden. Alle Rechte vorbehalten. SNOMED CT® wurde ursprünglich vom College of American Pathologists entwickelt. &quot;SNOMED&quot; und &quot;SNOMED CT&quot; sind eingetragene Warenzeichen der IHTSDO.&#xD;&#xA;&#xD;&#xA;Downloadbedingungen für SNOMED-CT&#xD;&#xA;&#xD;&#xA;Enthält durch SNOMED International urheberrechtlich geschützte Information. Jede Verwendung von SNOMED CT in Deutschland erfordert eine vollgültige Affiliate Lizenz oder eine Sublizenz. Die entsprechende Lizenz ist kostenlos, vorausgesetzt die Verwendung findet nur in Deutschland statt und erfüllt die Bedingungen des Affiliate License Agreements. Affiliate Lizenzen können über das Mitglieder-Lizenzierungs- und Distributions-Service (MLDS) direkt beim jeweiligen NRC beantragt werden. https://mlds.ihtsdotools.org/#/landing/DE?lang=de&#xD;&#xA;&#xD;&#xA;Contains information protected by copyright of SNOMED International. Any use of SNOMED CT in Austria requires a valid affiliate license or sublicense. The corresponding license is free of charge, provided that the use only takes place in Austria and fulfills the conditions of the Affiliate License Agreement. Affiliate licenses can be requested directly from the respective NRC via the Member Licensing and Distribution Service (MLDS). ttps://mlds.ihtsdotools.org/#/landing/DE?lang=de" />
  <compose>
    <include>
      <system value="http://snomed.info/sct" />
      <version value="http://snomed.info/sct/11000274103/version/20240515" />
      <concept>
        <code value="168186002" />
        <display value="allgemeiner medizinisch-diagnostischer Anlass" />
        <designation>
          <language value="en-US" />
          <use>
            <system value="http://snomed.info/sct" />
            <code value="900000000000003001" />
          </use>
          <value value="Sample - microbiological exam (procedure)" />
        </designation>
      </concept>
      <concept>
        <code value="261665006" />
        <display value="Unbekannt" />
        <designation>
          <language value="en-US" />
          <use>
            <system value="http://snomed.info/sct" />
            <code value="900000000000003001" />
          </use>
          <value value="Unknown (qualifier value)" />
        </designation>
      </concept>
      <concept>
        <code value="314074007" />
        <display value="nicht medizinisch-diagnostischer Anlass" />
        <designation>
          <language value="en-US" />
          <use>
            <system value="http://snomed.info/sct" />
            <code value="900000000000003001" />
          </use>
          <value value="Microbiology screening test (procedure)" />
        </designation>
      </concept>
      <concept>
        <code value="428792000" />
        <display value="Kontaktperson" />
        <designation>
          <language value="en-US" />
          <use>
            <system value="http://snomed.info/sct" />
            <code value="900000000000003001" />
          </use>
          <value value="Person exposed to disease (person)" />
        </designation>
      </concept>
      <concept>
        <code value="871560001:{246501002=703690001}" />
        <display value="bestätigender PCR-Test (nach einem positiven Antigen-Schnell- oder Selbsttest)" />
        <designation>
          <language value="en-US" />
          <use>
            <system value="http://snomed.info/sct" />
            <code value="1119454002" />
          </use>
          <value value="871560001 | Detection of ribonucleic acid of severe acute respiratory syndrome coronavirus 2 using polymerase chain reaction (observable entity) | : { 246501002 | Technique (attribute) | = 703690001 | Confirmatory technique (qualifier value) | }" />
        </designation>
      </concept>
      <concept>
        <code value="9718006:{363702006=(308273005:255234002=117725006)},{363702006=(308273005:255234002=9718006)}" />
        <display value="Verlaufs-PCR in Folge eines Bakteriennachweis mittels PCR" />
        <designation>
          <language value="en-US" />
          <use>
            <system value="http://snomed.info/sct" />
            <code value="1119454002" />
          </use>
          <value value="9718006 | Polymerase chain reaction analysis (procedure) | : { 363702006 | Has focus (attribute) | = ( 308273005 | Follow-up status (finding) | : 255234002 | After (attribute) | = 117725006 | Detection of bacteria (procedure) | ) } ,  { 363702006 | Has focus (attribute) | = ( 308273005 | Follow-up status (finding) | : 255234002 | After (attribute) | = 9718006 | Polymerase chain reaction analysis (procedure) | ) }" />
        </designation>
      </concept>
      <concept>
        <code value="9718006:{363702006=(308273005:255234002=122442008)},{363702006=(308273005:255234002=9718006)}" />
        <display value="Verlaufs-PCR in Folge eines Virusnachweis mittels PCR" />
        <designation>
          <language value="en-US" />
          <use>
            <system value="http://snomed.info/sct" />
            <code value="1119454002" />
          </use>
          <value value="9718006 | Polymerase chain reaction analysis (procedure) | : { 363702006 | Has focus (attribute) | = ( 308273005 | Follow-up status (finding) | : 255234002 | After (attribute) | = 122442008 | Detection of virus (procedure) | ) } ,  { 363702006 | Has focus (attribute) | = ( 308273005 | Follow-up status (finding) | : 255234002 | After (attribute) | = 9718006 | Polymerase chain reaction analysis (procedure) | ) }" />
        </designation>
      </concept>
    </include>
  </compose>
</ValueSet>