<?xml version="1.0" encoding="utf-8"?>
<StructureDefinition xmlns="http://hl7.org/fhir">
  <id value="Isolate" />
  <url value="https://demis.rki.de/fhir/igs/StructureDefinition/Isolate" />
  <version value="2.0.1" />
  <name value="Isolate" />
  <title value="Isolat" />
  <status value="active" />
  <date value="2024-10-31" />
  <description value="Das Isolate dient der Angabe welches Isolat (Laborinterne Nummer/Name/Identifier) zur Sequenzierung verwendet wurde. Es handelt sich um eine Freitextangabe." />
  <fhirVersion value="4.0.1" />
  <kind value="complex-type" />
  <abstract value="false" />
  <context>
    <type value="element" />
    <expression value="Specimen" />
  </context>
  <type value="Extension" />
  <baseDefinition value="http://hl7.org/fhir/StructureDefinition/Extension" />
  <derivation value="constraint" />
  <differential>
    <element id="Extension.url">
      <path value="Extension.url" />
      <fixedUri value="https://demis.rki.de/fhir/igs/StructureDefinition/Isolate" />
    </element>
    <element id="Extension.value[x]">
      <path value="Extension.value[x]" />
      <min value="1" />
      <type>
        <code value="string" />
      </type>
      <mustSupport value="true" />
    </element>
  </differential>
</StructureDefinition>