<?xml version="1.0" encoding="utf-8"?>
<StructureDefinition xmlns="http://hl7.org/fhir">
  <id value="SequencingReason" />
  <url value="https://demis.rki.de/fhir/igs/StructureDefinition/SequencingReason" />
  <version value="2.0.1" />
  <name value="SequencingReason" />
  <title value="Grund der Sequenzierung" />
  <status value="active" />
  <date value="2024-10-31" />
  <description value="Der SequencingReason dient der Angabe des Grundes der Sequenzierung, z.B. Stichprobe oder spezifischer Auftrag. Der Grund muss entsprechend des vom RKI definierten ValueSets https://demis.rki.de/fhir/igs/ValueSet/sequencingReason im Coding-Element dargestellt werden." />
  <fhirVersion value="4.0.1" />
  <kind value="complex-type" />
  <abstract value="false" />
  <context>
    <type value="element" />
    <expression value="MolecularSequence" />
  </context>
  <type value="Extension" />
  <baseDefinition value="http://hl7.org/fhir/StructureDefinition/Extension" />
  <derivation value="constraint" />
  <differential>
    <element id="Extension.url">
      <path value="Extension.url" />
      <fixedUri value="https://demis.rki.de/fhir/igs/StructureDefinition/SequencingReason" />
    </element>
    <element id="Extension.value[x]">
      <path value="Extension.value[x]" />
      <min value="1" />
      <type>
        <code value="Coding" />
      </type>
      <mustSupport value="true" />
      <binding>
        <strength value="required" />
        <valueSet value="https://demis.rki.de/fhir/igs/ValueSet/sequencingReason" />
      </binding>
    </element>
    <element id="Extension.value[x].system">
      <path value="Extension.value[x].system" />
      <min value="1" />
      <mustSupport value="true" />
    </element>
    <element id="Extension.value[x].code">
      <path value="Extension.value[x].code" />
      <min value="1" />
      <mustSupport value="true" />
    </element>
  </differential>
</StructureDefinition>