<?xml version="1.0" encoding="utf-8"?>
<ValueSet xmlns="http://hl7.org/fhir">
  <id value="answerSetGeographicRegion" />
  <url value="https://demis.rki.de/fhir/ValueSet/answerSetGeographicRegion" />
  <version value="1.2.2"/>
  <name value="AnswerSetGeographicRegion" />
  <title value="Antwort geographische Region" />
  <status value="active" />
  <experimental value="false" />
  <date value="2026-01-13" />
  <publisher value="Robert Koch-Institut" />
  <description value="Das ValueSet AnswerSetGeographicRegion enthält die Codes der Antwortmöglichkeiten für die geographische Region." />
  <compose>
    <include>
      <system value="https://demis.rki.de/fhir/CodeSystem/geographicRegion" />
      <version value="1.1.1" />
    </include>
    <include>
      <system value="http://terminology.hl7.org/CodeSystem/v3-NullFlavor" />
      <version value="2.1.0" />
      <concept>
        <extension url="http://hl7.org/fhir/StructureDefinition/valueset-conceptOrder">
          <valueInteger value="999" />
        </extension>
        <code value="ASKU" />
        <display value="asked but unknown" />
      </concept>
      <concept>
        <extension url="http://hl7.org/fhir/StructureDefinition/valueset-conceptOrder">
          <valueInteger value="1000" />
        </extension>
        <code value="NASK" />
        <display value="not asked" />
      </concept>
    </include>
  </compose>
</ValueSet>