<?xml version="1.0" encoding="utf-8"?>
<ValueSet xmlns="http://hl7.org/fhir">
  <id value="evidenceCHTD" />
  <url value="https://demis.rki.de/fhir/ValueSet/evidenceCHTD" />
  <version value="2.0.0" />
  <name value="EvidenceCHTD" />
  <title value="Symptome und Manifestationen in Bezug auf den Meldetatbestand &quot;Chlamydia trachomatis (L1 bis L3)&quot;" />
  <status value="active" />
  <experimental value="false" />
  <date value="2026-01-07" />
  <publisher value="Robert Koch-Institut" />
  <contact>
    <telecom>
      <system value="email" />
      <value value="demis-support@rki.de" />
    </telecom>
  </contact>
  <description value="Das ValueSet EvidenceCHTD enthält die kodierten Angaben zu Symptomen und Manifestationen in Bezug auf den Meldetatbestand &quot;Chlamydia trachomatis (L1 bis L3)&quot;." />
  <jurisdiction>
    <coding>
      <system value="urn:iso:std:iso:3166" />
      <version value="ALPHA-2" />
      <code value="DE" />
    </coding>
  </jurisdiction>
  <copyright value="This material includes SNOMED Clinical Terms® (SNOMED CT®) which is used by permission of the International Health Terminology Standards Development Organisation (IHTSDO). All rights reserved. SNOMED CT®, was originally created by The College of American Pathologists. “SNOMED” and “SNOMED CT” are registered trademarks of the IHTSDO.&#xD;&#xA;&#xD;&#xA;Dieses Material enthält SNOMED Clinical Terms® (SNOMED CT®), die mit Genehmigung der International Health Terminology Standards Development Organisation (IHTSDO) verwendet werden. Alle Rechte vorbehalten. SNOMED CT® wurde ursprünglich vom College of American Pathologists entwickelt. &quot;SNOMED&quot; und &quot;SNOMED CT&quot; sind eingetragene Warenzeichen der IHTSDO.&#xD;&#xA;&#xD;&#xA;Downloadbedingungen für SNOMED-CT&#xD;&#xA;&#xD;&#xA;Enthält durch SNOMED International urheberrechtlich geschützte Information. Jede Verwendung von SNOMED CT in Deutschland erfordert eine vollgültige Affiliate Lizenz oder eine Sublizenz. Die entsprechende Lizenz ist kostenlos, vorausgesetzt die Verwendung findet nur in Deutschland statt und erfüllt die Bedingungen des Affiliate License Agreements. Affiliate Lizenzen können über das Mitglieder-Lizenzierungs- und Distributions-Service (MLDS) direkt beim jeweiligen NRC beantragt werden. https://mlds.ihtsdotools.org/#/landing/DE?lang=de&#xD;&#xA;&#xD;&#xA;Contains information protected by copyright of SNOMED International. Any use of SNOMED CT in Austria requires a valid affiliate license or sublicense. The corresponding license is free of charge, provided that the use only takes place in Austria and fulfills the conditions of the Affiliate License Agreement. Affiliate licenses can be requested directly from the respective NRC via the Member Licensing and Distribution Service (MLDS). ttps://mlds.ihtsdotools.org/#/landing/DE?lang=de" />
  <compose>
    <include>
      <system value="http://snomed.info/sct" />
      <version value="http://snomed.info/sct/11000274103/version/20251115" />
      <concept>
        <extension url="http://hl7.org/fhir/StructureDefinition/valueset-conceptOrder">
          <valueInteger value="18" />
        </extension>
        <code value="11585000" />
        <display value="Bubo (morphologic abnormality)" />
        <designation>
          <language value="de-DE" />
          <value value="Bubo/Bubonen" />
        </designation>
      </concept>
      <concept>
        <extension url="http://hl7.org/fhir/StructureDefinition/valueset-conceptOrder">
          <valueInteger value="22" />
        </extension>
        <code value="128477000" />
        <display value="Abszess" />
      </concept>
      <concept>
        <extension url="http://hl7.org/fhir/StructureDefinition/valueset-conceptOrder">
          <valueInteger value="20" />
        </extension>
        <code value="198130006" />
        <display value="Unterleibsentzündung der Frau" />
        <designation>
          <language value="de-DE" />
          <value value="Beckenentzündung (Pelvic Inflammatory Disease (PID))" />
        </designation>
      </concept>
      <concept>
        <extension url="http://hl7.org/fhir/StructureDefinition/valueset-conceptOrder">
          <valueInteger value="2" />
        </extension>
        <code value="261665006" />
        <display value="Unbekannt" />
      </concept>
      <concept>
        <extension url="http://hl7.org/fhir/StructureDefinition/valueset-conceptOrder">
          <valueInteger value="13" />
        </extension>
        <code value="302770003" />
        <display value="Tenesmus von Anus und/oder Rektum" />
      </concept>
      <concept>
        <extension url="http://hl7.org/fhir/StructureDefinition/valueset-conceptOrder">
          <valueInteger value="11" />
        </extension>
        <code value="30800001" />
        <display value="Kolpitis" />
        <designation>
          <language value="de-DE" />
          <use>
            <system value="http://snomed.info/sct" />
            <code value="900000000000013009" />
          </use>
          <value value="Vaginitis" />
        </designation>
      </concept>
      <concept>
        <extension url="http://hl7.org/fhir/StructureDefinition/valueset-conceptOrder">
          <valueInteger value="12" />
        </extension>
        <code value="31822004" />
        <display value="Urethritis" />
      </concept>
      <concept>
        <extension url="http://hl7.org/fhir/StructureDefinition/valueset-conceptOrder">
          <valueInteger value="10" />
        </extension>
        <code value="37610005" />
        <display value="Zervizitis" />
      </concept>
      <concept>
        <extension url="http://hl7.org/fhir/StructureDefinition/valueset-conceptOrder">
          <valueInteger value="14" />
        </extension>
        <code value="3951002" />
        <display value="Proktitis" />
      </concept>
      <concept>
        <extension url="http://hl7.org/fhir/StructureDefinition/valueset-conceptOrder">
          <valueInteger value="17" />
        </extension>
        <code value="428794004" />
        <display value="Fistel" />
      </concept>
      <concept>
        <extension url="http://hl7.org/fhir/StructureDefinition/valueset-conceptOrder">
          <valueInteger value="15" />
        </extension>
        <code value="429040005" />
        <display value="Ulkus" />
        <designation>
          <language value="de-DE" />
          <value value="lokale Ulzerationen" />
        </designation>
      </concept>
      <concept>
        <extension url="http://hl7.org/fhir/StructureDefinition/valueset-conceptOrder">
          <valueInteger value="5" />
        </extension>
        <code value="74964007" />
        <display value="Andere" />
      </concept>
      <concept>
        <extension url="http://hl7.org/fhir/StructureDefinition/valueset-conceptOrder">
          <valueInteger value="19" />
        </extension>
        <code value="82515000" />
        <display value="Vesicle (morphologic abnormality)" />
        <designation>
          <language value="de-DE" />
          <value value="Bläschen (Vesikel)" />
        </designation>
      </concept>
      <concept>
        <extension url="http://hl7.org/fhir/StructureDefinition/valueset-conceptOrder">
          <valueInteger value="21" />
        </extension>
        <code value="84387000" />
        <display value="Asymptomatisch" />
      </concept>
      <concept>
        <extension url="http://hl7.org/fhir/StructureDefinition/valueset-conceptOrder">
          <valueInteger value="16" />
        </extension>
        <code value="95324001" />
        <display value="Hautläsion" />
      </concept>
    </include>
  </compose>
</ValueSet>