<?xml version="1.0" encoding="utf-8"?>
<ValueSet xmlns="http://hl7.org/fhir">
  <id value="beforeOrAfter1991" />
  <url value="https://demis.rki.de/fhir/ValueSet/beforeOrAfter1991" />
  <version value="1.0.1" />
  <name value="BeforeOrAfter1991" />
  <title value="Vor oder nach 1991" />
  <status value="active" />
  <experimental value="false" />
  <date value="2024-09-02" />
  <publisher value="Robert Koch-Institut" />
  <description value="Das ValueSet BeforeOrAfter1991 enthält die Codes für vor 1991 und für 1991 und später." />
  <compose>
    <include>
      <system value="https://demis.rki.de/fhir/CodeSystem/beforeOrAfter1991" />
      <version value="1.0.0" />
    </include>
  </compose>
</ValueSet>