<?xml version="1.0" encoding="UTF-8"?>
<StructureDefinition xmlns="http://hl7.org/fhir">
  <id value="SequenceDocument" />
  <url value="https://demis.rki.de/fhir/StructureDefinition/SequenceDocument" />
  <version value="1.0.0" />
  <name value="SequenceDocument" />
  <title value="Sequenz-Dokument" />
  <status value="draft" />
  <date value="2023-07-16" />
  <description value="Das SequenceDocument referenziert die Sequenzdaten im FASTA oder FASTQ Format." />
  <fhirVersion value="4.0.1" />
  <kind value="resource" />
  <abstract value="false" />
  <type value="DocumentReference" />
  <baseDefinition value="http://hl7.org/fhir/StructureDefinition/DocumentReference" />
  <derivation value="constraint" />
  <differential>
    <element id="DocumentReference.type">
      <path value="DocumentReference.type"/>
      <short value="Art des Dokumentes"/>
      <definition value="Art des Dokumentes."/>
      <min value="1"/>
    </element>
    <element id="DocumentReference.type.coding">
      <path value="DocumentReference.type.coding"/>
      <min value="1"/>
      <max value="1"/>
      <patternCoding>
        <system value="http://snomed.info/sct" />
        <code value="41482005" />
        <display value="Molecular sequence data (finding)" />
      </patternCoding>
    </element>
    <element id="DocumentReference.content">
      <path value="DocumentReference.content" />
      <max value="1"/>
      <mustSupport value="true" />
    </element>
    <element id="DocumentReference.content.attachment">
      <path value="DocumentReference.content.attachment" />
      <mustSupport value="true" />
    </element>
    <element id="DocumentReference.content.attachment.contentType">
      <path value="DocumentReference.content.attachment.contentType"/>
      <min value="1"/>
      <binding>
        <strength value="required"/>
        <valueSet value="https://demis.rki.de/fhir/ValueSet/contentType"/>
      </binding>
    </element>
    <element id="DocumentReference.content.attachment.data">
      <path value="DocumentReference.content.attachment.data" />
      <max value="0"/>
    </element>
    <element id="DocumentReference.content.attachment.title">
      <path value="DocumentReference.content.attachment.title" />
      <short value="Dateiname" />
      <definition value="Dateiname einer Datei, die mit dieser Sequenz verbunden ist." />
      <min value="1" />
      <mustSupport value="true" />
    </element>
  </differential>
</StructureDefinition>
