<Composition xmlns="http://hl7.org/fhir">
   <id value="4599f3b9-1482-3e31-a0ba-96ca2ed67736"></id>
   <meta>
      <lastUpdated value="2023-04-06T09:50:00.000+01:00"></lastUpdated>
      <profile value="https://demis.rki.de/fhir/StructureDefinition/NotificationDiseasePKVD"></profile>
   </meta>
   <identifier>
      <system value="https://demis.rki.de/fhir/NamingSystem/NotificationId"></system>
      <value value="1bf6b991-8d9c-4613-9f6e-784b0be0c855"></value>
   </identifier>
   <status value="final"></status>
   <type>
      <coding>
         <system value="http://loinc.org"></system>
         <code value="34782-3"></code>
         <display value="Infectious disease Note"></display>
      </coding>
   </type>
   <category>
      <coding>
         <system value="https://demis.rki.de/fhir/CodeSystem/notificationType"></system>
         <code value="6.1_2"></code>
         <display value="Meldung gemäß §6 Absatz 1, 2"></display>
      </coding>
   </category>
   <subject>
      <reference value="Patient/a5188cef-b5d7-38c8-a4bd-b0fb1262e4d8"></reference>
   </subject>
   <date value="2023-04-06T02:00:00+02:00"></date>
   <author>
      <reference value="PractitionerRole/46dec16b-4a8b-3387-ad8a-bcb55879070e"></reference>
   </author>
   <title value="Meldung gemäß §6 Absatz 1, 2 IfSG"></title>
   <section>
      <title value="Diagnose"></title>
      <code>
         <coding>
            <system value="https://demis.rki.de/fhir/CodeSystem/sectionCode"></system>
            <code value="diagnosis"></code>
            <display value="Diagnose"></display>
         </coding>
      </code>
      <entry>
         <reference value="Condition/4682ed0d-2a0b-3e51-bff7-37df546c7748"></reference>
      </entry>
   </section>
   <section>
      <title value="Meldetatbestandsübergreifende klinische und epidemiologische Angaben"></title>
      <code>
         <coding>
            <system value="https://demis.rki.de/fhir/CodeSystem/sectionCode"></system>
            <code value="generalClinAndEpiInformation"></code>
            <display value="Meldetatbestandsübergreifende klinische und epidemiologische Angaben"></display>
         </coding>
      </code>
      <entry>
         <reference value="QuestionnaireResponse/0f91305b-c2de-3d7b-bbde-4c64e1d4ab37"></reference>
      </entry>
   </section>
   <section>
      <title value="Meldetatbestandsspezifische klinische und epidemiologische Angaben"></title>
      <code>
         <coding>
            <system value="https://demis.rki.de/fhir/CodeSystem/sectionCode"></system>
            <code value="specificClinAndEpiInformation"></code>
            <display value="Meldetatbestandsspezifische klinische und epidemiologische Angaben"></display>
         </coding>
      </code>
      <entry>
         <reference value="QuestionnaireResponse/0b2f24e4-b05e-3bef-9f54-a615340d9644"></reference>
      </entry>
   </section>
</Composition>