<Condition xmlns="http://hl7.org/fhir">
   <id value="5c5fcb71-bc14-3a79-b7cd-58934d6612d5"></id>
   <meta>
      <profile value="https://demis.rki.de/fhir/StructureDefinition/DiseaseMYTD"></profile>
   </meta>
   <verificationStatus>
      <coding>
         <system value="http://terminology.hl7.org/CodeSystem/condition-ver-status"></system>
         <code value="confirmed"></code>
      </coding>
   </verificationStatus>
   <code>
      <coding>
         <system value="https://demis.rki.de/fhir/CodeSystem/notificationDiseaseCategory"></system>
         <code value="mytd"></code>
         <display value="Tuberkulose"></display>
      </coding>
   </code>
   <subject>
      <reference value="Patient/b1b9c120-2963-3d82-af22-28828b011f52"></reference>
   </subject>
   <onsetDateTime value="2022-12-17"></onsetDateTime>
   <recordedDate value="2022-12-23"></recordedDate>
   <note>
      <text value="Textueller Hinweis"></text>
   </note>
</Condition>