<QuestionnaireResponse xmlns="http://hl7.org/fhir">
   <id value="f051b117-e8cc-394e-bffd-f8cbe55e051c"></id>
   <meta>
      <profile value="https://demis.rki.de/fhir/StructureDefinition/DiseaseInformationYPSD"></profile>
   </meta>
   <questionnaire value="https://demis.rki.de/fhir/Questionnaire/DiseaseQuestionsYPSD"></questionnaire>
   <status value="completed"></status>
   <subject>
      <reference value="Patient/f067000c-aaa3-3f63-9d88-930aac54bd0d"></reference>
   </subject>
   <item>
      <linkId value="form"></linkId>
      <answer>
         <valueCoding>
            <system value="http://snomed.info/sct"></system>
            <code value="38976008"></code>
            <display value="Lungenpest"></display>
         </valueCoding>
      </answer>
   </item>
   <item>
      <linkId value="outbreak"></linkId>
      <answer>
         <valueCoding>
            <system value="https://demis.rki.de/fhir/CodeSystem/yesOrNoAnswer"></system>
            <code value="no"></code>
            <display value="Nein"></display>
         </valueCoding>
      </answer>
   </item>
</QuestionnaireResponse>