<Condition xmlns="http://hl7.org/fhir">
   <id value="de66ed11-97cb-342c-9308-95feeda6e9e4"></id>
   <meta>
      <profile value="https://demis.rki.de/fhir/StructureDefinition/DiseaseHBVD"></profile>
   </meta>
   <verificationStatus>
      <coding>
         <system value="http://terminology.hl7.org/CodeSystem/condition-ver-status"></system>
         <code value="confirmed"></code>
      </coding>
   </verificationStatus>
   <code>
      <coding>
         <system value="https://demis.rki.de/fhir/CodeSystem/notificationDiseaseCategory"></system>
         <code value="hbvd"></code>
         <display value="Hepatitis-B"></display>
      </coding>
   </code>
   <subject>
      <reference value="Patient/a208cd0d-20af-37fa-9ae5-330cb5f6a7a3"></reference>
   </subject>
   <onsetDateTime value="2023-04-10"></onsetDateTime>
   <recordedDate value="2023-04-10"></recordedDate>
   <evidence>
      <code>
         <coding>
            <system value="http://snomed.info/sct"></system>
            <code value="105721009:363698007=80581009"></code>
            <display value="Oberbauchbeschwerden"></display>
         </coding>
      </code>
   </evidence>
   <evidence>
      <code>
         <coding>
            <system value="http://snomed.info/sct"></system>
            <code value="707724006"></code>
            <display value="Serumtransaminasen, erhöht"></display>
         </coding>
      </code>
   </evidence>
</Condition>