<?xml version="1.0" encoding="UTF-8"?>
<StructureDefinition xmlns="http://hl7.org/fhir">
  <id value="SpecimenEBCP"/>
  <url value="https://demis.rki.de/fhir/StructureDefinition/SpecimenEBCP"/>
  <version value="2.0.0"/>
  <name value="SpecimenEBCP"/>
  <title value="Probe für Enterobacterales bei Nachweis einer Carbapenemase-Determinante oder mit verminderter Empfindlichkeit gegenüber Carbapenemen außer bei natürlicher Resistenz; Meldepflicht nur bei Infektion oder Kolonisation"/>
  <status value="active"/>
  <date value="2025-02-20"/>
  <publisher value="Robert Koch-Institut"/><contact><telecom><system value="email"/><value value="demis-support@rki.de"/></telecom></contact><description value="Die Probe für Enterobacterales spezifiziert die Probe hinsichtlich des Probenmaterials für Enterobacterales bei Nachweis einer Carbapenemase-Determinante oder mit verminderter Empfindlichkeit gegenüber Carbapenemen außer bei natürlicher Resistenz; Meldepflicht nur bei Infektion oder Kolonisation."/>
  <jurisdiction><coding><system value="urn:iso:std:iso:3166"/><version value="ALPHA-2"/><code value="DE"/></coding></jurisdiction><copyright value="Copyright (C) 2021-2025 Robert Koch-Institut"/><fhirVersion value="4.0.1"/>
  <kind value="resource"/>
  <abstract value="false"/>
  <type value="Specimen"/>
  <baseDefinition value="https://demis.rki.de/fhir/StructureDefinition/Specimen"/>
  <derivation value="constraint"/>
  <differential>
    <element id="Specimen.meta"><path value="Specimen.meta"/><min value="1"/><mustSupport value="true"/></element><element id="Specimen.meta.profile"><path value="Specimen.meta.profile"/><min value="1"/><max value="1"/><patternCanonical value="https://demis.rki.de/fhir/StructureDefinition/SpecimenEBCP"/><mustSupport value="true"/></element><element id="Specimen.type">
      <path value="Specimen.type"/>
      <definition value="Art des Probenmaterials. Der Wert muss entsprechend des vom RKI definierten ValueSets (https://demis.rki.de/fhir/ValueSet/materialEBCP) im coding Element dargestellt werden."/>
    </element>
    <element id="Specimen.type.coding">
      <path value="Specimen.type.coding"/>
      <binding>
        <strength value="required"/>
        <valueSet value="https://demis.rki.de/fhir/ValueSet/materialEBCP"/>
      </binding>
    </element>
  </differential>
</StructureDefinition>
