<StructureDefinition xmlns="http://hl7.org/fhir">
  <id value="NotifierFacility" />
  <url value="https://demis.rki.de/fhir/StructureDefinition/NotifierFacility" />
  <version value="2.0.0" />
  <name value="NotifierFacility" />
  <title value="Melder-Einrichtung" />
  <status value="active" />
  <date value="2025-02-20" />
  <publisher value="Robert Koch-Institut" />
  <contact>
    <telecom>
      <system value="email" />
      <value value="demis-support@rki.de" />
    </telecom>
  </contact>
  <description value="Die Melder-Einrichtung enthält die Angaben der meldenden Einrichtung. Die Informationen werden vom zuständigen Gesundsamt zur  Kontaktaufnahme genutzt." />
  <jurisdiction>
    <coding>
      <system value="urn:iso:std:iso:3166" />
      <version value="ALPHA-2" />
      <code value="DE" />
    </coding>
  </jurisdiction>
  <copyright value="Copyright (C) 2021-2025 Robert Koch-Institut" />
  <fhirVersion value="4.0.1" />
  <mapping>
    <identity value="servd" />
    <uri value="http://www.omg.org/spec/ServD/1.0/" />
    <name value="ServD" />
  </mapping>
  <kind value="resource" />
  <abstract value="false" />
  <type value="Organization" />
  <baseDefinition value="http://hl7.org/fhir/StructureDefinition/Organization" />
  <derivation value="constraint" />
  <differential>
    <element id="Organization.meta">
      <path value="Organization.meta" />
      <min value="1" />
      <mustSupport value="true" />
    </element>
    <element id="Organization.meta.profile">
      <path value="Organization.meta.profile" />
      <min value="1" />
      <max value="1" />
      <patternCanonical value="https://demis.rki.de/fhir/StructureDefinition/NotifierFacility" />
      <mustSupport value="true" />
    </element>
    <element id="Organization.identifier">
      <path value="Organization.identifier" />
      <slicing>
        <discriminator>
          <type value="value" />
          <path value="system" />
        </discriminator>
        <rules value="open" />
      </slicing>
      <short value="Identifier der Melder-Einrichtung" />
      <definition value="Als Identifier kann die BSNR oder die von DEMIS zugewiesene Labornummer angegegeben werden." />
      <min value="1" />
      <mustSupport value="true" />
    </element>
    <element id="Organization.identifier:bsnr">
      <path value="Organization.identifier" />
      <sliceName value="bsnr" />
      <short value="Betriebsstättennummer" />
      <definition value="Betriebsstättennummer" />
      <type>
        <code value="Identifier" />
        <profile value="http://fhir.de/StructureDefinition/identifier-bsnr" />
      </type>
      <mustSupport value="true" />
    </element>
    <element id="Organization.identifier:DEMISParticipantId">
      <path value="Organization.identifier" />
      <sliceName value="DEMISParticipantId" />
      <short value="DEMIS-Teilnehmer-Nummer" />
      <definition value="DEMIS-Teilnehmernummer, welche durch das RKI an ausgewählte Systemteilnehmer vergeben wird. Der Identifier entstammt folgendem NamingSystem: https://demis.rki.de/fhir/NamingSystem/DEMISParticipantId." />
      <min value="1" />
      <max value="1" />
      <mustSupport value="true" />
    </element>
    <element id="Organization.identifier:DEMISParticipantId.system">
      <path value="Organization.identifier.system" />
      <min value="1" />
      <fixedUri value="https://demis.rki.de/fhir/NamingSystem/DEMISParticipantId" />
      <mustSupport value="true" />
    </element>
    <element id="Organization.identifier:DEMISParticipantId.value">
      <path value="Organization.identifier.value" />
      <min value="1" />
      <constraint>
        <key value="DEMISParticipantIdLength" />
        <severity value="error" />
        <human value="Die DEMIS-Teilnehmer-Nummer darf nur aus 5-6 Ziffern bestehen." />
        <expression value="$this.toString().matches('^[0-9]{5,6}$')" />
      </constraint>
      <mustSupport value="true" />
    </element>
    <element id="Organization.active">
      <path value="Organization.active" />
      <max value="0" />
    </element>
    <element id="Organization.type">
      <path value="Organization.type" />
      <short value="Art der meldenden Einrichtung" />
      <definition value="Art der meldenden Einrichtung. Der Wert muss entsprechend des vom RKI definierten ValueSets (https://demis.rki.de/fhir/ValueSet/organizationType) im coding Element dargestellt werden." />
      <min value="1" />
      <max value="1" />
      <mustSupport value="true" />
    </element>
    <element id="Organization.type.coding">
      <path value="Organization.type.coding" />
      <min value="1" />
      <max value="1" />
      <mustSupport value="true" />
      <binding>
        <strength value="required" />
        <valueSet value="https://demis.rki.de/fhir/ValueSet/organizationType" />
      </binding>
    </element>
    <element id="Organization.type.coding.system">
      <path value="Organization.type.coding.system" />
      <min value="1" />
      <mustSupport value="true" />
    </element>
    <element id="Organization.type.coding.code">
      <path value="Organization.type.coding.code" />
      <min value="1" />
      <mustSupport value="true" />
    </element>
    <element id="Organization.type.text">
      <path value="Organization.type.text" />
      <max value="0" />
    </element>
    <element id="Organization.name">
      <path value="Organization.name" />
      <short value="Bezeichnung der Einrichtung" />
      <definition value="Bezeichnung der Einrichtung" />
      <min value="1" />
      <mustSupport value="true" />
    </element>
    <element id="Organization.telecom">
      <path value="Organization.telecom" />
      <slicing>
        <discriminator>
          <type value="value" />
          <path value="system" />
        </discriminator>
        <rules value="closed" />
      </slicing>
      <short value="Kontaktangaben der Einrichtung" />
      <definition value="Kontaktangaben der Einrichtung. Telefonnummern, E-Mailadressen, Urls und Faxnummern können angegeben werden." />
      <min value="1" />
      <mustSupport value="true" />
    </element>
    <element id="Organization.telecom:Email">
      <path value="Organization.telecom" />
      <sliceName value="Email" />
    </element>
    <element id="Organization.telecom:Email.system">
      <path value="Organization.telecom.system" />
      <min value="1" />
      <fixedCode value="email" />
      <mustSupport value="true" />
    </element>
    <element id="Organization.telecom:Email.value">
      <path value="Organization.telecom.value" />
      <min value="1" />
      <constraint>
        <key value="validEmailAddress" />
        <severity value="error" />
        <human value="Die E-Mail-Adresse muss valide sein." />
        <expression value="$this.matches('^[a-zA-Z0-9._%+-]+@(?:[a-zA-Z0-9-]+[.])+[a-zA-Z0-9]{2,63}$')" />
      </constraint>
      <mustSupport value="true" />
    </element>
    <element id="Organization.telecom:Phone">
      <path value="Organization.telecom" />
      <sliceName value="Phone" />
      <mustSupport value="true" />
    </element>
    <element id="Organization.telecom:Phone.system">
      <path value="Organization.telecom.system" />
      <min value="1" />
      <fixedCode value="phone" />
      <mustSupport value="true" />
    </element>
    <element id="Organization.telecom:Phone.value">
      <path value="Organization.telecom.value" />
      <min value="1" />
      <constraint>
        <key value="validPhoneNumber" />
        <severity value="error" />
        <human value="Die Telefonnummer muss valide sein." />
        <expression value="$this.matches('^[0+][0-9 \\-\\(\\)]{6,50}$')" />
      </constraint>
      <mustSupport value="true" />
    </element>
    <element id="Organization.telecom:Url">
      <path value="Organization.telecom" />
      <sliceName value="Url" />
    </element>
    <element id="Organization.telecom:Url.system">
      <path value="Organization.telecom.system" />
      <min value="1" />
      <fixedCode value="url" />
      <mustSupport value="true" />
    </element>
    <element id="Organization.telecom:Url.value">
      <path value="Organization.telecom.value" />
      <min value="1" />
      <constraint>
        <key value="validUrl" />
        <severity value="error" />
        <human value="Die Url muss valide sein." />
        <expression value="$this.matches('^(https?:\\/\\/(?:www\\.|(?!www))[a-zA-Z0-9][a-zA-Z0-9-]+[a-zA-Z0-9]\\.[^\\s]{2,}|www\\.[a-zA-Z0-9][a-zA-Z0-9-]+[a-zA-Z0-9]\\.[^\\s]{2,}|https?:\\/\\/(?:www\\.|(?!www))[a-zA-Z0-9]+\\.[^\\s]{2,}|www\\.[a-zA-Z0-9]+\\.[^\\s]{2,})$')" />
      </constraint>
      <mustSupport value="true" />
    </element>
    <element id="Organization.telecom:Fax">
      <path value="Organization.telecom" />
      <sliceName value="Fax" />
    </element>
    <element id="Organization.telecom:Fax.system">
      <path value="Organization.telecom.system" />
      <min value="1" />
      <fixedCode value="fax" />
      <mustSupport value="true" />
    </element>
    <element id="Organization.telecom:Fax.value">
      <path value="Organization.telecom.value" />
      <min value="1" />
      <constraint>
        <key value="validFaxNumber" />
        <severity value="error" />
        <human value="Die Faxnummer muss valide sein." />
        <expression value="$this.matches('^[0+][0-9 \\-\\(\\)]{6,50}$')" />
      </constraint>
      <mustSupport value="true" />
    </element>
    <element id="Organization.address">
      <path value="Organization.address" />
      <short value="Einrichtungsaddresse" />
      <definition value="Einrichtungsaddresse" />
      <min value="1" />
      <max value="1" />
      <type>
        <code value="Address" />
        <profile value="http://fhir.de/StructureDefinition/address-de-basis" />
      </type>
      <mustSupport value="true" />
    </element>
    <element id="Organization.address.line">
      <path value="Organization.address.line" />
      <max value="3" />
    </element>
    <element id="Organization.address.city">
      <path value="Organization.address.city" />
      <min value="1" />
      <mustSupport value="true" />
    </element>
    <element id="Organization.address.postalCode">
      <path value="Organization.address.postalCode" />
      <short value="Postleitzahl" />
      <min value="1" />
      <mustSupport value="true" />
    </element>
    <element id="Organization.address.country">
      <path value="Organization.address.country" />
      <min value="1" />
      <mustSupport value="true" />
      <binding>
        <strength value="extensible" />
        <valueSet value="http://hl7.org/fhir/ValueSet/iso3166-1-2" />
      </binding>
    </element>
    <element id="Organization.partOf">
      <path value="Organization.partOf" />
      <short value="Übergeordnete Einrichtung, zu der diese Einrichtung gehört" />
      <definition value="Übergeordnete Einrichtung, zu der diese Einrichtung gehört" />
      <mustSupport value="true" />
    </element>
    <element id="Organization.contact">
      <path value="Organization.contact" />
      <short value="Ansprechpartner der Einrichtung" />
      <definition value="Ansprechpartner der Einrichtung" />
      <max value="1" />
      <mustSupport value="true" />
    </element>
    <element id="Organization.contact.address">
      <path value="Organization.contact.address" />
      <type>
        <code value="Address" />
        <profile value="http://fhir.de/StructureDefinition/address-de-basis" />
      </type>
    </element>
    <element id="Organization.endpoint">
      <path value="Organization.endpoint" />
      <max value="0" />
    </element>
  </differential>
</StructureDefinition>