<?xml version="1.0" encoding="utf-8"?>
<StructureDefinition xmlns="http://hl7.org/fhir">
  <id value="IdentifierSurveillancePatientPseudonym" />
  <url value="https://demis.rki.de/fhir/StructureDefinition/IdentifierSurveillancePatientPseudonym" />
  <version value="1.0.0" />
  <name value="IdentifierSurveillancePatientPseudonym" />
  <title value="Identifier-Profil für die Abbildung des Patienten-Pseudonyms der Surveillance-Systeme" />
  <status value="active" />
  <date value="2025-03-14" />
  <publisher value="Robert Koch-Institut" />
  <contact>
    <telecom>
      <system value="email" />
      <value value="demis-support@rki.de" />
    </telecom>
  </contact>
  <description value="Identifier-Profil für die Abbildung des Patienten-Pseudonyms der Surveillance-Systeme.&#xD;&#xA;&#xD;&#xA;In vielen Surveillance-Systemen des RKI werden ausschließlich pseudonymisierte Falldaten verarbeitet, wobei der Fallbezug vom RKI nicht aufgelöst werden kann. &#xD;&#xA;&#xD;&#xA;Um dies zu gewährleisten wurde ein mehrstufiges Konzept mit organisatorischen und technischen Maßnahmen entwickelt. Dieses Pseudonymisierungskonzept ist so aufgesetzt, dass es von Surveillance-Systemen genutzt werden kann, die nach §13 IfSG pseudonymisierte Falldaten verarbeiten dürfen. &#xD;&#xA;&#xD;&#xA;Das Pseudonymisierungskonzept sieht einen zweistufigen Prozess vor. Hierbei werden zunächst Surveillance-System-unabhängige Patienten-Pseudonyme vom Datensender an das DEMIS-Backend übermittelt, wo ein zweiter Schritt der Surveillance-System-spezifischen Entfremdung erfolgt.&#xD;&#xA;&#xD;&#xA;Für die Übermittlung der Surveillance-System-unabhängige Patienten-Pseudonyme vom Datensender an das DEMIS-Backend wird dieses Identifier-Profil verwendet." />
  <jurisdiction>
    <coding>
      <system value="urn:iso:std:iso:3166" />
      <version value="ALPHA-2" />
      <code value="DE" />
    </coding>
  </jurisdiction>
  <copyright value="Copyright (C) 2021-2025 Robert Koch-Institut" />
  <fhirVersion value="4.0.1" />
  <kind value="complex-type" />
  <abstract value="false" />
  <type value="Identifier" />
  <baseDefinition value="http://hl7.org/fhir/StructureDefinition/Identifier" />
  <derivation value="constraint" />
  <differential>
    <element id="Identifier.type">
      <path value="Identifier.type" />
      <min value="1" />
      <patternCodeableConcept>
        <coding>
          <system value="http://terminology.hl7.org/CodeSystem/v2-0203" />
          <code value="ANON" />
        </coding>
      </patternCodeableConcept>
      <mustSupport value="true" />
    </element>
    <element id="Identifier.system">
      <path value="Identifier.system" />
      <min value="1" />
      <fixedUri value="https://demis.rki.de/fhir/sid/SurveillancePatientPseudonym" />
      <mustSupport value="true" />
    </element>
    <element id="Identifier.value">
      <path value="Identifier.value" />
      <min value="1" />
      <mustSupport value="true" />
    </element>
  </differential>
</StructureDefinition>