<?xml version="1.0" encoding="UTF-8"?>
<StructureDefinition xmlns="http://hl7.org/fhir">
  <id value="FacilityAddressNotifiedPerson" />
  <url value="https://demis.rki.de/fhir/StructureDefinition/FacilityAddressNotifiedPerson" />
  <version value="1.2.0" />
  <name value="FacilityAddressNotifiedPerson" />
  <title value="Einrichtungsadresse Betroffene Person" />
  <status value="active" />
  <date value="2025-02-20" />
  <publisher value="Robert Koch-Institut" />
  <contact>
    <telecom>
      <system value="email" />
      <value value="demis-support@rki.de" />
    </telecom>
  </contact>
  <description value="Über Einrichtungsadresse kann eine Einrichtung als Aufenthaltsort für die Betroffene Person angegeben werden." />
  <jurisdiction>
    <coding>
      <system value="urn:iso:std:iso:3166" />
        <version value="ALPHA-2" /><code value="DE" />
    </coding>
  </jurisdiction>
  <copyright value="Copyright (C) 2021-2025 Robert Koch-Institut" />
  <fhirVersion value="4.0.1" />
  <kind value="complex-type" />
  <abstract value="false" />
  <context>
    <type value="element" />
    <expression value="Patient.address" />
  </context>
  <type value="Extension" />
  <baseDefinition value="http://hl7.org/fhir/StructureDefinition/Extension" />
  <derivation value="constraint" />
  <differential>
    <element id="Extension.url">
      <path value="Extension.url" />
      <fixedUri value="https://demis.rki.de/fhir/StructureDefinition/FacilityAddressNotifiedPerson" />
    </element>
    <element id="Extension.value[x]">
      <path value="Extension.value[x]" />
      <short value="Einrichtung" />
      <definition value="Einrichtung in der sich die Betroffene Person aufhält" />
      <type>
        <code value="Reference" />
        <targetProfile value="https://demis.rki.de/fhir/StructureDefinition/NotifiedPersonFacility" />
        <aggregation value="bundled" />
      </type>
    </element>
    <element id="Extension.value[x].reference">
      <path value="Extension.value[x].reference" />
      <min value="1" />
      <mustSupport value="true" />
    </element>
  </differential>
</StructureDefinition>
