<?xml version="1.0" encoding="utf-8"?>
<StructureDefinition xmlns="http://hl7.org/fhir">
  <id value="ProcessNotificationSequenceResponseParameters" />
  <url value="https://demis.rki.de/fhir/igs/StructureDefinition/ProcessNotificationSequenceResponseParameters" />
  <version value="2.0.0" />
  <name value="ProcessNotificationSequenceResponseParameters" />
  <title value="ProcessNotificationSequence-Ausgabeparameter" />
  <status value="active" />
  <date value="2024-07-24" />
  <description value="Der ProcessNotificationSequenceResponseParameter ist der Ausgabeparameter für die ProcessNotificationSequence-Operation. Er beinhaltet die von DEMIS erstellte und ausgegebene IGS-Id (TransactionID), die Meldungs-Id (NotificationID) der ursprünglich vom Einsender der Probe erstellten Meldung (SubmitterGeneratedNotificationID), die laboreigene Id der Sequenz (LabSequenceID) und das Ergebnis der Verarbeitung (OperationOutcome)." />
  <fhirVersion value="4.0.1" />
  <mapping>
    <identity value="v2" />
    <uri value="http://hl7.org/v2" />
    <name value="HL7 v2 Mapping" />
  </mapping>
  <mapping>
    <identity value="rim" />
    <uri value="http://hl7.org/v3" />
    <name value="RIM Mapping" />
  </mapping>
  <kind value="resource" />
  <abstract value="false" />
  <type value="Parameters" />
  <baseDefinition value="http://hl7.org/fhir/StructureDefinition/Parameters" />
  <derivation value="constraint" />
  <differential>
    <element id="Parameters.meta">
      <path value="Parameters.meta" />
      <min value="1" />
      <mustSupport value="true" />
    </element>
    <element id="Parameters.meta.profile">
      <path value="Parameters.meta.profile" />
      <min value="1" />
      <max value="1" />
      <fixedCanonical value="https://demis.rki.de/fhir/igs/StructureDefinition/ProcessNotificationSequenceResponseParameters" />
      <mustSupport value="true" />
    </element>
    <element id="Parameters.parameter">
      <path value="Parameters.parameter" />
      <slicing>
        <discriminator>
          <type value="value" />
          <path value="name" />
        </discriminator>
        <rules value="closed" />
      </slicing>
    </element>
    <element id="Parameters.parameter:transactionID">
      <path value="Parameters.parameter" />
      <sliceName value="transactionID" />
	  <short value="IGS-Id (TransactionID)"/>
      <definition value="IGS-Id (TransactionID)"/>
      <min value="1" />
      <max value="1" />
      <mustSupport value="true" />
    </element>
    <element id="Parameters.parameter:transactionID.name">
      <path value="Parameters.parameter.name" />
      <fixedString value="transactionID" />
      <mustSupport value="true" />
    </element>
    <element id="Parameters.parameter:transactionID.value[x]">
      <path value="Parameters.parameter.value[x]" />
      <min value="1" />
      <type>
        <code value="Identifier" />
      </type>
      <mustSupport value="true" />
    </element>
    <element id="Parameters.parameter:submitterGeneratedNotificationID">
      <path value="Parameters.parameter" />
      <sliceName value="submitterGeneratedNotificationID" />
	  <short value="Meldungs-Id der ursprünglich vom Einsender der Probe erstellten Meldung (SubmitterGeneratedNotificationID)"/>
      <definition value="Meldungs-Id der ursprünglich vom Einsender der Probe erstellten Meldung (SubmitterGeneratedNotificationID)"/>
      <min value="1" />
      <max value="1" />
      <mustSupport value="true" />
    </element>
    <element id="Parameters.parameter:submitterGeneratedNotificationID.name">
      <path value="Parameters.parameter.name" />
      <fixedString value="submitterGeneratedNotificationID" />
      <mustSupport value="true" />
    </element>
    <element id="Parameters.parameter:submitterGeneratedNotificationID.value[x]">
      <path value="Parameters.parameter.value[x]" />
      <min value="1" />
      <type>
        <code value="Identifier" />
      </type>
      <mustSupport value="true" />
    </element>
    <element id="Parameters.parameter:labSequenceID">
      <path value="Parameters.parameter" />
      <sliceName value="labSequenceID" />
	  <short value="Laboreigene Id der Sequenz (LabSequenceID)"/>
      <definition value="Laboreigene Id der Sequenz (LabSequenceID)"/>
      <min value="1" />
      <max value="1" />
      <mustSupport value="true" />
    </element>
    <element id="Parameters.parameter:labSequenceID.name">
      <path value="Parameters.parameter.name" />
      <fixedString value="labSequenceID" />
      <mustSupport value="true" />
    </element>
    <element id="Parameters.parameter:labSequenceID.value[x]">
      <path value="Parameters.parameter.value[x]" />
      <min value="1" />
      <type>
        <code value="Identifier" />
      </type>
      <mustSupport value="true" />
    </element>
    <element id="Parameters.parameter:operationOutcome">
      <path value="Parameters.parameter" />
      <sliceName value="operationOutcome" />
	  <short value="Ergebnis der Verarbeitung (OperationOutcome)"/>
      <definition value="Ergebnis der Verarbeitung (OperationOutcome)"/>
      <min value="1" />
      <max value="1" />
      <mustSupport value="true" />
    </element>
    <element id="Parameters.parameter:operationOutcome.name">
      <path value="Parameters.parameter.name" />
      <fixedString value="operationOutcome" />
      <mustSupport value="true" />
    </element>
    <element id="Parameters.parameter:operationOutcome.resource">
      <path value="Parameters.parameter.resource" />
      <min value="1" />
      <type>
        <code value="OperationOutcome" />
        <profile value="https://demis.rki.de/fhir/StructureDefinition/ProcessNotificationResponse" />
      </type>
      <mustSupport value="true" />
    </element>
  </differential>
</StructureDefinition>