<?xml version="1.0" encoding="UTF-8"?>
<ConceptMap xmlns="http://hl7.org/fhir">
  <id value="IHEHealthcareFacilityCodes2DEMISOrganizationTypeCodes"/>
  <url value="https://demis.rki.de/fhir/ConceptMap/IHEHealthcareFacilityCodes2DEMISOrganizationTypeCodes"/>
  <version value="1.0.0"/>
  <name value="IHEHealthcareFacilityCodes2DEMISOrganizationTypeCodes"/>
  <title value="IHEHealthcareFacilityCodes2DEMISOrganizationTypeCodes"/>
  <status value="active"/>
  <date value="2025-02-20"/>
  <publisher value="Robert Koch-Institut"/><contact><telecom><system value="email"/><value value="demis-support@rki.de"/></telecom></contact><description value="Die ConceptMap IHEHealthcareFacilityCodes2DEMISOrganizationTypeCodes ordnet die Codes der IHE-Einrichtungstypen (patientenbezogene Gesundheitsversorgung) den Codes der DEMIS-Einrichtungsarten zu."/>
  <jurisdiction><coding><system value="urn:iso:std:iso:3166"/><version value="ALPHA-2"/><code value="DE"/></coding></jurisdiction><copyright value="Copyright (C) 2021-2025 Robert Koch-Institut"/><sourceUri value="http://ihe-d.de/ValueSets/IHEXDShealthcareFacilityTypeCode"/>
  <targetUri value="https://demis.rki.de/fhir/ValueSet/organizationType"/>
  <group>
    <source value="urn:oid:1.3.6.1.4.1.19376.3.276.1.5.2"/>
    <target value="https://demis.rki.de/fhir/CodeSystem/organizationType"/>
    <element>
      <code value="KHS"/>
      <display value="Krankenhaus"/>
      <target>
        <code value="hospital"/>
        <display value="Krankenhaus"/>
        <equivalence value="equivalent"/>
      </target>
    </element>
    <element>
      <code value="REH"/>
      <display value="Medizinische Rehabilitation"/>
      <target>
        <code value="prevCareRehab"/>
        <display value="Vorsorge- oder Reha-Einrichtung"/>
        <equivalence value="equivalent"/>
      </target>
    </element>
    <element>
      <code value="HEB"/>
      <display value="Hebamme/Geburtshaus"/>
      <target>
        <code value="maternity"/>
        <display value="Entbindungseinrichtung"/>
        <equivalence value="equivalent"/>
      </target>
    </element>
    <element>
      <code value="PRA"/>
      <display value="Arztpraxis"/>
      <target>
        <code value="physicianOffice"/>
        <display value="Arztpraxis"/>
        <equivalence value="equivalent"/>
      </target>
      <target>
        <code value="dentalSurgery"/>
        <display value="Zahnarztpraxis"/>
        <equivalence value="equivalent"/>
      </target>
    </element>
    <element>
      <code value="HEI"/>
      <display value="Nicht-ärztliche Heilberufs-Praxis"/>
      <target>
        <code value="othMedPractice"/>
        <display value="Sonstige Heilberufepraxis"/>
        <equivalence value="equivalent"/>
      </target>
    </element>
    <element>
      <code value="RTN"/>
      <display value="Rettungsdienst"/>
      <target>
        <code value="emResServ"/>
        <display value="Rettungsdienst"/>
        <equivalence value="equivalent"/>
      </target>
    </element>
    <element>
      <code value="PFL"/>
      <display value="Pflegeheim"/>
      <target>
        <code value="elderlyCareHome"/>
        <display value="Einrichtung zur Betreuung/Unterbringung älterer Menschen"/>
        <equivalence value="equivalent"/>
      </target>
      <target>
        <code value="disabledCareHome"/>
        <display value="Einrichtung zur Betreuung/Unterbringung behinderter Menschen"/>
        <equivalence value="equivalent"/>
      </target>
      <target>
        <code value="assistedCareHome"/>
        <display value="Einrichtung zur Betreuung/Unterbringung pflegebedürftiger Menschen"/>
        <equivalence value="equivalent"/>
      </target>
      <target>
        <code value="outpatICServ"/>
        <display value="Ambulanter Intensivpflegedienst"/>
        <equivalence value="equivalent"/>
      </target>
    </element>
    <element>
      <code value="APD"/>
      <display value="Ambulanter Pflegedienst"/>
      <target>
        <code value="othOutpatCareS"/>
        <display value="Sonstiger ambulanter Pflegedienst"/>
        <equivalence value="equivalent"/>
      </target>
    </element>
  </group>
</ConceptMap>
