<?xml version="1.0" encoding="UTF-8"?>
<ConceptMap xmlns="http://hl7.org/fhir">
  <id value="IHEOutsideHealthcareFacilityCodes2DEMISOrganizationTypeCodes"/>
  <url value="https://demis.rki.de/fhir/ConceptMap/IHEOutsideHealthcareFacilityCodes2DEMISOrganizationTypeCodes"/>
  <version value="1.0.0"/>
  <name value="IHEOutsideHealthcareFacilityCodes2DEMISOrganizationTypeCodes"/>
  <title value="IHEOutsideHealthcareFacilityCodes2DEMISOrganizationTypeCodes"/>
  <status value="active"/>
  <date value="2025-02-20"/>
  <publisher value="Robert Koch-Institut"/><contact><telecom><system value="email"/><value value="demis-support@rki.de"/></telecom></contact><description value="Die ConceptMap IHEOutsideHealthcareFacilityCodes2DEMISOrganizationTypeCodes ordnet die Codes der IHE-Einrichtungstypen (ausserhalb der patientenbezogenen Gesundheitsversorgung) den Codes der DEMIS-Einrichtungsarten zu."/>
  <jurisdiction><coding><system value="urn:iso:std:iso:3166"/><version value="ALPHA-2"/><code value="DE"/></coding></jurisdiction><copyright value="Copyright (C) 2021-2025 Robert Koch-Institut"/><sourceUri value="http://ihe-d.de/ValueSets/IHEXDShealthcareFacilityTypeCode"/>
  <targetUri value="https://demis.rki.de/fhir/ValueSet/organizationType"/>
  <group>
    <source value="urn:oid:1.3.6.1.4.1.19376.3.276.1.5.3"/>
    <target value="https://demis.rki.de/fhir/CodeSystem/organizationType"/>
    <element>
      <code value="BIL"/>
      <display value="Bildungseinrichtung"/>
      <target>
        <code value="kindergarten"/>
        <display value="Kindertageseinrichtung (z. B. Kita)"/>
        <equivalence value="equivalent"/>
      </target>
      <target>
        <code value="childDayNursery"/>
        <display value="Kindertagespflege"/>
        <equivalence value="equivalent"/>
      </target>
      <target>
        <code value="school"/>
        <display value="Schule"/>
        <equivalence value="equivalent"/>
      </target>
      <target>
        <code value="childHome"/>
        <display value="Kinderheim o.ä."/>
        <equivalence value="equivalent"/>
      </target>
      <target>
        <code value="childDayCare"/>
        <display value="Kinderhort"/>
        <equivalence value="equivalent"/>
      </target>
      <target>
        <code value="othChildCareFac"/>
        <display value="Sonstige Kinderbetreuungseinrichtung"/>
        <equivalence value="equivalent"/>
      </target>
    </element>
  </group>
</ConceptMap>
