<?xml version="1.0" encoding="utf-8"?>
<StructureDefinition xmlns="http://hl7.org/fhir">
  <id value="SequenceUploadStatus" />
  <url value="https://demis.rki.de/fhir/StructureDefinition/SequenceUploadStatus" />
  <version value="1.1.0" />
  <name value="SequenceUploadStatus" />
  <title value="Status des Sequenz-Uploads" />
  <status value="draft" />
  <date value="2023-12-29" />
  <description value="Der SequenceUploadStatus dient der Angabe des Status des Sequenz-Uploads in eine Online-Datenbank (Repository). Der Status muss entsprechend des vom RKI definierten ValueSets https://demis.rki.de/fhir/ValueSet/uploadStatus im Coding-Element dargestellt werden." />
  <fhirVersion value="4.0.1" />
  <kind value="complex-type" />
  <abstract value="false" />
  <context>
    <type value="element" />
    <expression value="MolecularSequence.repository" />
  </context>
  <type value="Extension" />
  <baseDefinition value="http://hl7.org/fhir/StructureDefinition/Extension" />
  <derivation value="constraint" />
  <differential>
    <element id="Extension.url">
      <path value="Extension.url" />
      <fixedUri value="https://demis.rki.de/fhir/StructureDefinition/SequenceUploadStatus" />
    </element>
    <element id="Extension.value[x]">
      <path value="Extension.value[x]" />
      <min value="1" />
      <type>
        <code value="Coding" />
      </type>
      <mustSupport value="true" />
      <binding>
        <strength value="required" />
        <valueSet value="https://demis.rki.de/fhir/ValueSet/uploadStatus" />
      </binding>
    </element>
    <element id="Extension.value[x].system">
      <path value="Extension.value[x].system" />
      <min value="1" />
      <mustSupport value="true" />
    </element>
    <element id="Extension.value[x].code">
      <path value="Extension.value[x].code" />
      <min value="1" />
      <mustSupport value="true" />
    </element>
  </differential>
</StructureDefinition>