<?xml version="1.0" encoding="utf-8"?>
<StructureDefinition xmlns="http://hl7.org/fhir">
  <id value="SequenceUploadDate" />
  <url value="https://demis.rki.de/fhir/StructureDefinition/SequenceUploadDate" />
  <version value="1.1.0" />
  <name value="SequenceUploadDate" />
  <title value="Datum Sequenz-Upload" />
  <status value="draft" />
  <date value="2023-12-29" />
  <description value="Das SequenceUploadDate dient der Angabe des Datums des Sequenz-Uploads in eine Online-Datenbank (Repository)." />
  <fhirVersion value="4.0.1" />
  <kind value="complex-type" />
  <abstract value="false" />
  <context>
    <type value="element" />
    <expression value="MolecularSequence.repository" />
  </context>
  <type value="Extension" />
  <baseDefinition value="http://hl7.org/fhir/StructureDefinition/Extension" />
  <derivation value="constraint" />
  <differential>
    <element id="Extension.url">
      <path value="Extension.url" />
      <fixedUri value="https://demis.rki.de/fhir/StructureDefinition/SequenceUploadDate" />
    </element>
    <element id="Extension.value[x]">
      <path value="Extension.value[x]" />
      <min value="1" />
      <type>
        <code value="dateTime" />
      </type>
      <mustSupport value="true" />
    </element>
  </differential>
</StructureDefinition>