<?xml version="1.0" encoding="UTF-8"?>
<StructureDefinition xmlns="http://hl7.org/fhir">
  <id value="LaboratoryReportEBCP"/>
  <url value="https://demis.rki.de/fhir/StructureDefinition/LaboratoryReportEBCP"/>
  <version value="1.3.0"/>
  <name value="LaboratoryReportEBCP"/>
  <title value="Laborbericht für Enterobacterales bei Nachweis einer Carbapenemase-Determinante oder mit verminderter Empfindlichkeit gegenüber Carbapenemen außer bei natürlicher Resistenz; Meldepflicht nur bei Infektion oder Kolonisation"/>
  <status value="active"/>
  <date value="2023-10-30"/>
  <description value="Der Enterobacterales-Laborbericht kann mehrere Enterobacterales-Erregernachweise enthalten und fasst die Ergebnisse der Einzeltests zusammen."/>
  <fhirVersion value="4.0.1"/>
  <kind value="resource"/>
  <abstract value="false"/>
  <type value="DiagnosticReport"/>
  <baseDefinition value="https://demis.rki.de/fhir/StructureDefinition/LaboratoryReport"/>
  <derivation value="constraint"/>
  <differential>
    <element id="DiagnosticReport.meta"><path value="DiagnosticReport.meta"/><min value="1"/><mustSupport value="true"/></element><element id="DiagnosticReport.meta.profile"><path value="DiagnosticReport.meta.profile"/><min value="1"/><max value="1"/><fixedCanonical value="https://demis.rki.de/fhir/StructureDefinition/LaboratoryReportEBCP"/><mustSupport value="true"/></element><element id="DiagnosticReport.code">
      <path value="DiagnosticReport.code"/>
      <definition value="Im Laborbericht für Enterobacterales ist der code immer mit dem Wert &quot;ebcp&quot; aus dem ValueSet https://demis.rki.de/fhir/CodeSystem/notificationCategory zu belegen."/>
    </element>
    <element id="DiagnosticReport.code.coding.system">
      <path value="DiagnosticReport.code.coding.system"/>
      <fixedUri value="https://demis.rki.de/fhir/CodeSystem/notificationCategory"/>
    </element>
    <element id="DiagnosticReport.code.coding.code">
      <path value="DiagnosticReport.code.coding.code"/>
      <fixedCode value="ebcp"/>
    </element>
    <element id="DiagnosticReport.code.coding.display">
      <path value="DiagnosticReport.code.coding.display"/>
      <min value="1"/>
    </element>
    <element id="DiagnosticReport.result">
      <path value="DiagnosticReport.result"/>
      <short value="Referenziert einen Erregernachweis für Enterobacterales bei Nachweis einer Carbapenemase-Determinante oder mit verminderter Empfindlichkeit gegenüber Carbapenemen außer bei natürlicher Resistenz; Meldepflicht nur bei Infektion oder Kolonisation"/>
      <definition value="Referenziert einen Erregernachweis für Enterobacterales bei Nachweis einer Carbapenemase-Determinante oder mit verminderter Empfindlichkeit gegenüber Carbapenemen außer bei natürlicher Resistenz; Meldepflicht nur bei Infektion oder Kolonisation"/>
      <type>
        <code value="Reference"/>
        <targetProfile value="https://demis.rki.de/fhir/StructureDefinition/PathogenDetectionEBCP"/>
      </type>
    </element>
  </differential>
</StructureDefinition>