<?xml version="1.0" encoding="utf-8"?>
<StructureDefinition xmlns="http://hl7.org/fhir">
  <id value="ReceiptBundle" />
  <url value="https://demis.rki.de/fhir/StructureDefinition/ReceiptBundle" />
  <version value="1.3.0" />
  <name value="ReceiptBundle" />
  <title value="Quittungs-Bundle" />
  <status value="active" />
  <date value="2025-02-14" />
  <publisher value="Robert Koch-Institut" />
  <contact>
    <telecom>
      <system value="email" />
      <value value="demis-support@rki.de" />
    </telecom>
  </contact>
  <description value="Quittungs-Bundle" />
  <jurisdiction>
    <coding>
      <system value="urn:iso:std:iso:3166" />
      <version value="ALPHA-2" />
      <code value="DE" />
    </coding>
  </jurisdiction>
  <copyright value="Copyright (C) 2021-2025 Robert Koch-Institut" />
  <fhirVersion value="4.0.1" />
  <mapping>
    <identity value="cda" />
    <uri value="http://hl7.org/v3/cda" />
    <name value="CDA (R2)" />
  </mapping>
  <kind value="resource" />
  <abstract value="false" />
  <type value="Bundle" />
  <baseDefinition value="http://hl7.org/fhir/StructureDefinition/Bundle" />
  <derivation value="constraint" />
  <differential>
    <element id="Bundle.meta">
      <path value="Bundle.meta" />
      <min value="1" />
      <mustSupport value="true" />
    </element>
    <element id="Bundle.meta.profile">
      <path value="Bundle.meta.profile" />
      <min value="1" />
      <max value="1" />
      <patternCanonical value="https://demis.rki.de/fhir/StructureDefinition/ReceiptBundle" />
      <mustSupport value="true" />
    </element>
    <element id="Bundle.identifier">
      <path value="Bundle.identifier" />
      <max value="0" />
    </element>
    <element id="Bundle.type">
      <extension url="http://hl7.org/fhir/StructureDefinition/structuredefinition-standards-status">
        <valueCode value="normative" />
      </extension>
      <extension url="http://hl7.org/fhir/StructureDefinition/structuredefinition-normative-version">
        <valueCode value="4.0.0" />
      </extension>
      <path value="Bundle.type" />
      <fixedCode value="collection" />
      <mustSupport value="true" />
    </element>
    <element id="Bundle.total">
      <path value="Bundle.total" />
      <max value="0" />
    </element>
    <element id="Bundle.link">
      <path value="Bundle.link" />
      <max value="0" />
    </element>
    <element id="Bundle.entry">
      <path value="Bundle.entry" />
      <slicing>
        <discriminator>
          <type value="type" />
          <path value="resource" />
        </discriminator>
        <rules value="open" />
      </slicing>
    </element>
    <element id="Bundle.entry:notificationReceipt">
      <path value="Bundle.entry" />
      <sliceName value="notificationReceipt" />
      <min value="1" />
      <max value="1" />
      <mustSupport value="true" />
    </element>
    <element id="Bundle.entry:notificationReceipt.resource">
      <path value="Bundle.entry.resource" />
      <min value="1" />
      <type>
        <code value="Composition" />
        <profile value="https://demis.rki.de/fhir/StructureDefinition/NotificationReceipt" />
      </type>
      <mustSupport value="true" />
    </element>
    <element id="Bundle.entry:notificationReceipt.search">
      <path value="Bundle.entry.search" />
      <max value="0" />
    </element>
    <element id="Bundle.entry:notificationReceipt.request">
      <path value="Bundle.entry.request" />
      <max value="0" />
    </element>
    <element id="Bundle.entry:notificationReceipt.response">
      <path value="Bundle.entry.response" />
      <max value="0" />
    </element>
    <element id="Bundle.signature">
      <path value="Bundle.signature" />
      <max value="0" />
    </element>
  </differential>
</StructureDefinition>