<?xml version="1.0" encoding="utf-8"?>
<ValueSet xmlns="http://hl7.org/fhir">
  <id value="evidenceVZWD" />
  <url value="https://demis.rki.de/fhir/ValueSet/evidenceVZWD" />
  <version value="1.3.3" />
  <name value="EvidenceVZWD" />
  <title value="Symptome und Manifestationen in Bezug auf den Meldetatbestand &quot;Windpocken&quot;" />
  <status value="active" />
  <experimental value="false" />
  <date value="2025-02-20" />
  <publisher value="Robert Koch-Institut" />
  <description value="Das ValueSet EvidenceVZWD enthält die kodierten Angaben zu Symptomen und Manifestationen in Bezug auf den Meldetatbestand &quot;Windpocken&quot;." />
  <copyright value="This material includes SNOMED Clinical Terms® (SNOMED CT®) which is used by permission of the International Health Terminology Standards Development Organisation (IHTSDO). All rights reserved. SNOMED CT®, was originally created by The College of American Pathologists. “SNOMED” and “SNOMED CT” are registered trademarks of the IHTSDO.&#xD;&#xA;&#xD;&#xA;Dieses Material enthält SNOMED Clinical Terms® (SNOMED CT®), die mit Genehmigung der International Health Terminology Standards Development Organisation (IHTSDO) verwendet werden. Alle Rechte vorbehalten. SNOMED CT® wurde ursprünglich vom College of American Pathologists entwickelt. &quot;SNOMED&quot; und &quot;SNOMED CT&quot; sind eingetragene Warenzeichen der IHTSDO.&#xD;&#xA;&#xD;&#xA;Downloadbedingungen für SNOMED-CT&#xD;&#xA;&#xD;&#xA;Enthält durch SNOMED International urheberrechtlich geschützte Information. Jede Verwendung von SNOMED CT in Deutschland erfordert eine vollgültige Affiliate Lizenz oder eine Sublizenz. Die entsprechende Lizenz ist kostenlos, vorausgesetzt die Verwendung findet nur in Deutschland statt und erfüllt die Bedingungen des Affiliate License Agreements. Affiliate Lizenzen können über das Mitglieder-Lizenzierungs- und Distributions-Service (MLDS) direkt beim jeweiligen NRC beantragt werden. https://mlds.ihtsdotools.org/#/landing/DE?lang=de&#xD;&#xA;&#xD;&#xA;Contains information protected by copyright of SNOMED International. Any use of SNOMED CT in Austria requires a valid affiliate license or sublicense. The corresponding license is free of charge, provided that the use only takes place in Austria and fulfills the conditions of the Affiliate License Agreement. Affiliate licenses can be requested directly from the respective NRC via the Member Licensing and Distribution Service (MLDS). ttps://mlds.ihtsdotools.org/#/landing/DE?lang=de" />
  <compose>
    <include>
      <system value="http://snomed.info/sct" />
      <version value="http://snomed.info/sct/11000274103/version/20241115" />
      <concept>
        <extension url="http://hl7.org/fhir/StructureDefinition/valueset-conceptOrder">
          <valueInteger value="15" />
        </extension>
        <code value="193198003" />
        <display value="bakterielle Superinfektion" />
        <designation>
          <language value="en-US" />
          <use>
            <system value="http://snomed.info/sct" />
            <code value="900000000000003001" />
          </use>
          <value value="Superimposed infection (disorder)" />
        </designation>
      </concept>
      <concept>
        <extension url="http://hl7.org/fhir/StructureDefinition/valueset-conceptOrder">
          <valueInteger value="10" />
        </extension>
        <code value="233604007" />
        <display value="Lungenentzündung (Pneumonie)" />
        <designation>
          <language value="en-US" />
          <use>
            <system value="http://snomed.info/sct" />
            <code value="900000000000003001" />
          </use>
          <value value="Pneumonia (disorder)" />
        </designation>
      </concept>
      <concept>
        <extension url="http://hl7.org/fhir/StructureDefinition/valueset-conceptOrder">
          <valueInteger value="18" />
        </extension>
        <code value="271807003:{116676008=112629002}" />
        <display value="Ausschlag an Haut oder Schleimhaut mit Flecken (makulös)" />
        <designation>
          <language value="en-US" />
          <use>
            <system value="http://snomed.info/sct" />
            <code value="1119454002" />
          </use>
          <value value="271807003 | Eruption of skin (disorder) | : {116676008 | Associated morphology (attribute) | = 112629002 | Macule (morphologic abnormality) |}" />
        </designation>
      </concept>
      <concept>
        <extension url="http://hl7.org/fhir/StructureDefinition/valueset-conceptOrder">
          <valueInteger value="19" />
        </extension>
        <code value="271807003:{116676008=339008}" />
        <display value="Ausschlag an Haut oder Schleimhaut mit Bläschen (vesikulös)" />
        <designation>
          <language value="en-US" />
          <use>
            <system value="http://snomed.info/sct" />
            <code value="1119454002" />
          </use>
          <value value="271807003 | Eruption of skin (disorder) | : {116676008 | Associated morphology (attribute) | = 339008 | Blister (morphologic abnormality) |}" />
        </designation>
      </concept>
      <concept>
        <extension url="http://hl7.org/fhir/StructureDefinition/valueset-conceptOrder">
          <valueInteger value="16" />
        </extension>
        <code value="271807003:{116676008=47002008}" />
        <display value="Ausschlag an Haut oder Schleimhaut mit Pusteln (pustulös)" />
        <designation>
          <language value="en-US" />
          <use>
            <system value="http://snomed.info/sct" />
            <code value="1119454002" />
          </use>
          <value value="271807003 | Eruption of skin (disorder) | : {116676008 | Associated morphology (attribute) | = 47002008 | Pustule (morphologic abnormality) |}" />
        </designation>
      </concept>
      <concept>
        <extension url="http://hl7.org/fhir/StructureDefinition/valueset-conceptOrder">
          <valueInteger value="17" />
        </extension>
        <code value="423333008" />
        <display value="Ausschlag an Haut oder Schleimhaut mit gleichzeitig vorhandenen Papeln, Bläschen bzw. Pusteln und Schorf (sog. Sternenhimmel)" />
        <designation>
          <language value="en-US" />
          <use>
            <system value="http://snomed.info/sct" />
            <code value="900000000000003001" />
          </use>
          <value value="Exanthem due to varicella (disorder)" />
        </designation>
      </concept>
      <concept>
        <extension url="http://hl7.org/fhir/StructureDefinition/valueset-conceptOrder">
          <valueInteger value="12" />
        </extension>
        <code value="45170000" />
        <display value="Gehirnentzündung (Enzephalitis)" />
        <designation>
          <language value="en-US" />
          <use>
            <system value="http://snomed.info/sct" />
            <code value="900000000000003001" />
          </use>
          <value value="Encephalitis (disorder)" />
        </designation>
      </concept>
      <concept>
        <extension url="http://hl7.org/fhir/StructureDefinition/valueset-conceptOrder">
          <valueInteger value="14" />
        </extension>
        <code value="65363002" />
        <display value="Entzündung des Mittelohrs (Otitis media)" />
        <designation>
          <language value="en-US" />
          <use>
            <system value="http://snomed.info/sct" />
            <code value="900000000000003001" />
          </use>
          <value value="Otitis media (disorder)" />
        </designation>
      </concept>
      <concept>
        <extension url="http://hl7.org/fhir/StructureDefinition/valueset-conceptOrder">
          <valueInteger value="13" />
        </extension>
        <code value="715223009" />
        <display value="Fetales (kongenitales) Varizellensyndrom" />
        <designation>
          <language value="en-US" />
          <use>
            <system value="http://snomed.info/sct" />
            <code value="900000000000003001" />
          </use>
          <value value="Fetal varicella syndrome (disorder)" />
        </designation>
      </concept>
      <concept>
        <extension url="http://hl7.org/fhir/StructureDefinition/valueset-conceptOrder">
          <valueInteger value="11" />
        </extension>
        <code value="7180009" />
        <display value="Hirnhautentzündung (Meningitis)" />
        <designation>
          <language value="en-US" />
          <use>
            <system value="http://snomed.info/sct" />
            <code value="900000000000003001" />
          </use>
          <value value="Meningitis (disorder)" />
        </designation>
      </concept>
    </include>
  </compose>
</ValueSet>