<?xml version="1.0" encoding="utf-8"?>
<ValueSet xmlns="http://hl7.org/fhir">
  <id value="answerSetInfectionPathTOXD" />
  <url value="https://demis.rki.de/fhir/ValueSet/answerSetInfectionPathTOXD" />
  <version value="1.0.1" />
  <name value="AnswerSetInfectionPathTOXD" />
  <title value="Antwortmöglichkeiten zur Angabe des Infektionswegs bei dem Meldetatbestand &quot;Toxoplasma gondii, konnatal&quot;" />
  <status value="active" />
  <experimental value="false" />
  <date value="2025-08-12" />
  <publisher value="Robert Koch-Institut" />
  <contact>
    <telecom>
      <system value="email" />
      <value value="demis-support@rki.de" />
    </telecom>
  </contact>
  <description value="Das ValueSet AnswerSetInfectionPathTOXD enthält die kodierten Antwortmöglichkeiten zur Angabe des Infektionswegs bei dem Meldetatbestand &quot;Toxoplasma gondii, konnatal&quot;." />
  <jurisdiction>
    <coding>
      <system value="urn:iso:std:iso:3166" />
      <version value="ALPHA-2" />
      <code value="DE" />
    </coding>
  </jurisdiction>
  <copyright value="This material includes SNOMED Clinical Terms® (SNOMED CT®) which is used by permission of the International Health Terminology Standards Development Organisation (IHTSDO). All rights reserved. SNOMED CT®, was originally created by The College of American Pathologists. “SNOMED” and “SNOMED CT” are registered trademarks of the IHTSDO.&#xD;&#xA;&#xD;&#xA;Dieses Material enthält SNOMED Clinical Terms® (SNOMED CT®), die mit Genehmigung der International Health Terminology Standards Development Organisation (IHTSDO) verwendet werden. Alle Rechte vorbehalten. SNOMED CT® wurde ursprünglich vom College of American Pathologists entwickelt. &quot;SNOMED&quot; und &quot;SNOMED CT&quot; sind eingetragene Warenzeichen der IHTSDO.&#xD;&#xA;&#xD;&#xA;Downloadbedingungen für SNOMED-CT&#xD;&#xA;&#xD;&#xA;Enthält durch SNOMED International urheberrechtlich geschützte Information. Jede Verwendung von SNOMED CT in Deutschland erfordert eine vollgültige Affiliate Lizenz oder eine Sublizenz. Die entsprechende Lizenz ist kostenlos, vorausgesetzt die Verwendung findet nur in Deutschland statt und erfüllt die Bedingungen des Affiliate License Agreements. Affiliate Lizenzen können über das Mitglieder-Lizenzierungs- und Distributions-Service (MLDS) direkt beim jeweiligen NRC beantragt werden. https://mlds.ihtsdotools.org/#/landing/DE?lang=de&#xD;&#xA;&#xD;&#xA;Contains information protected by copyright of SNOMED International. Any use of SNOMED CT in Austria requires a valid affiliate license or sublicense. The corresponding license is free of charge, provided that the use only takes place in Austria and fulfills the conditions of the Affiliate License Agreement. Affiliate licenses can be requested directly from the respective NRC via the Member Licensing and Distribution Service (MLDS). ttps://mlds.ihtsdotools.org/#/landing/DE?lang=de" />
  <compose>
    <include>
      <system value="http://snomed.info/sct" />
      <version value="http://snomed.info/sct/11000274103/version/20241115" />
      <concept>
        <extension url="http://hl7.org/fhir/StructureDefinition/valueset-conceptOrder">
          <valueInteger value="15" />
        </extension>
        <code value="102432000" />
        <display value="Exposure to polluted soil (event)" />
        <designation>
          <language value="de-DE" />
          <value value="Kontakt mit kontaminierter Erde" />
        </designation>
      </concept>
      <concept>
        <extension url="http://hl7.org/fhir/StructureDefinition/valueset-conceptOrder">
          <valueInteger value="14" />
        </extension>
        <code value="102432000:{47429007=260787004}" />
        <display value="Kontakt zu mit Erde kontaminierten Gegenständen" />
      </concept>
      <concept>
        <extension url="http://hl7.org/fhir/StructureDefinition/valueset-conceptOrder">
          <valueInteger value="12" />
        </extension>
        <code value="133261000119105:{47429007=39477002,47429007=448169003}" />
        <display value="Körperlicher Kontakt mit Katzenkot" />
      </concept>
      <concept>
        <extension url="http://hl7.org/fhir/StructureDefinition/valueset-conceptOrder">
          <valueInteger value="999" />
        </extension>
        <code value="1631000175102" />
        <display value="Patient not asked (contextual qualifier) (qualifier value)" />
        <designation>
          <language value="de-DE" />
          <value value="Patient/Patientin nicht gefragt" />
        </designation>
      </concept>
      <concept>
        <extension url="http://hl7.org/fhir/StructureDefinition/valueset-conceptOrder">
          <valueInteger value="16" />
        </extension>
        <code value="184082004+77386006" />
        <display value="Auslandsaufenthalt während der Schwangerschaft" />
      </concept>
      <concept>
        <extension url="http://hl7.org/fhir/StructureDefinition/valueset-conceptOrder">
          <valueInteger value="1000" />
        </extension>
        <code value="261665006" />
        <display value="Unbekannt" />
      </concept>
      <concept>
        <extension url="http://hl7.org/fhir/StructureDefinition/valueset-conceptOrder">
          <valueInteger value="13" />
        </extension>
        <code value="444071008:{47429007=448169003}" />
        <display value="Körperlicher Kontakt mit Katzen" />
      </concept>
      <concept>
        <extension url="http://hl7.org/fhir/StructureDefinition/valueset-conceptOrder">
          <valueInteger value="1" />
        </extension>
        <code value="74964007" />
        <display value="Andere" />
      </concept>
      <concept>
        <extension url="http://hl7.org/fhir/StructureDefinition/valueset-conceptOrder">
          <valueInteger value="10" />
        </extension>
        <code value="781249001:{47429007=(228067006+28647000)}" />
        <display value="Verzehr von nicht durchgegartem Fleisch" />
      </concept>
      <concept>
        <extension url="http://hl7.org/fhir/StructureDefinition/valueset-conceptOrder">
          <valueInteger value="11" />
        </extension>
        <code value="781249001:{47429007=415555003}" />
        <display value="Verzehr von mit Erde kontaminierter Produkte (z.B. rohes Gemüse)" />
      </concept>
    </include>
  </compose>
</ValueSet>