<?xml version="1.0" encoding="UTF-8"?>
<Questionnaire xmlns="http://hl7.org/fhir">
  <id value="DiseaseQuestionsPKVD"/>
  <url value="https://demis.rki.de/fhir/Questionnaire/DiseaseQuestionsPKVD"/>
  <version value="1.0.1"/>
  <name value="DiseaseQuestionsPKVD"/>
  <title value="Pocken: spezifische klinische und epidemiologische Angaben"/>
  <status value="active"/>
  <date value="2024-07-22"/>
  <description value="Pocken spezifische Informationsbedarfe werden in diesem meldetatbestandsspezifischen Fragebogen zusammengestellt. Dieser manifestiert sich als entsprechende QuestionnaireResponse innerhalb der Meldung."/>
	<item>
		<extension url="http://hl7.org/fhir/StructureDefinition/questionnaire-itemControl">
			<valueCodeableConcept>
				<coding>
					<system value="http://hl7.org/fhir/questionnaire-item-control"/>
					<code value="drop-down"/>
					<display value="Drop down"/>
				</coding>
			</valueCodeableConcept>
		</extension>
		<linkId value="immunization"/>
		<text value="Wurde die betroffene Person jemals in Bezug auf die Krankheit geimpft?"/>
		<type value="choice"/>
		<required value="true"/>
		<repeats value="false"/>
		<answerValueSet value="https://demis.rki.de/fhir/ValueSet/yesOrNoOrNoInformation"/>
		<initial>
			<valueCoding>
				<system value="http://terminology.hl7.org/CodeSystem/v3-NullFlavor"/>
				<code value="NASK"/>
				<display value="not asked"/>
			</valueCoding>
		</initial>
		<item>
			<extension url="http://hl7.org/fhir/StructureDefinition/questionnaire-referenceProfile">
				<valueCanonical value="https://demis.rki.de/fhir/StructureDefinition/ImmunizationInformationPKVD"/>
			</extension>
			<linkId value="immunizationRef"/>
			<text value="Impfinformationen"/>
			<type value="reference"/>
			<enableWhen>
				<question value="immunization"/>
				<operator value="="/>
				<answerCoding>
					<system value="https://demis.rki.de/fhir/CodeSystem/yesOrNoAnswer"/>
					<code value="yes"/>
				</answerCoding>
			</enableWhen>
			<required value="false"/>
			<repeats value="true"/>
		</item>
	</item>
	<item>
    <extension url="http://hl7.org/fhir/StructureDefinition/questionnaire-itemControl">
      <valueCodeableConcept>
        <coding>
          <system value="http://hl7.org/fhir/questionnaire-item-control"/>
          <code value="drop-down"/>
          <display value="Drop down"/>
        </coding>
      </valueCodeableConcept>
    </extension>
    <linkId value="outbreak"/>
    <text value="Kann der gemeldete Fall einem Ausbruch zugeordnet werden?"/>
    <type value="choice"/>
    <required value="true"/>
    <repeats value="false"/>
    <answerValueSet value="https://demis.rki.de/fhir/ValueSet/yesOrNoOrNoInformation"/>
    <initial>
      <valueCoding>
        <system value="http://terminology.hl7.org/CodeSystem/v3-NullFlavor"/>
        <code value="NASK"/>
        <display value="not asked"/>
      </valueCoding>
    </initial>
    <item>
      <linkId value="outbreakNote"/>
      <text value="Fallbezogene Zusatzinformationen zum Ausbruch"/>
      <type value="text"/>
      <enableWhen>
        <question value="outbreak"/>
        <operator value="="/>
        <answerCoding>
          <system value="https://demis.rki.de/fhir/CodeSystem/yesOrNoAnswer"/>
          <code value="yes"/>
        </answerCoding>
      </enableWhen>
      <required value="false"/>
      <repeats value="false"/>
    </item>
    <item>
      <linkId value="outbreakNotificationId"/>
      <text value="Notification-Id der zugehörigen Ausbruchsmeldung"/>
      <type value="reference"/>
      <enableWhen>
        <question value="outbreak"/>
        <operator value="="/>
        <answerCoding>
          <system value="https://demis.rki.de/fhir/CodeSystem/yesOrNoAnswer"/>
          <code value="yes"/>
        </answerCoding>
      </enableWhen>
      <required value="false"/>
      <repeats value="false"/>
    </item>
  </item>
</Questionnaire>
