<?xml version="1.0" encoding="UTF-8"?>
<Questionnaire xmlns="http://hl7.org/fhir">
  <id value="DiseaseQuestionsTOXD"/>
  <url value="https://demis.rki.de/fhir/Questionnaire/DiseaseQuestionsTOXD"/>
  <version value="1.1.2"/>
  <name value="DiseaseQuestionsTOXD"/>
  <title value="Toxoplasma gondii; Meldepflicht nur bei konnataler Infektion des Kindes: spezifische klinische und epidemiologische Angaben"/>
  <status value="active"/>
  <date value="2026-01-19"/>
  <description value="Toxoplasma gondii; Meldepflicht nur bei konnataler Infektion des Kindes spezifische Informationsbedarfe werden in diesem meldetatbestandsspezifischen Fragebogen zusammengestellt. Dieser manifestiert sich als entsprechende QuestionnaireResponse innerhalb der Meldung."/>
  <item>
    <extension url="http://hl7.org/fhir/uv/sdc/StructureDefinition/sdc-questionnaire-minQuantity">
      <valueQuantity>
        <value value="1"/>
        <unit value="Woche(n)"/>
        <system value="http://unitsofmeasure.org"/>
        <code value="wk"/>
      </valueQuantity>
    </extension>
    <extension url="http://hl7.org/fhir/uv/sdc/StructureDefinition/sdc-questionnaire-maxQuantity">
      <valueQuantity>
        <value value="42"/>
        <unit value="Woche(n)"/>
        <system value="http://unitsofmeasure.org"/>
        <code value="wk"/>
      </valueQuantity>
    </extension>
    <linkId value="pregnancyWeek"/>
    <text value="In welcher Schwangerschaftswoche fand die Geburt statt?"/>
    <type value="quantity"/>
    <required value="true"/>
    <repeats value="false"/>
  </item>
  <item>
    <extension url="http://hl7.org/fhir/uv/sdc/StructureDefinition/sdc-questionnaire-minQuantity">
      <valueQuantity>
        <value value="500"/>
        <unit value="Gramm"/>
        <system value="http://unitsofmeasure.org"/>
        <code value="g"/>
      </valueQuantity>
    </extension>
    <extension url="http://hl7.org/fhir/uv/sdc/StructureDefinition/sdc-questionnaire-maxQuantity">
      <valueQuantity>
        <value value="5000"/>
        <unit value="Gramm"/>
        <system value="http://unitsofmeasure.org"/>
        <code value="g"/>
      </valueQuantity>
    </extension>
    <linkId value="newbornWeight"/>
    <text value="Welches Gewicht hatte das Neugeborene bei der Geburt (Angabe in Gramm)?"/>
    <type value="quantity"/>
    <required value="true"/>
    <repeats value="false"/>
  </item>
  <item>
    <extension url="http://hl7.org/fhir/StructureDefinition/questionnaire-itemControl">
      <valueCodeableConcept>
        <coding>
          <system value="http://hl7.org/fhir/questionnaire-item-control"/>
          <code value="drop-down"/>
          <display value="Drop down"/>
        </coding>
      </valueCodeableConcept>
    </extension>
    <linkId value="newbornStatus"/>
    <text value="Wie ist der Gesundheitszustand des Neugeborenen jetzt bzw. zum Zeitpunkt der Geburt?"/>
    <type value="choice"/>
    <required value="true"/>
    <repeats value="false"/>
    <answerValueSet value="https://demis.rki.de/fhir/ValueSet/answerSetNewbornStatusTOXD"/>
  </item>
  <item>
    <linkId value="motherDOB"/>
    <text value="Welches ist das Geburtsdatum der Mutter?"/>
    <type value="date"/>
    <required value="true"/>
    <repeats value="false"/>
  </item>
  <item>
    <extension url="http://hl7.org/fhir/StructureDefinition/questionnaire-itemControl">
      <valueCodeableConcept>
        <coding>
          <system value="http://hl7.org/fhir/questionnaire-item-control"></system>
          <code value="radio-button"/>
          <display value="Radio Button"/>
        </coding>
      </valueCodeableConcept>
    </extension>
    <linkId value="motherEvidence"/>
    <text value="Lag bei der Mutter eine klinische Symptomatik vor?"/>
    <type value="choice"/>
    <required value="true"/>
    <repeats value="false"/>
    <answerValueSet value="https://demis.rki.de/fhir/ValueSet/yesOrNoOrNoInformation-SNOMED"/>
    <item>
      <linkId value="motherSymptomOnset"/>
      <text value="Bitte geben Sie an, wann die Symptome begonnen haben."/>
      <type value="date"/>
      <enableWhen>
        <question value="motherEvidence"/>
        <operator value="="/>
        <answerCoding>
          <system value="http://snomed.info/sct"/>
          <code value="373066001"/>
        </answerCoding>
      </enableWhen>
      <required value="true"/>
      <repeats value="false"/>
    </item>
  </item>
  <item>
    <extension url="http://hl7.org/fhir/StructureDefinition/questionnaire-itemControl">
      <valueCodeableConcept>
        <coding>
          <system value="http://hl7.org/fhir/questionnaire-item-control"></system>
          <code value="radio-button"/>
          <display value="Radio Button"/>
        </coding>
      </valueCodeableConcept>
    </extension>
    <linkId value="travelAbroad"/>
    <text value="Fand während der Schwangerschaft ein Auslandsaufenthalt statt?"/>
    <type value="choice"/>
    <required value="true"/>
    <repeats value="false"/>
    <answerValueSet value="https://demis.rki.de/fhir/ValueSet/yesOrNoOrNoInformation-SNOMED"/>
    <item>
      <extension url="http://hl7.org/fhir/StructureDefinition/questionnaire-itemControl">
        <valueCodeableConcept>
          <coding>
            <system value="http://hl7.org/fhir/questionnaire-item-control"/>
            <code value="drop-down"/>
            <display value="Drop down"/>
          </coding>
        </valueCodeableConcept>
      </extension>
      <linkId value="travelAbroadCountry"/>
      <text value="Bitte geben Sie an, welches Land besucht wurde."/>
      <type value="choice"/>
      <enableWhen>
        <question value="travelAbroad"/>
        <operator value="="/>
        <answerCoding>
          <system value="http://snomed.info/sct"/>
          <code value="373066001"/>
        </answerCoding>
      </enableWhen>
      <required value="true"/>
      <repeats value="false"/>
      <answerValueSet value="https://demis.rki.de/fhir/ValueSet/answerSetCountry-ISO-SNOMED"/>
    </item>
  </item>
</Questionnaire>
