<?xml version="1.0" encoding="UTF-8"?>
<Questionnaire xmlns="http://hl7.org/fhir">
  <id value="DiseaseQuestionsTRPD"/>
  <url value="https://demis.rki.de/fhir/Questionnaire/DiseaseQuestionsTRPD"/>
  <version value="1.1.2"/>
  <name value="DiseaseQuestionsTRPD"/>
  <title value="Treponema pallidum: spezifische klinische und epidemiologische Angaben"/>
  <status value="active"/>
  <date value="2026-01-22"/>
  <description value="Treponema pallidum (Syphilis) spezifische Informationsbedarfe werden in diesem meldetatbestandsspezifischen Fragebogen zusammengestellt. Dieser manifestiert sich als entsprechende QuestionnaireResponse innerhalb der Meldung."/>
  <item>
    <extension url="http://hl7.org/fhir/StructureDefinition/regex">
      <valueString value="^19[0-9]{2}-[0-9]{2}$|^20[0-9]{2}-[0-9]{2}$|^19[0-9]{2}$|^20[0-9]{2}$" />
    </extension>
    <linkId value="timeOfInfection"/>
    <text value="Welcher ist der wahrscheinliche Infektionszeitpunkt?"/>
    <type value="date"/>
    <required value="false"/>
    <repeats value="false"/>
  </item>
  <item>
    <extension url="http://hl7.org/fhir/StructureDefinition/questionnaire-itemControl">
      <valueCodeableConcept>
        <coding>
          <system value="http://hl7.org/fhir/questionnaire-item-control"/>
          <code value="drop-down"/>
          <display value="Drop down"/>
        </coding>
      </valueCodeableConcept>
    </extension>
    <linkId value="clinicalFindingTRPD"/>
    <text value="Wie lautet die klinische Beurteilung der vorliegenden Infektion?"/>
    <type value="choice"/>
    <required value="true"/>
    <repeats value="false"/>
    <answerValueSet value="https://demis.rki.de/fhir/ValueSet/answerSetClinicalFindingTRPD"/>
  </item>
  <item>
    <extension url="http://hl7.org/fhir/StructureDefinition/questionnaire-itemControl">
      <valueCodeableConcept>
        <coding>
          <system value="http://hl7.org/fhir/questionnaire-item-control"/>
          <code value="drop-down"/>
          <display value="Drop down"/>
        </coding>
      </valueCodeableConcept>
    </extension>
    <linkId value="coinfections"/>
    <text value="Liegen Koinfektionen vor?"/>
    <type value="choice"/>
    <required value="true"/>
    <repeats value="true"/>
    <answerValueSet value="https://demis.rki.de/fhir/ValueSet/answerSetCoinfectionTRPD"/>
  </item>
  <item>
    <extension url="http://hl7.org/fhir/StructureDefinition/questionnaire-itemControl">
      <valueCodeableConcept>
        <coding>
          <system value="http://hl7.org/fhir/questionnaire-item-control"></system>
          <code value="radio-button"/>
          <display value="Radio Button"/>
        </coding>
      </valueCodeableConcept>
    </extension>
    <linkId value="hivPrEPStatusTRPD"/>
    <text value="Wurde zum Zeitpunkt der Syphilis-Infektion eine HIV-PrEP eingenommen?"/>
    <type value="choice"/>
    <required value="true"/>
    <repeats value="false"/>
    <answerValueSet value="https://demis.rki.de/fhir/ValueSet/yesOrNoOrUnknown"/>
  </item>
  <item>
    <extension url="http://hl7.org/fhir/StructureDefinition/questionnaire-itemControl">
      <valueCodeableConcept>
        <coding>
          <system value="http://hl7.org/fhir/questionnaire-item-control"></system>
          <code value="radio-button"/>
          <display value="Radio Button"/>
        </coding>
      </valueCodeableConcept>
    </extension>
    <linkId value="stiProphylaxisStatusTRPD"/>
    <text value="Wurde zum Zeitpunkt der Syphilis-Infektion eine antibiotische STI-Prophylaxe eingenommen (z.B. Doxy-PEP)?"/>
    <type value="choice"/>
    <required value="true"/>
    <repeats value="false"/>
    <answerValueSet value="https://demis.rki.de/fhir/ValueSet/answerSetSTIProphylaxis"/>
  </item>
  <item>
    <extension url="http://hl7.org/fhir/StructureDefinition/questionnaire-itemControl">
      <valueCodeableConcept>
        <coding>
          <system value="http://hl7.org/fhir/questionnaire-item-control"/>
          <code value="drop-down"/>
          <display value="Drop down"/>
        </coding>
      </valueCodeableConcept>
    </extension>
    <linkId value="infectionPathRisk"/>
    <text value="Auf welchem Weg hat sich die betroffene Person wahrscheinlich infiziert?"/>
    <type value="choice"/>
    <required value="true"/>
    <repeats value="true"/>
    <answerValueSet value="https://demis.rki.de/fhir/ValueSet/answerSetInfectionPathTRPD"/>
    <item>
      <extension url="http://hl7.org/fhir/uv/sdc/StructureDefinition/sdc-questionnaire-minQuantity">
        <valueQuantity>
          <value value="2"/>
          <unit value="Titer"/>
          <system value="http://unitsofmeasure.org"/>
          <code value="{titer}"/>
        </valueQuantity>
      </extension>
      <extension url="http://hl7.org/fhir/uv/sdc/StructureDefinition/sdc-questionnaire-maxQuantity">
        <valueQuantity>
          <value value="1000"/>
          <unit value="Titer"/>
          <system value="http://unitsofmeasure.org"/>
          <code value="{titer}"/>
        </valueQuantity>
      </extension>
      <linkId value="connatalTiter"/>
      <text value="Bitte geben Sie den mütterlichen VDRL/RPR-Titer an (Vereinfachte Schreibweise, also beispielsweise &quot;32&quot; statt &quot;1:32&quot;)."/>
      <type value="quantity"/>
      <enableWhen>
        <question value="infectionPathRisk"/>
        <operator value="="/>
        <answerCoding>
          <system value="http://snomed.info/sct"/>
          <code value="1290740005"/>
        </answerCoding>
      </enableWhen>
      <required value="true"/>
      <repeats value="false"/>
    </item>
  </item>
  <item>
    <extension url="http://hl7.org/fhir/StructureDefinition/questionnaire-itemControl">
      <valueCodeableConcept>
        <coding>
          <system value="http://hl7.org/fhir/questionnaire-item-control"></system>
          <code value="radio-button"/>
          <display value="Radio Button"/>
        </coding>
      </valueCodeableConcept>
    </extension>
    <linkId value="sexWork"/>
    <text value="Hat die betroffene Person Sexarbeit ausgeübt oder in Anspruch genommen?"/>
    <type value="choice"/>
    <required value="true"/>
    <repeats value="true"/>
    <answerValueSet value="https://demis.rki.de/fhir/ValueSet/answerSetSexWork"/>
  </item>
  <item>
    <extension url="http://hl7.org/fhir/StructureDefinition/questionnaire-itemControl">
      <valueCodeableConcept>
        <coding>
          <system value="http://hl7.org/fhir/questionnaire-item-control"/>
          <code value="drop-down"/>
          <display value="Drop down"/>
        </coding>
      </valueCodeableConcept>
    </extension>
    <linkId value="partnerNotifiedTRPD"/>
    <text value="Hat die betroffene Person ihre (Sexual)Partner*innen über die Syphilis-Infektion benachrichtigt?"/>
    <type value="choice"/>
    <required value="true"/>
    <repeats value="false"/>
    <answerValueSet value="https://demis.rki.de/fhir/ValueSet/answerSetPartnerNotified"/>
  </item>
  <item>
    <extension url="http://hl7.org/fhir/StructureDefinition/questionnaire-itemControl">
      <valueCodeableConcept>
        <coding>
          <system value="http://hl7.org/fhir/questionnaire-item-control"/>
          <code value="drop-down"/>
          <display value="Drop down"/>
        </coding>
      </valueCodeableConcept>
    </extension>
    <linkId value="countryOrigin"/>
    <text value="Welches ist das Herkunftsland der betroffenen Person?"/>
    <type value="choice"/>
    <required value="true"/>
    <repeats value="false"/>
    <answerValueSet value="https://demis.rki.de/fhir/ValueSet/answerSetCountry-ISO-SNOMED"/>
    <item>
      <extension url="http://hl7.org/fhir/StructureDefinition/questionnaire-itemControl">
        <valueCodeableConcept>
          <coding>
            <system value="http://hl7.org/fhir/questionnaire-item-control"/>
            <code value="drop-down"/>
            <display value="Drop down"/>
          </coding>
        </valueCodeableConcept>
      </extension>
      <linkId value="regionOrigin"/>
      <text value="Welche ist die Herkunftsregion der betroffenen Person?"/>
      <type value="choice"/>
      <enableWhen>
        <question value="countryOrigin"/>
        <operator value="="/>
        <answerCoding>
          <system value="http://snomed.info/sct"/>
          <code value="261665006"/>
        </answerCoding>
      </enableWhen>
      <required value="true"/>
      <repeats value="false"/>
      <answerValueSet value="https://demis.rki.de/fhir/ValueSet/answerSetGeographicSubcontinent"/>
    </item>
  </item>
  <item>
    <extension url="http://hl7.org/fhir/StructureDefinition/questionnaire-itemControl">
      <valueCodeableConcept>
        <coding>
          <system value="http://hl7.org/fhir/questionnaire-item-control"/>
          <code value="drop-down"/>
          <display value="Drop down"/>
        </coding>
      </valueCodeableConcept>
    </extension>
    <linkId value="countryOfInfection"/>
    <text value="Welches ist das wahrscheinliche Infektionsland?"/>
    <type value="choice"/>
    <required value="true"/>
    <repeats value="false"/>
    <answerValueSet value="https://demis.rki.de/fhir/ValueSet/answerSetCountry-ISO-SNOMED"/>
    <item>
      <extension url="http://hl7.org/fhir/StructureDefinition/questionnaire-itemControl">
        <valueCodeableConcept>
          <coding>
            <system value="http://hl7.org/fhir/questionnaire-item-control"/>
            <code value="drop-down"/>
            <display value="Drop down"/>
          </coding>
        </valueCodeableConcept>
      </extension>
      <linkId value="regionOfInfection"/>
      <text value="Welche ist die wahrscheinliche Infektionsregion?"/>
      <type value="choice"/>
      <enableWhen>
        <question value="countryOfInfection"/>
        <operator value="="/>
        <answerCoding>
          <system value="http://snomed.info/sct"/>
          <code value="261665006"/>
        </answerCoding>
      </enableWhen>
      <required value="true"/>
      <repeats value="false"/>
      <answerValueSet value="https://demis.rki.de/fhir/ValueSet/answerSetGeographicSubcontinent"/>
    </item>
  </item>
  <item>
    <extension url="http://hl7.org/fhir/StructureDefinition/questionnaire-itemControl">
      <valueCodeableConcept>
        <coding>
          <system value="http://hl7.org/fhir/questionnaire-item-control"></system>
          <code value="radio-button"/>
          <display value="Radio Button"/>
        </coding>
      </valueCodeableConcept>
    </extension>
    <linkId value="genderDefintion"/>
    <text value="Zusatzangabe zur geschlechtlichen Selbstdefinition der betroffenen Person, falls bekannt."/>
    <type value="choice"/>
    <required value="false"/>
    <repeats value="false"/>
    <answerValueSet value="https://demis.rki.de/fhir/ValueSet/answerSetGenderDefinition"/>
  </item>
</Questionnaire>
