<?xml version="1.0" encoding="UTF-8"?>
<StructureDefinition xmlns="http://hl7.org/fhir">
  <id value="PathogenDetectionCAMP"/>
  <url value="https://demis.rki.de/fhir/StructureDefinition/PathogenDetectionCAMP"/>
  <version value="1.3.0"/>
  <name value="PathogenDetectionCAMP"/>
  <title value="Erregernachweis für Campylobacter spp. (darmpathogen)"/>
  <status value="active"/>
  <date value="2023-10-30"/>
  <description value="Der Campylobacter spp. (darmpathogen)-Erregernachweis spezifiziert den Erregernachweis hinsichtlich des Labortestes, der Nachweismethode und der Probe für Campylobacter spp. darmpathogen."/>
  <fhirVersion value="4.0.1"/>
  <mapping>
    <identity value="sct-concept"/>
    <uri value="http://snomed.info/conceptdomain"/>
    <name value="SNOMED CT Concept Domain Binding"/>
  </mapping>
  <mapping>
    <identity value="sct-attr"/>
    <uri value="http://snomed.org/attributebinding"/>
    <name value="SNOMED CT Attribute Binding"/>
  </mapping>
  <kind value="resource"/>
  <abstract value="false"/>
  <type value="Observation"/>
  <baseDefinition value="https://demis.rki.de/fhir/StructureDefinition/PathogenDetection"/>
  <derivation value="constraint"/>
  <differential>
    <element id="Observation.meta"><path value="Observation.meta"/><min value="1"/><mustSupport value="true"/></element><element id="Observation.meta.profile"><path value="Observation.meta.profile"/><min value="1"/><max value="1"/><fixedCanonical value="https://demis.rki.de/fhir/StructureDefinition/PathogenDetectionCAMP"/><mustSupport value="true"/></element><element id="Observation.code">
      <path value="Observation.code"/>
      <definition value="Typ des durchgeführten Labortests. Der Wert muss als LOINC-Code - entsprechend des vom RKI definierten und in regelmäßigen Abständen aktualisierten ValueSets (https://demis.rki.de/fhir/ValueSet/laboratoryTestCAMP) – im coding Element dargestellt werden. Für eine begrenzte Übergangszeit ist die Verwendung des text Elementes in Ausnahmefällen zulässig. Folgende Ausbaustufen des Systems werden hier jedoch deutlich restriktiver sein, um einen automatisierte Weiterverarbeitung der Inhalte im Gesundheitsamt zu ermöglichen."/>
    </element>
    <element id="Observation.code.coding">
      <path value="Observation.code.coding"/>
      <binding>
        <strength value="extensible"/>
        <valueSet value="https://demis.rki.de/fhir/ValueSet/laboratoryTestCAMP"/>
      </binding>
    </element>
    <element id="Observation.specimen">
      <path value="Observation.specimen"/>
      <type>
        <code value="Reference"/>
        <targetProfile value="https://demis.rki.de/fhir/StructureDefinition/SpecimenCAMP"/>
      </type>
    </element>
  </differential>
</StructureDefinition>