<?xml version="1.0" encoding="UTF-8"?>
<NamingSystem xmlns="http://hl7.org/fhir">
  <id value="SurveillancePatientPseudonym" />
  <name value="SurveillancePatientPseudonym" />
  <status value="active" />
  <kind value="identifier" />
  <date value="2025-03-14" />
  <description value="Das SurveillancePatientPseudonym ist das NamingSystem um das Patienten-Pseudonym der Surveillance-Systeme zu übermitteln." />
  <uniqueId>
    <type value="uri" />
    <value value="https://demis.rki.de/fhir/sid/SurveillancePatientPseudonym" />
    <preferred value="true" />
  </uniqueId>
</NamingSystem>
