<?xml version="1.0" encoding="UTF-8"?>
<NamingSystem xmlns="http://hl7.org/fhir">
  <id value="InternalOrganizationId" />
  <name value="InternalOrganizationId" />
  <status value="active" />
  <kind value="identifier" />
  <date value="2025-03-14" />
  <description value="Die InternalOrganizationId ist das NamingSystem um eine interne ID der Einrichtung zu übermitteln." />
  <uniqueId>
    <type value="uri" />
    <value value="https://demis.rki.de/fhir/sid/InternalOrganizationId" />
    <preferred value="true" />
  </uniqueId>
</NamingSystem>