<?xml version="1.0" encoding="UTF-8"?>
<StructureDefinition xmlns="http://hl7.org/fhir">
  <id value="DiseaseTTVD"/>
  <url value="https://demis.rki.de/fhir/StructureDefinition/DiseaseTTVD"/>
  <version value="1.1.0"/>
  <name value="DiseaseTTVD"/>
  <title value="Tollwutexpositionsverdacht"/>
  <status value="active"/>
  <date value="2024-03-21"/>
  <description value="Enthält klinische Informationen wie Diagnose, Behandlungsergebnis, usw. hinsichtlich Tollwutexpositionsverdacht."/>
  <fhirVersion value="4.0.1"/>
  <mapping>
    <identity value="sct-concept"/>
    <uri value="http://snomed.info/conceptdomain"/>
    <name value="SNOMED CT Concept Domain Binding"/>
  </mapping>
  <mapping>
    <identity value="sct-attr"/>
    <uri value="http://snomed.org/attributebinding"/>
    <name value="SNOMED CT Attribute Binding"/>
  </mapping>
  <kind value="resource"/>
  <abstract value="false"/>
  <type value="Condition"/>
  <baseDefinition value="https://demis.rki.de/fhir/StructureDefinition/Disease"/>
  <derivation value="constraint"/>
  <differential>
    <element id="Condition.code">
      <path value="Condition.code"/>
      <short value="Meldetatbestand Tollwutexpositionsverdacht"/>
      <definition value="Bei Meldetatbestand Tollwutexpositionsverdacht ist Condition.code.coding.code mit &quot;ttvd&quot; zu belegen."/>
    </element>
    <element id="Condition.code.coding.system">
      <path value="Condition.code.coding.system"/>
      <fixedUri value="https://demis.rki.de/fhir/CodeSystem/notificationDiseaseCategory"/>
    </element>
    <element id="Condition.code.coding.code">
      <path value="Condition.code.coding.code"/>
      <fixedCode value="ttvd"/>
    </element>
    <element id="Condition.evidence">
      <path value="Condition.evidence"/>
	  <max value="0"/>
	</element>
  </differential>
</StructureDefinition>
