<?xml version="1.0" encoding="UTF-8"?>
<StructureDefinition xmlns="http://hl7.org/fhir">
  <id value="Comment" />
  <url value="https://demis.rki.de/fhir/StructureDefinition/Comment" />
  <version value="2.0.0" />
  <name value="Comment" />
  <title value="Kommentar" />
  <status value="active" />
  <date value="2024-06-05" />
  <description value="Der Kommentar bietet die Möglichkeit zusätzliche Informationen bei Kontaktangaben anzugeben z.B. zur zeitlichen Erreichbarkeit." />
  <fhirVersion value="4.0.1" />
  <kind value="complex-type" />
  <abstract value="false" />
  <context>
    <type value="element" />
    <expression value="Practitioner.telecom" />
  </context>
  <context>
    <type value="element" />
    <expression value="Organization.telecom" />
  </context>
  <context>
    <type value="element" />
    <expression value="Patient.telecom" />
  </context>
  <type value="Extension" />
  <baseDefinition value="http://hl7.org/fhir/StructureDefinition/Extension" />
  <derivation value="constraint" />
  <differential>
    <element id="Extension.url">
      <path value="Extension.url" />
      <fixedUri value="https://demis.rki.de/fhir/StructureDefinition/Comment" />
    </element>
    <element id="Extension.value[x]">
      <path value="Extension.value[x]" />
      <short value="Kommentar" />
      <definition value="Kommentar als Freitext" />
      <min value="1" />
      <type>
        <code value="string" />
      </type>
      <mustSupport value="true" />
    </element>
  </differential>
</StructureDefinition>