<?xml version="1.0" encoding="utf-8"?>
<CodeSystem xmlns="http://hl7.org/fhir">
  <id value="notificationCategory" />
  <url value="https://demis.rki.de/fhir/CodeSystem/notificationCategory" />
  <version value="2.1.0" />
  <name value="NotificationCategory" />
  <title value="Meldetatbestand" />
  <status value="active" />
  <experimental value="false" />
  <date value="2025-04-08" />
  <publisher value="Robert Koch-Institut" />
  <contact>
    <telecom>
      <system value="email" />
      <value value="demis-support@rki.de" />
    </telecom>
  </contact>
  <description value="Das CodeSystem NotificationCategory enthält die Codes der Meldetatbestände." />
  <jurisdiction>
    <coding>
      <system value="urn:iso:std:iso:3166" />
      <version value="ALPHA-2" />
      <code value="DE" />
    </coding>
  </jurisdiction>
  <copyright value="(C) 2021-2025 Robert Koch-Institut" />
  <caseSensitive value="false" />
  <valueSet value="https://demis.rki.de/fhir/ValueSet/notificationCategory" />
  <content value="complete" />
  <count value="85" />
  <property>
    <code value="inactive" />
    <type value="boolean" />
  </property>
  <property>
    <code value="diagnosticReport-profile" />
    <description value="Verweis auf das zu verwendende Profil für den Laborbericht (DiagnosticReport)" />
    <type value="string" />
  </property>
  <property>
    <code value="federal-state-specific-notificationCategory" />
    <description value="Bundeslandspezifischer Meldetatbestand" />
    <type value="boolean" />
  </property>
  <property>
    <code value="federal-state" />
    <description value="Bundesland" />
    <type value="Coding" />
  </property>
  <concept>
    <extension url="http://hl7.org/fhir/StructureDefinition/codesystem-conceptOrder">
      <valueInteger value="1000" />
    </extension>
    <code value="acbp" />
    <display value="Acinetobacter spp. bei Nachweis einer Carbapenemase-Determinante oder mit verminderter Empfindlichkeit gegenüber Carbapenemen außer bei natürlicher Resistenz; Meldepflicht nur bei Infektion oder Kolonisation" />
    <designation>
      <language value="de-DE" />
      <value value="Acinetobacter spp., Carbapenem" />
    </designation>
    <property>
      <code value="inactive" />
      <valueBoolean value="false" />
    </property>
    <property>
      <code value="diagnosticReport-profile" />
      <valueString value="https://demis.rki.de/fhir/StructureDefinition/LaboratoryReportACBP" />
    </property>
    <property>
      <code value="federal-state-specific-notificationCategory" />
      <valueBoolean value="false" />
    </property>
  </concept>
  <concept>
    <extension url="http://hl7.org/fhir/StructureDefinition/codesystem-conceptOrder">
      <valueInteger value="990" />
    </extension>
    <code value="advp" />
    <display value="Adenoviren; Meldepflicht nur für den direkten Nachweis im Konjunktivalabstrich" />
    <designation>
      <language value="de-DE" />
      <value value="Adenoviren, Konjunktivalabstrich" />
    </designation>
    <property>
      <code value="inactive" />
      <valueBoolean value="false" />
    </property>
    <property>
      <code value="diagnosticReport-profile" />
      <valueString value="https://demis.rki.de/fhir/StructureDefinition/LaboratoryReportADVP" />
    </property>
    <property>
      <code value="federal-state-specific-notificationCategory" />
      <valueBoolean value="false" />
    </property>
  </concept>
  <concept>
    <extension url="http://hl7.org/fhir/StructureDefinition/codesystem-conceptOrder">
      <valueInteger value="980" />
    </extension>
    <code value="adep" />
    <display value="Adenoviren; Meldepflicht bei akuter Infektion für Nachweise aus allen Körpermaterialien" />
    <designation>
      <language value="de-DE" />
      <value value="Adenoviren, alle Materialien" />
    </designation>
    <property>
      <code value="inactive" />
      <valueBoolean value="false" />
    </property>
    <property>
      <code value="diagnosticReport-profile" />
      <valueString value="https://demis.rki.de/fhir/StructureDefinition/LaboratoryReportADEP" />
    </property>
    <property>
      <code value="federal-state-specific-notificationCategory" />
      <valueBoolean value="true" />
    </property>
    <property>
      <code value="federal-state" />
      <valueCoding>
        <system value="urn:iso:std:iso:3166-2:de" />
        <code value="DE-SN" />
      </valueCoding>
    </property>
  </concept>
  <concept>
    <extension url="http://hl7.org/fhir/StructureDefinition/codesystem-conceptOrder">
      <valueInteger value="960" />
    </extension>
    <code value="abvp" />
    <display value="Arboviren (sonstige)" />
    <designation>
      <language value="de-DE" />
      <value value="Arboviren, sonstige" />
    </designation>
    <property>
      <code value="inactive" />
      <valueBoolean value="false" />
    </property>
    <property>
      <code value="diagnosticReport-profile" />
      <valueString value="https://demis.rki.de/fhir/StructureDefinition/LaboratoryReportABVP" />
    </property>
    <property>
      <code value="federal-state-specific-notificationCategory" />
      <valueBoolean value="false" />
    </property>
  </concept>
  <concept>
    <extension url="http://hl7.org/fhir/StructureDefinition/codesystem-conceptOrder">
      <valueInteger value="950" />
    </extension>
    <code value="astp" />
    <display value="Astroviren" />
    <designation>
      <language value="de-DE" />
      <value value="Astroviren" />
    </designation>
    <property>
      <code value="inactive" />
      <valueBoolean value="false" />
    </property>
    <property>
      <code value="diagnosticReport-profile" />
      <valueString value="https://demis.rki.de/fhir/StructureDefinition/LaboratoryReportASTP" />
    </property>
    <property>
      <code value="federal-state-specific-notificationCategory" />
      <valueBoolean value="true" />
    </property>
    <property>
      <code value="federal-state" />
      <valueCoding>
        <system value="urn:iso:std:iso:3166-2:de" />
        <code value="DE-SN" />
      </valueCoding>
    </property>
  </concept>
  <concept>
    <extension url="http://hl7.org/fhir/StructureDefinition/codesystem-conceptOrder">
      <valueInteger value="940" />
    </extension>
    <code value="banp" />
    <display value="Bacillus anthracis" />
    <designation>
      <language value="de-DE" />
      <value value="Bacillus anthracis" />
    </designation>
    <property>
      <code value="inactive" />
      <valueBoolean value="false" />
    </property>
    <property>
      <code value="diagnosticReport-profile" />
      <valueString value="https://demis.rki.de/fhir/StructureDefinition/LaboratoryReportBANP" />
    </property>
    <property>
      <code value="federal-state-specific-notificationCategory" />
      <valueBoolean value="false" />
    </property>
  </concept>
  <concept>
    <extension url="http://hl7.org/fhir/StructureDefinition/codesystem-conceptOrder">
      <valueInteger value="930" />
    </extension>
    <code value="bpsp" />
    <display value="Bordetella pertussis, Bordetella parapertussis" />
    <designation>
      <language value="de-DE" />
      <value value="Bordetella pertussis/parapertussis" />
    </designation>
    <property>
      <code value="inactive" />
      <valueBoolean value="false" />
    </property>
    <property>
      <code value="diagnosticReport-profile" />
      <valueString value="https://demis.rki.de/fhir/StructureDefinition/LaboratoryReportBPSP" />
    </property>
    <property>
      <code value="federal-state-specific-notificationCategory" />
      <valueBoolean value="false" />
    </property>
  </concept>
  <concept>
    <extension url="http://hl7.org/fhir/StructureDefinition/codesystem-conceptOrder">
      <valueInteger value="920" />
    </extension>
    <code value="bovp" />
    <display value="humanpathogene Bornaviren; Meldepflicht nur für den direkten Nachweis" />
    <designation>
      <language value="de-DE" />
      <value value="Bornaviren" />
    </designation>
    <property>
      <code value="inactive" />
      <valueBoolean value="false" />
    </property>
    <property>
      <code value="diagnosticReport-profile" />
      <valueString value="https://demis.rki.de/fhir/StructureDefinition/LaboratoryReportBOVP" />
    </property>
    <property>
      <code value="federal-state-specific-notificationCategory" />
      <valueBoolean value="false" />
    </property>
  </concept>
  <concept>
    <extension url="http://hl7.org/fhir/StructureDefinition/codesystem-conceptOrder">
      <valueInteger value="910" />
    </extension>
    <code value="borp" />
    <display value="Borrelia recurrentis" />
    <designation>
      <language value="de-DE" />
      <value value="Borrelia recurrentis" />
    </designation>
    <property>
      <code value="inactive" />
      <valueBoolean value="false" />
    </property>
    <property>
      <code value="diagnosticReport-profile" />
      <valueString value="https://demis.rki.de/fhir/StructureDefinition/LaboratoryReportBORP" />
    </property>
    <property>
      <code value="federal-state-specific-notificationCategory" />
      <valueBoolean value="false" />
    </property>
  </concept>
  <concept>
    <extension url="http://hl7.org/fhir/StructureDefinition/codesystem-conceptOrder">
      <valueInteger value="900" />
    </extension>
    <code value="bobp" />
    <display value="(Lyme-) Borreliose, Borrelia burgdorferi" />
    <designation>
      <language value="de-DE" />
      <value value="Borrelia burgdorferi" />
    </designation>
    <property>
      <code value="inactive" />
      <valueBoolean value="false" />
    </property>
    <property>
      <code value="diagnosticReport-profile" />
      <valueString value="https://demis.rki.de/fhir/StructureDefinition/LaboratoryReportBOBP" />
    </property>
    <property>
      <code value="federal-state-specific-notificationCategory" />
      <valueBoolean value="true" />
    </property>
    <property>
      <code value="federal-state" />
      <valueCoding>
        <system value="urn:iso:std:iso:3166-2:de" />
        <code value="DE-RP" />
      </valueCoding>
    </property>
    <property>
      <code value="federal-state" />
      <valueCoding>
        <system value="urn:iso:std:iso:3166-2:de" />
        <code value="DE-BY" />
      </valueCoding>
    </property>
    <property>
      <code value="federal-state" />
      <valueCoding>
        <system value="urn:iso:std:iso:3166-2:de" />
        <code value="DE-SL" />
      </valueCoding>
    </property>
    <property>
      <code value="federal-state" />
      <valueCoding>
        <system value="urn:iso:std:iso:3166-2:de" />
        <code value="DE-BE" />
      </valueCoding>
    </property>
    <property>
      <code value="federal-state" />
      <valueCoding>
        <system value="urn:iso:std:iso:3166-2:de" />
        <code value="DE-BB" />
      </valueCoding>
    </property>
    <property>
      <code value="federal-state" />
      <valueCoding>
        <system value="urn:iso:std:iso:3166-2:de" />
        <code value="DE-MV" />
      </valueCoding>
    </property>
    <property>
      <code value="federal-state" />
      <valueCoding>
        <system value="urn:iso:std:iso:3166-2:de" />
        <code value="DE-SN" />
      </valueCoding>
    </property>
    <property>
      <code value="federal-state" />
      <valueCoding>
        <system value="urn:iso:std:iso:3166-2:de" />
        <code value="DE-ST" />
      </valueCoding>
    </property>
    <property>
      <code value="federal-state" />
      <valueCoding>
        <system value="urn:iso:std:iso:3166-2:de" />
        <code value="DE-TH" />
      </valueCoding>
    </property>
  </concept>
  <concept>
    <extension url="http://hl7.org/fhir/StructureDefinition/codesystem-conceptOrder">
      <valueInteger value="890" />
    </extension>
    <code value="brup" />
    <display value="Brucella sp." />
    <designation>
      <language value="de-DE" />
      <value value="Brucella sp." />
    </designation>
    <property>
      <code value="inactive" />
      <valueBoolean value="false" />
    </property>
    <property>
      <code value="diagnosticReport-profile" />
      <valueString value="https://demis.rki.de/fhir/StructureDefinition/LaboratoryReportBRUP" />
    </property>
    <property>
      <code value="federal-state-specific-notificationCategory" />
      <valueBoolean value="false" />
    </property>
  </concept>
  <concept>
    <extension url="http://hl7.org/fhir/StructureDefinition/codesystem-conceptOrder">
      <valueInteger value="880" />
    </extension>
    <code value="camp" />
    <display value="Campylobacter spp. (darmpathogen)" />
    <designation>
      <language value="de-DE" />
      <value value="Campylobacter spp., darmpathogen" />
    </designation>
    <property>
      <code value="inactive" />
      <valueBoolean value="false" />
    </property>
    <property>
      <code value="diagnosticReport-profile" />
      <valueString value="https://demis.rki.de/fhir/StructureDefinition/LaboratoryReportCAMP" />
    </property>
    <property>
      <code value="federal-state-specific-notificationCategory" />
      <valueBoolean value="false" />
    </property>
  </concept>
  <concept>
    <extension url="http://hl7.org/fhir/StructureDefinition/codesystem-conceptOrder">
      <valueInteger value="870" />
    </extension>
    <code value="caup" />
    <display value="Candida auris; Meldepflicht nur für den direkten Nachweis" />
    <designation>
      <language value="de-DE" />
      <value value="Candida auris" />
    </designation>
    <property>
      <code value="inactive" />
      <valueBoolean value="false" />
    </property>
    <property>
      <code value="diagnosticReport-profile" />
      <valueString value="https://demis.rki.de/fhir/StructureDefinition/LaboratoryReportCAUP" />
    </property>
    <property>
      <code value="federal-state-specific-notificationCategory" />
      <valueBoolean value="false" />
    </property>
  </concept>
  <concept>
    <extension url="http://hl7.org/fhir/StructureDefinition/codesystem-conceptOrder">
      <valueInteger value="860" />
    </extension>
    <code value="ckvp" />
    <display value="Chikungunya-Virus" />
    <designation>
      <language value="de-DE" />
      <value value="Chikungunya-Virus" />
    </designation>
    <property>
      <code value="inactive" />
      <valueBoolean value="false" />
    </property>
    <property>
      <code value="diagnosticReport-profile" />
      <valueString value="https://demis.rki.de/fhir/StructureDefinition/LaboratoryReportCKVP" />
    </property>
    <property>
      <code value="federal-state-specific-notificationCategory" />
      <valueBoolean value="false" />
    </property>
  </concept>
  <concept>
    <extension url="http://hl7.org/fhir/StructureDefinition/codesystem-conceptOrder">
      <valueInteger value="850" />
    </extension>
    <code value="chlp" />
    <display value="Chlamydia psittaci" />
    <designation>
      <language value="de-DE" />
      <value value="Chlamydia psittaci" />
    </designation>
    <property>
      <code value="inactive" />
      <valueBoolean value="false" />
    </property>
    <property>
      <code value="diagnosticReport-profile" />
      <valueString value="https://demis.rki.de/fhir/StructureDefinition/LaboratoryReportCHLP" />
    </property>
    <property>
      <code value="federal-state-specific-notificationCategory" />
      <valueBoolean value="false" />
    </property>
  </concept>
  <concept>
    <extension url="http://hl7.org/fhir/StructureDefinition/codesystem-conceptOrder">
      <valueInteger value="840" />
    </extension>
    <code value="clop" />
    <display value="Clostridium botulinum oder Toxinnachweis" />
    <designation>
      <language value="de-DE" />
      <value value="Clostridium botulinum" />
    </designation>
    <property>
      <code value="inactive" />
      <valueBoolean value="false" />
    </property>
    <property>
      <code value="diagnosticReport-profile" />
      <valueString value="https://demis.rki.de/fhir/StructureDefinition/LaboratoryReportCLOP" />
    </property>
    <property>
      <code value="federal-state-specific-notificationCategory" />
      <valueBoolean value="false" />
    </property>
  </concept>
  <concept>
    <extension url="http://hl7.org/fhir/StructureDefinition/codesystem-conceptOrder">
      <valueInteger value="835" />
    </extension>
    <code value="cltp" />
    <display value="Tetanus, Clostridium tetani" />
    <designation>
      <language value="de-DE" />
      <value value="Clostridium tetani" />
    </designation>
    <property>
      <code value="inactive" />
      <valueBoolean value="false" />
    </property>
    <property>
      <code value="diagnosticReport-profile" />
      <valueString value="https://demis.rki.de/fhir/StructureDefinition/LaboratoryReportCLTP" />
    </property>
    <property>
      <code value="federal-state-specific-notificationCategory" />
      <valueBoolean value="true" />
    </property>
    <property>
      <code value="federal-state" />
      <valueCoding>
        <system value="urn:iso:std:iso:3166-2:de" />
        <code value="DE-MV" />
      </valueCoding>
    </property>
    <property>
      <code value="federal-state" />
      <valueCoding>
        <system value="urn:iso:std:iso:3166-2:de" />
        <code value="DE-SN" />
      </valueCoding>
    </property>
    <property>
      <code value="federal-state" />
      <valueCoding>
        <system value="urn:iso:std:iso:3166-2:de" />
        <code value="DE-ST" />
      </valueCoding>
    </property>
  </concept>
  <concept>
    <extension url="http://hl7.org/fhir/StructureDefinition/codesystem-conceptOrder">
      <valueInteger value="830" />
    </extension>
    <code value="corp" />
    <display value="Corynebacterium spp. (Toxin bildend)" />
    <designation>
      <language value="de-DE" />
      <value value="Corynebacterium spp., Toxin bildend" />
    </designation>
    <property>
      <code value="inactive" />
      <valueBoolean value="false" />
    </property>
    <property>
      <code value="diagnosticReport-profile" />
      <valueString value="https://demis.rki.de/fhir/StructureDefinition/LaboratoryReportCORP" />
    </property>
    <property>
      <code value="federal-state-specific-notificationCategory" />
      <valueBoolean value="false" />
    </property>
  </concept>
  <concept>
    <extension url="http://hl7.org/fhir/StructureDefinition/codesystem-conceptOrder">
      <valueInteger value="820" />
    </extension>
    <code value="coxp" />
    <display value="Coxiella burnetii" />
    <designation>
      <language value="de-DE" />
      <value value="Coxiella burnetii" />
    </designation>
    <property>
      <code value="inactive" />
      <valueBoolean value="false" />
    </property>
    <property>
      <code value="diagnosticReport-profile" />
      <valueString value="https://demis.rki.de/fhir/StructureDefinition/LaboratoryReportCOXP" />
    </property>
    <property>
      <code value="federal-state-specific-notificationCategory" />
      <valueBoolean value="false" />
    </property>
  </concept>
  <concept>
    <extension url="http://hl7.org/fhir/StructureDefinition/codesystem-conceptOrder">
      <valueInteger value="810" />
    </extension>
    <code value="cryp" />
    <display value="humanpathogene Cryptosporidium sp." />
    <designation>
      <language value="de-DE" />
      <value value="Cryptosporidium sp., humanpathogen" />
    </designation>
    <property>
      <code value="inactive" />
      <valueBoolean value="false" />
    </property>
    <property>
      <code value="diagnosticReport-profile" />
      <valueString value="https://demis.rki.de/fhir/StructureDefinition/LaboratoryReportCRYP" />
    </property>
    <property>
      <code value="federal-state-specific-notificationCategory" />
      <valueBoolean value="false" />
    </property>
  </concept>
  <concept>
    <extension url="http://hl7.org/fhir/StructureDefinition/codesystem-conceptOrder">
      <valueInteger value="800" />
    </extension>
    <code value="cymp" />
    <display value="Cytomegalie, Cytomegalievirus" />
    <designation>
      <language value="de-DE" />
      <value value="Cytomegalievirus (CMV)" />
    </designation>
    <property>
      <code value="inactive" />
      <valueBoolean value="false" />
    </property>
    <property>
      <code value="diagnosticReport-profile" />
      <valueString value="https://demis.rki.de/fhir/StructureDefinition/LaboratoryReportCYMP" />
    </property>
    <property>
      <code value="federal-state-specific-notificationCategory" />
      <valueBoolean value="true" />
    </property>
    <property>
      <code value="federal-state" />
      <valueCoding>
        <system value="urn:iso:std:iso:3166-2:de" />
        <code value="DE-SN" />
      </valueCoding>
    </property>
  </concept>
  <concept>
    <extension url="http://hl7.org/fhir/StructureDefinition/codesystem-conceptOrder">
      <valueInteger value="790" />
    </extension>
    <code value="denp" />
    <display value="Denguevirus" />
    <designation>
      <language value="de-DE" />
      <value value="Denguevirus" />
    </designation>
    <property>
      <code value="inactive" />
      <valueBoolean value="false" />
    </property>
    <property>
      <code value="diagnosticReport-profile" />
      <valueString value="https://demis.rki.de/fhir/StructureDefinition/LaboratoryReportDENP" />
    </property>
    <property>
      <code value="federal-state-specific-notificationCategory" />
      <valueBoolean value="false" />
    </property>
  </concept>
  <concept>
    <extension url="http://hl7.org/fhir/StructureDefinition/codesystem-conceptOrder">
      <valueInteger value="780" />
    </extension>
    <code value="ecop" />
    <display value="Escherichia coli (sonstige darmpathogene Stämme)" />
    <designation>
      <language value="de-DE" />
      <value value="E. coli, sonstige" />
    </designation>
    <property>
      <code value="inactive" />
      <valueBoolean value="false" />
    </property>
    <property>
      <code value="diagnosticReport-profile" />
      <valueString value="https://demis.rki.de/fhir/StructureDefinition/LaboratoryReportECOP" />
    </property>
    <property>
      <code value="federal-state-specific-notificationCategory" />
      <valueBoolean value="false" />
    </property>
  </concept>
  <concept>
    <extension url="http://hl7.org/fhir/StructureDefinition/codesystem-conceptOrder">
      <valueInteger value="775" />
    </extension>
    <code value="ehcp" />
    <display value="Escherichia coli (enterohämorrhagische Stämme) (EHEC)" />
    <designation>
      <language value="de-DE" />
      <value value="E. coli, enterohämorrhagisch" />
    </designation>
    <property>
      <code value="inactive" />
      <valueBoolean value="false" />
    </property>
    <property>
      <code value="diagnosticReport-profile" />
      <valueString value="https://demis.rki.de/fhir/StructureDefinition/LaboratoryReportEHCP" />
    </property>
    <property>
      <code value="federal-state-specific-notificationCategory" />
      <valueBoolean value="false" />
    </property>
  </concept>
  <concept>
    <extension url="http://hl7.org/fhir/StructureDefinition/codesystem-conceptOrder">
      <valueInteger value="770" />
    </extension>
    <code value="ebvp" />
    <display value="Ebolavirus" />
    <designation>
      <language value="de-DE" />
      <value value="Ebolavirus" />
    </designation>
    <property>
      <code value="inactive" />
      <valueBoolean value="false" />
    </property>
    <property>
      <code value="diagnosticReport-profile" />
      <valueString value="https://demis.rki.de/fhir/StructureDefinition/LaboratoryReportEBVP" />
    </property>
    <property>
      <code value="federal-state-specific-notificationCategory" />
      <valueBoolean value="false" />
    </property>
  </concept>
  <concept>
    <extension url="http://hl7.org/fhir/StructureDefinition/codesystem-conceptOrder">
      <valueInteger value="765" />
    </extension>
    <code value="eahp" />
    <display value="Amoebiasis, Entamoeba histolytica" />
    <designation>
      <language value="de-DE" />
      <value value="Entamoeba histolytica" />
    </designation>
    <property>
      <code value="inactive" />
      <valueBoolean value="false" />
    </property>
    <property>
      <code value="diagnosticReport-profile" />
      <valueString value="https://demis.rki.de/fhir/StructureDefinition/LaboratoryReportEAHP" />
    </property>
    <property>
      <code value="federal-state-specific-notificationCategory" />
      <valueBoolean value="true" />
    </property>
    <property>
      <code value="federal-state" />
      <valueCoding>
        <system value="urn:iso:std:iso:3166-2:de" />
        <code value="DE-MV" />
      </valueCoding>
    </property>
    <property>
      <code value="federal-state" />
      <valueCoding>
        <system value="urn:iso:std:iso:3166-2:de" />
        <code value="DE-SN" />
      </valueCoding>
    </property>
    <property>
      <code value="federal-state" />
      <valueCoding>
        <system value="urn:iso:std:iso:3166-2:de" />
        <code value="DE-ST" />
      </valueCoding>
    </property>
  </concept>
  <concept>
    <extension url="http://hl7.org/fhir/StructureDefinition/codesystem-conceptOrder">
      <valueInteger value="760" />
    </extension>
    <code value="ebcp" />
    <display value="Enterobacterales bei Nachweis einer Carbapenemase-Determinante oder mit verminderter Empfindlichkeit gegenüber Carbapenemen außer bei natürlicher Resistenz; Meldepflicht nur bei Infektion oder Kolonisation" />
    <designation>
      <language value="de-DE" />
      <value value="Enterobacterales, Carbapenem" />
    </designation>
    <property>
      <code value="inactive" />
      <valueBoolean value="false" />
    </property>
    <property>
      <code value="diagnosticReport-profile" />
      <valueString value="https://demis.rki.de/fhir/StructureDefinition/LaboratoryReportEBCP" />
    </property>
    <property>
      <code value="federal-state-specific-notificationCategory" />
      <valueBoolean value="false" />
    </property>
  </concept>
  <concept>
    <extension url="http://hl7.org/fhir/StructureDefinition/codesystem-conceptOrder">
      <valueInteger value="750" />
    </extension>
    <code value="etvp" />
    <display value="Enteroviren" />
    <designation>
      <language value="de-DE" />
      <value value="Enteroviren" />
    </designation>
    <property>
      <code value="inactive" />
      <valueBoolean value="false" />
    </property>
    <property>
      <code value="diagnosticReport-profile" />
      <valueString value="https://demis.rki.de/fhir/StructureDefinition/LaboratoryReportETVP" />
    </property>
    <property>
      <code value="federal-state-specific-notificationCategory" />
      <valueBoolean value="true" />
    </property>
    <property>
      <code value="federal-state" />
      <valueCoding>
        <system value="urn:iso:std:iso:3166-2:de" />
        <code value="DE-SN" />
      </valueCoding>
    </property>
    <property>
      <code value="federal-state" />
      <valueCoding>
        <system value="urn:iso:std:iso:3166-2:de" />
        <code value="DE-ST" />
      </valueCoding>
    </property>
    <property>
      <code value="federal-state" />
      <valueCoding>
        <system value="urn:iso:std:iso:3166-2:de" />
        <code value="DE-TH" />
      </valueCoding>
    </property>
  </concept>
  <concept>
    <extension url="http://hl7.org/fhir/StructureDefinition/codesystem-conceptOrder">
      <valueInteger value="740" />
    </extension>
    <code value="hfap" />
    <display value="Andere Erreger hämorrhagischer Fieber" />
    <designation>
      <language value="de-DE" />
      <value value="Erreger hämorrhagischer Fieber" />
    </designation>
    <property>
      <code value="inactive" />
      <valueBoolean value="false" />
    </property>
    <property>
      <code value="diagnosticReport-profile" />
      <valueString value="https://demis.rki.de/fhir/StructureDefinition/LaboratoryReportHFAP" />
    </property>
    <property>
      <code value="federal-state-specific-notificationCategory" />
      <valueBoolean value="false" />
    </property>
  </concept>
  <concept>
    <extension url="http://hl7.org/fhir/StructureDefinition/codesystem-conceptOrder">
      <valueInteger value="720" />
    </extension>
    <code value="frtp" />
    <display value="Francisella tularensis" />
    <designation>
      <language value="de-DE" />
      <value value="Francisella tularensis" />
    </designation>
    <property>
      <code value="inactive" />
      <valueBoolean value="false" />
    </property>
    <property>
      <code value="diagnosticReport-profile" />
      <valueString value="https://demis.rki.de/fhir/StructureDefinition/LaboratoryReportFRTP" />
    </property>
    <property>
      <code value="federal-state-specific-notificationCategory" />
      <valueBoolean value="false" />
    </property>
  </concept>
  <concept>
    <extension url="http://hl7.org/fhir/StructureDefinition/codesystem-conceptOrder">
      <valueInteger value="710" />
    </extension>
    <code value="fsvp" />
    <display value="FSME-Virus" />
    <designation>
      <language value="de-DE" />
      <value value="FSME-Virus" />
    </designation>
    <property>
      <code value="inactive" />
      <valueBoolean value="false" />
    </property>
    <property>
      <code value="diagnosticReport-profile" />
      <valueString value="https://demis.rki.de/fhir/StructureDefinition/LaboratoryReportFSVP" />
    </property>
    <property>
      <code value="federal-state-specific-notificationCategory" />
      <valueBoolean value="false" />
    </property>
  </concept>
  <concept>
    <extension url="http://hl7.org/fhir/StructureDefinition/codesystem-conceptOrder">
      <valueInteger value="700" />
    </extension>
    <code value="gbsp" />
    <display value="Gruppe-B-Streptokokken (GBS); Meldepflicht nur für den direkten Nachweis bei Schwangeren und Neugeborenen" />
    <designation>
      <language value="de-DE" />
      <value value="Gruppe-B-Streptokokken (GBS)" />
    </designation>
    <property>
      <code value="inactive" />
      <valueBoolean value="false" />
    </property>
    <property>
      <code value="diagnosticReport-profile" />
      <valueString value="https://demis.rki.de/fhir/StructureDefinition/LaboratoryReportGBSP" />
    </property>
    <property>
      <code value="federal-state-specific-notificationCategory" />
      <valueBoolean value="true" />
    </property>
    <property>
      <code value="federal-state" />
      <valueCoding>
        <system value="urn:iso:std:iso:3166-2:de" />
        <code value="DE-SN" />
      </valueCoding>
    </property>
  </concept>
  <concept>
    <extension url="http://hl7.org/fhir/StructureDefinition/codesystem-conceptOrder">
      <valueInteger value="690" />
    </extension>
    <code value="gfvp" />
    <display value="Gelbfiebervirus" />
    <designation>
      <language value="de-DE" />
      <value value="Gelbfiebervirus" />
    </designation>
    <property>
      <code value="inactive" />
      <valueBoolean value="false" />
    </property>
    <property>
      <code value="diagnosticReport-profile" />
      <valueString value="https://demis.rki.de/fhir/StructureDefinition/LaboratoryReportGFVP" />
    </property>
    <property>
      <code value="federal-state-specific-notificationCategory" />
      <valueBoolean value="false" />
    </property>
  </concept>
  <concept>
    <extension url="http://hl7.org/fhir/StructureDefinition/codesystem-conceptOrder">
      <valueInteger value="680" />
    </extension>
    <code value="gilp" />
    <display value="Giardia lamblia" />
    <designation>
      <language value="de-DE" />
      <value value="Giardia lamblia" />
    </designation>
    <property>
      <code value="inactive" />
      <valueBoolean value="false" />
    </property>
    <property>
      <code value="diagnosticReport-profile" />
      <valueString value="https://demis.rki.de/fhir/StructureDefinition/LaboratoryReportGILP" />
    </property>
    <property>
      <code value="federal-state-specific-notificationCategory" />
      <valueBoolean value="false" />
    </property>
  </concept>
  <concept>
    <extension url="http://hl7.org/fhir/StructureDefinition/codesystem-conceptOrder">
      <valueInteger value="670" />
    </extension>
    <code value="hinp" />
    <display value="Haemophilus influenzae; Meldepflicht nur für den direkten Nachweis aus Liquor oder Blut" />
    <designation>
      <language value="de-DE" />
      <value value="Haemophilus influenzae" />
    </designation>
    <property>
      <code value="inactive" />
      <valueBoolean value="false" />
    </property>
    <property>
      <code value="diagnosticReport-profile" />
      <valueString value="https://demis.rki.de/fhir/StructureDefinition/LaboratoryReportHINP" />
    </property>
    <property>
      <code value="federal-state-specific-notificationCategory" />
      <valueBoolean value="false" />
    </property>
  </concept>
  <concept>
    <extension url="http://hl7.org/fhir/StructureDefinition/codesystem-conceptOrder">
      <valueInteger value="650" />
    </extension>
    <code value="htvp" />
    <display value="Hantavirus" />
    <designation>
      <language value="de-DE" />
      <value value="Hantavirus" />
    </designation>
    <property>
      <code value="inactive" />
      <valueBoolean value="false" />
    </property>
    <property>
      <code value="diagnosticReport-profile" />
      <valueString value="https://demis.rki.de/fhir/StructureDefinition/LaboratoryReportHTVP" />
    </property>
    <property>
      <code value="federal-state-specific-notificationCategory" />
      <valueBoolean value="false" />
    </property>
  </concept>
  <concept>
    <extension url="http://hl7.org/fhir/StructureDefinition/codesystem-conceptOrder">
      <valueInteger value="640" />
    </extension>
    <code value="havp" />
    <display value="Hepatitis-A-Virus" />
    <designation>
      <language value="de-DE" />
      <value value="Hepatitis-A-Virus" />
    </designation>
    <property>
      <code value="inactive" />
      <valueBoolean value="false" />
    </property>
    <property>
      <code value="diagnosticReport-profile" />
      <valueString value="https://demis.rki.de/fhir/StructureDefinition/LaboratoryReportHAVP" />
    </property>
    <property>
      <code value="federal-state-specific-notificationCategory" />
      <valueBoolean value="false" />
    </property>
  </concept>
  <concept>
    <extension url="http://hl7.org/fhir/StructureDefinition/codesystem-conceptOrder">
      <valueInteger value="630" />
    </extension>
    <code value="hbvp" />
    <display value="Hepatitis-B-Virus; Meldepflicht für alle Nachweise" />
    <designation>
      <language value="de-DE" />
      <value value="Hepatitis-B-Virus" />
    </designation>
    <property>
      <code value="inactive" />
      <valueBoolean value="false" />
    </property>
    <property>
      <code value="diagnosticReport-profile" />
      <valueString value="https://demis.rki.de/fhir/StructureDefinition/LaboratoryReportHBVP" />
    </property>
    <property>
      <code value="federal-state-specific-notificationCategory" />
      <valueBoolean value="false" />
    </property>
  </concept>
  <concept>
    <extension url="http://hl7.org/fhir/StructureDefinition/codesystem-conceptOrder">
      <valueInteger value="620" />
    </extension>
    <code value="hcvp" />
    <display value="Hepatitis-C-Virus; Meldepflicht für alle Nachweise" />
    <designation>
      <language value="de-DE" />
      <value value="Hepatitis-C-Virus" />
    </designation>
    <property>
      <code value="inactive" />
      <valueBoolean value="false" />
    </property>
    <property>
      <code value="diagnosticReport-profile" />
      <valueString value="https://demis.rki.de/fhir/StructureDefinition/LaboratoryReportHCVP" />
    </property>
    <property>
      <code value="federal-state-specific-notificationCategory" />
      <valueBoolean value="false" />
    </property>
  </concept>
  <concept>
    <extension url="http://hl7.org/fhir/StructureDefinition/codesystem-conceptOrder">
      <valueInteger value="610" />
    </extension>
    <code value="hdvp" />
    <display value="Hepatitis-D-Virus; Meldepflicht für alle Nachweise" />
    <designation>
      <language value="de-DE" />
      <value value="Hepatitis-D-Virus" />
    </designation>
    <property>
      <code value="inactive" />
      <valueBoolean value="false" />
    </property>
    <property>
      <code value="diagnosticReport-profile" />
      <valueString value="https://demis.rki.de/fhir/StructureDefinition/LaboratoryReportHDVP" />
    </property>
    <property>
      <code value="federal-state-specific-notificationCategory" />
      <valueBoolean value="false" />
    </property>
  </concept>
  <concept>
    <extension url="http://hl7.org/fhir/StructureDefinition/codesystem-conceptOrder">
      <valueInteger value="600" />
    </extension>
    <code value="hevp" />
    <display value="Hepatitis-E-Virus" />
    <designation>
      <language value="de-DE" />
      <value value="Hepatitis-E-Virus" />
    </designation>
    <property>
      <code value="inactive" />
      <valueBoolean value="false" />
    </property>
    <property>
      <code value="diagnosticReport-profile" />
      <valueString value="https://demis.rki.de/fhir/StructureDefinition/LaboratoryReportHEVP" />
    </property>
    <property>
      <code value="federal-state-specific-notificationCategory" />
      <valueBoolean value="false" />
    </property>
  </concept>
  <concept>
    <extension url="http://hl7.org/fhir/StructureDefinition/codesystem-conceptOrder">
      <valueInteger value="590" />
    </extension>
    <code value="invp" />
    <display value="Influenzavirus; Meldepflicht nur für den direkten Nachweis" />
    <designation>
      <language value="de-DE" />
      <value value="Influenzavirus" />
    </designation>
    <property>
      <code value="inactive" />
      <valueBoolean value="false" />
    </property>
    <property>
      <code value="diagnosticReport-profile" />
      <valueString value="https://demis.rki.de/fhir/StructureDefinition/LaboratoryReportINVP" />
    </property>
    <property>
      <code value="federal-state-specific-notificationCategory" />
      <valueBoolean value="false" />
    </property>
  </concept>
  <concept>
    <extension url="http://hl7.org/fhir/StructureDefinition/codesystem-conceptOrder">
      <valueInteger value="580" />
    </extension>
    <code value="lsvp" />
    <display value="Lassavirus" />
    <designation>
      <language value="de-DE" />
      <value value="Lassavirus" />
    </designation>
    <property>
      <code value="inactive" />
      <valueBoolean value="false" />
    </property>
    <property>
      <code value="diagnosticReport-profile" />
      <valueString value="https://demis.rki.de/fhir/StructureDefinition/LaboratoryReportLSVP" />
    </property>
    <property>
      <code value="federal-state-specific-notificationCategory" />
      <valueBoolean value="false" />
    </property>
  </concept>
  <concept>
    <extension url="http://hl7.org/fhir/StructureDefinition/codesystem-conceptOrder">
      <valueInteger value="570" />
    </extension>
    <code value="legp" />
    <display value="Legionella sp." />
    <designation>
      <language value="de-DE" />
      <value value="Legionella sp." />
    </designation>
    <property>
      <code value="inactive" />
      <valueBoolean value="false" />
    </property>
    <property>
      <code value="diagnosticReport-profile" />
      <valueString value="https://demis.rki.de/fhir/StructureDefinition/LaboratoryReportLEGP" />
    </property>
    <property>
      <code value="federal-state-specific-notificationCategory" />
      <valueBoolean value="false" />
    </property>
  </concept>
  <concept>
    <extension url="http://hl7.org/fhir/StructureDefinition/codesystem-conceptOrder">
      <valueInteger value="560" />
    </extension>
    <code value="lepp" />
    <display value="humanpathogene Leptospira sp." />
    <designation>
      <language value="de-DE" />
      <value value="Leptospira sp., humanpathogen" />
    </designation>
    <property>
      <code value="inactive" />
      <valueBoolean value="false" />
    </property>
    <property>
      <code value="diagnosticReport-profile" />
      <valueString value="https://demis.rki.de/fhir/StructureDefinition/LaboratoryReportLEPP" />
    </property>
    <property>
      <code value="federal-state-specific-notificationCategory" />
      <valueBoolean value="false" />
    </property>
  </concept>
  <concept>
    <extension url="http://hl7.org/fhir/StructureDefinition/codesystem-conceptOrder">
      <valueInteger value="550" />
    </extension>
    <code value="lisp" />
    <display value="Listeria monocytogenes; Meldepflicht nur für den direkten Nachweis aus Blut, Liquor oder anderen normalerweise sterilen Substraten sowie aus Abstrichen von Neugeborenen" />
    <designation>
      <language value="de-DE" />
      <value value="Listeria monocytogenes" />
    </designation>
    <property>
      <code value="inactive" />
      <valueBoolean value="false" />
    </property>
    <property>
      <code value="diagnosticReport-profile" />
      <valueString value="https://demis.rki.de/fhir/StructureDefinition/LaboratoryReportLISP" />
    </property>
    <property>
      <code value="federal-state-specific-notificationCategory" />
      <valueBoolean value="false" />
    </property>
  </concept>
  <concept>
    <extension url="http://hl7.org/fhir/StructureDefinition/codesystem-conceptOrder">
      <valueInteger value="540" />
    </extension>
    <code value="plap" />
    <display value="Plasmodium spp. (Malaria)" />
    <designation>
      <language value="de-DE" />
      <value value="Malaria" />
    </designation>
    <property>
      <code value="inactive" />
      <valueBoolean value="false" />
    </property>
    <property>
      <code value="diagnosticReport-profile" />
      <valueString value="https://demis.rki.de/fhir/StructureDefinition/LaboratoryReportPLAP" />
    </property>
    <property>
      <code value="federal-state-specific-notificationCategory" />
      <valueBoolean value="false" />
    </property>
  </concept>
  <concept>
    <extension url="http://hl7.org/fhir/StructureDefinition/codesystem-conceptOrder">
      <valueInteger value="530" />
    </extension>
    <code value="mbvp" />
    <display value="Marburgvirus" />
    <designation>
      <language value="de-DE" />
      <value value="Marburgvirus" />
    </designation>
    <property>
      <code value="inactive" />
      <valueBoolean value="false" />
    </property>
    <property>
      <code value="diagnosticReport-profile" />
      <valueString value="https://demis.rki.de/fhir/StructureDefinition/LaboratoryReportMBVP" />
    </property>
    <property>
      <code value="federal-state-specific-notificationCategory" />
      <valueBoolean value="false" />
    </property>
  </concept>
  <concept>
    <extension url="http://hl7.org/fhir/StructureDefinition/codesystem-conceptOrder">
      <valueInteger value="520" />
    </extension>
    <code value="msvp" />
    <display value="Masernvirus" />
    <designation>
      <language value="de-DE" />
      <value value="Masernvirus" />
    </designation>
    <property>
      <code value="inactive" />
      <valueBoolean value="false" />
    </property>
    <property>
      <code value="diagnosticReport-profile" />
      <valueString value="https://demis.rki.de/fhir/StructureDefinition/LaboratoryReportMSVP" />
    </property>
    <property>
      <code value="federal-state-specific-notificationCategory" />
      <valueBoolean value="false" />
    </property>
  </concept>
  <concept>
    <extension url="http://hl7.org/fhir/StructureDefinition/codesystem-conceptOrder">
      <valueInteger value="510" />
    </extension>
    <code value="mrsp" />
    <display value="Middle-East-Respiratory-Syndrome-Coronavirus (MERS-CoV)" />
    <designation>
      <language value="de-DE" />
      <value value="MERS-CoV" />
    </designation>
    <property>
      <code value="inactive" />
      <valueBoolean value="false" />
    </property>
    <property>
      <code value="diagnosticReport-profile" />
      <valueString value="https://demis.rki.de/fhir/StructureDefinition/LaboratoryReportMRSP" />
    </property>
    <property>
      <code value="federal-state-specific-notificationCategory" />
      <valueBoolean value="false" />
    </property>
  </concept>
  <concept>
    <extension url="http://hl7.org/fhir/StructureDefinition/codesystem-conceptOrder">
      <valueInteger value="500" />
    </extension>
    <code value="mpxp" />
    <display value="Orthopockenviren (Mpoxvirus)" />
    <designation>
      <language value="de-DE" />
      <value value="Mpoxvirus" />
    </designation>
    <property>
      <code value="inactive" />
      <valueBoolean value="false" />
    </property>
    <property>
      <code value="diagnosticReport-profile" />
      <valueString value="https://demis.rki.de/fhir/StructureDefinition/LaboratoryReportMPXP" />
    </property>
    <property>
      <code value="federal-state-specific-notificationCategory" />
      <valueBoolean value="false" />
    </property>
  </concept>
  <concept>
    <extension url="http://hl7.org/fhir/StructureDefinition/codesystem-conceptOrder">
      <valueInteger value="490" />
    </extension>
    <code value="mrap" />
    <display value="Staphylococcus aureus (Methicillin-resistente Stämme); Meldepflicht nur für den Nachweis aus Blut oder Liquor" />
    <designation>
      <language value="de-DE" />
      <value value="MRSA" />
    </designation>
    <property>
      <code value="inactive" />
      <valueBoolean value="false" />
    </property>
    <property>
      <code value="diagnosticReport-profile" />
      <valueString value="https://demis.rki.de/fhir/StructureDefinition/LaboratoryReportMRAP" />
    </property>
    <property>
      <code value="federal-state-specific-notificationCategory" />
      <valueBoolean value="false" />
    </property>
  </concept>
  <concept>
    <extension url="http://hl7.org/fhir/StructureDefinition/codesystem-conceptOrder">
      <valueInteger value="480" />
    </extension>
    <code value="mpvp" />
    <display value="Mumpsvirus" />
    <designation>
      <language value="de-DE" />
      <value value="Mumpsvirus" />
    </designation>
    <property>
      <code value="inactive" />
      <valueBoolean value="false" />
    </property>
    <property>
      <code value="diagnosticReport-profile" />
      <valueString value="https://demis.rki.de/fhir/StructureDefinition/LaboratoryReportMPVP" />
    </property>
    <property>
      <code value="federal-state-specific-notificationCategory" />
      <valueBoolean value="false" />
    </property>
  </concept>
  <concept>
    <extension url="http://hl7.org/fhir/StructureDefinition/codesystem-conceptOrder">
      <valueInteger value="470" />
    </extension>
    <code value="mylp" />
    <display value="Mycobacterium leprae" />
    <designation>
      <language value="de-DE" />
      <value value="Mycobacterium leprae" />
    </designation>
    <property>
      <code value="inactive" />
      <valueBoolean value="false" />
    </property>
    <property>
      <code value="diagnosticReport-profile" />
      <valueString value="https://demis.rki.de/fhir/StructureDefinition/LaboratoryReportMYLP" />
    </property>
    <property>
      <code value="federal-state-specific-notificationCategory" />
      <valueBoolean value="false" />
    </property>
  </concept>
  <concept>
    <extension url="http://hl7.org/fhir/StructureDefinition/codesystem-conceptOrder">
      <valueInteger value="460" />
    </extension>
    <code value="mytp" />
    <display value="Mycobacterium tuberculosis, Mycobacterium africanum, Mycobacterium bovis; Meldepflicht für den direkten Erregernachweis sowie nachfolgend für das Ergebnis der Resistenzbestimmung; vorab auch für den Nachweis säurefester Stäbchen im Sputum" />
    <designation>
      <language value="de-DE" />
      <value value="Mycobacterium tuberculosis" />
    </designation>
    <property>
      <code value="inactive" />
      <valueBoolean value="false" />
    </property>
    <property>
      <code value="diagnosticReport-profile" />
      <valueString value="https://demis.rki.de/fhir/StructureDefinition/LaboratoryReportMYTP" />
    </property>
    <property>
      <code value="federal-state-specific-notificationCategory" />
      <valueBoolean value="false" />
    </property>
  </concept>
  <concept>
    <extension url="http://hl7.org/fhir/StructureDefinition/codesystem-conceptOrder">
      <valueInteger value="450" />
    </extension>
    <code value="mpmp" />
    <display value="Mycoplasmen" />
    <designation>
      <language value="de-DE" />
      <value value="Mycoplasmen" />
    </designation>
    <property>
      <code value="inactive" />
      <valueBoolean value="false" />
    </property>
    <property>
      <code value="diagnosticReport-profile" />
      <valueString value="https://demis.rki.de/fhir/StructureDefinition/LaboratoryReportMPMP" />
    </property>
    <property>
      <code value="federal-state-specific-notificationCategory" />
      <valueBoolean value="true" />
    </property>
    <property>
      <code value="federal-state" />
      <valueCoding>
        <system value="urn:iso:std:iso:3166-2:de" />
        <code value="DE-SN" />
      </valueCoding>
    </property>
  </concept>
  <concept>
    <extension url="http://hl7.org/fhir/StructureDefinition/codesystem-conceptOrder">
      <valueInteger value="440" />
    </extension>
    <code value="neip" />
    <display value="Neisseria meningitidis; Meldepflicht nur für den direkten Nachweis aus Liquor, Blut, hämorrhagischen Hautinfiltraten oder anderen normalerweise sterilen Substraten" />
    <designation>
      <language value="de-DE" />
      <value value="Neisseria meningitidis" />
    </designation>
    <property>
      <code value="inactive" />
      <valueBoolean value="false" />
    </property>
    <property>
      <code value="diagnosticReport-profile" />
      <valueString value="https://demis.rki.de/fhir/StructureDefinition/LaboratoryReportNEIP" />
    </property>
    <property>
      <code value="federal-state-specific-notificationCategory" />
      <valueBoolean value="false" />
    </property>
  </concept>
  <concept>
    <extension url="http://hl7.org/fhir/StructureDefinition/codesystem-conceptOrder">
      <valueInteger value="430" />
    </extension>
    <code value="novp" />
    <display value="Norovirus" />
    <designation>
      <language value="de-DE" />
      <value value="Norovirus" />
    </designation>
    <property>
      <code value="inactive" />
      <valueBoolean value="false" />
    </property>
    <property>
      <code value="diagnosticReport-profile" />
      <valueString value="https://demis.rki.de/fhir/StructureDefinition/LaboratoryReportNOVP" />
    </property>
    <property>
      <code value="federal-state-specific-notificationCategory" />
      <valueBoolean value="false" />
    </property>
  </concept>
  <concept>
    <extension url="http://hl7.org/fhir/StructureDefinition/codesystem-conceptOrder">
      <valueInteger value="420" />
    </extension>
    <code value="opxp" />
    <display value="Orthopockenviren (sonstige Orthopockenviren)" />
    <designation>
      <language value="de-DE" />
      <value value="Orthopockenvirus, sonstige" />
    </designation>
    <property>
      <code value="inactive" />
      <valueBoolean value="false" />
    </property>
    <property>
      <code value="diagnosticReport-profile" />
      <valueString value="https://demis.rki.de/fhir/StructureDefinition/LaboratoryReportOPXP" />
    </property>
    <property>
      <code value="federal-state-specific-notificationCategory" />
      <valueBoolean value="false" />
    </property>
  </concept>
  <concept>
    <extension url="http://hl7.org/fhir/StructureDefinition/codesystem-conceptOrder">
      <valueInteger value="410" />
    </extension>
    <code value="pinp" />
    <display value="Parainfluenzavirus" />
    <designation>
      <language value="de-DE" />
      <value value="Parainfluenza" />
    </designation>
    <property>
      <code value="inactive" />
      <valueBoolean value="false" />
    </property>
    <property>
      <code value="diagnosticReport-profile" />
      <valueString value="https://demis.rki.de/fhir/StructureDefinition/LaboratoryReportPINP" />
    </property>
    <property>
      <code value="federal-state-specific-notificationCategory" />
      <valueBoolean value="true" />
    </property>
    <property>
      <code value="federal-state" />
      <valueCoding>
        <system value="urn:iso:std:iso:3166-2:de" />
        <code value="DE-SN" />
      </valueCoding>
    </property>
  </concept>
  <concept>
    <extension url="http://hl7.org/fhir/StructureDefinition/codesystem-conceptOrder">
      <valueInteger value="400" />
    </extension>
    <code value="povp" />
    <display value="Poliovirus" />
    <designation>
      <language value="de-DE" />
      <value value="Poliovirus" />
    </designation>
    <property>
      <code value="inactive" />
      <valueBoolean value="false" />
    </property>
    <property>
      <code value="diagnosticReport-profile" />
      <valueString value="https://demis.rki.de/fhir/StructureDefinition/LaboratoryReportPOVP" />
    </property>
    <property>
      <code value="federal-state-specific-notificationCategory" />
      <valueBoolean value="false" />
    </property>
  </concept>
  <concept>
    <extension url="http://hl7.org/fhir/StructureDefinition/codesystem-conceptOrder">
      <valueInteger value="390" />
    </extension>
    <code value="rbvp" />
    <display value="Rabiesvirus" />
    <designation>
      <language value="de-DE" />
      <value value="Rabiesvirus" />
    </designation>
    <property>
      <code value="inactive" />
      <valueBoolean value="false" />
    </property>
    <property>
      <code value="diagnosticReport-profile" />
      <valueString value="https://demis.rki.de/fhir/StructureDefinition/LaboratoryReportRBVP" />
    </property>
    <property>
      <code value="federal-state-specific-notificationCategory" />
      <valueBoolean value="false" />
    </property>
  </concept>
  <concept>
    <extension url="http://hl7.org/fhir/StructureDefinition/codesystem-conceptOrder">
      <valueInteger value="380" />
    </extension>
    <code value="ricp" />
    <display value="Rickettsia prowazekii" />
    <designation>
      <language value="de-DE" />
      <value value="Rickettsia prowazekii" />
    </designation>
    <property>
      <code value="inactive" />
      <valueBoolean value="false" />
    </property>
    <property>
      <code value="diagnosticReport-profile" />
      <valueString value="https://demis.rki.de/fhir/StructureDefinition/LaboratoryReportRICP" />
    </property>
    <property>
      <code value="federal-state-specific-notificationCategory" />
      <valueBoolean value="false" />
    </property>
  </concept>
  <concept>
    <extension url="http://hl7.org/fhir/StructureDefinition/codesystem-conceptOrder">
      <valueInteger value="370" />
    </extension>
    <code value="pvbp" />
    <display value="Ringelröteln, Parvovirus B 19" />
    <designation>
      <language value="de-DE" />
      <value value="Parvovirus B 19" />
    </designation>
    <property>
      <code value="inactive" />
      <valueBoolean value="false" />
    </property>
    <property>
      <code value="diagnosticReport-profile" />
      <valueString value="https://demis.rki.de/fhir/StructureDefinition/LaboratoryReportPVBP" />
    </property>
    <property>
      <code value="federal-state-specific-notificationCategory" />
      <valueBoolean value="true" />
    </property>
    <property>
      <code value="federal-state" />
      <valueCoding>
        <system value="urn:iso:std:iso:3166-2:de" />
        <code value="DE-SN" />
      </valueCoding>
    </property>
  </concept>
  <concept>
    <extension url="http://hl7.org/fhir/StructureDefinition/codesystem-conceptOrder">
      <valueInteger value="360" />
    </extension>
    <code value="rtvp" />
    <display value="Rotavirus" />
    <designation>
      <language value="de-DE" />
      <value value="Rotavirus" />
    </designation>
    <property>
      <code value="inactive" />
      <valueBoolean value="false" />
    </property>
    <property>
      <code value="diagnosticReport-profile" />
      <valueString value="https://demis.rki.de/fhir/StructureDefinition/LaboratoryReportRTVP" />
    </property>
    <property>
      <code value="federal-state-specific-notificationCategory" />
      <valueBoolean value="false" />
    </property>
  </concept>
  <concept>
    <extension url="http://hl7.org/fhir/StructureDefinition/codesystem-conceptOrder">
      <valueInteger value="350" />
    </extension>
    <code value="rsvp" />
    <display value="Respiratorisches-Synzytial-Virus" />
    <designation>
      <language value="de-DE" />
      <value value="RSV" />
    </designation>
    <property>
      <code value="inactive" />
      <valueBoolean value="false" />
    </property>
    <property>
      <code value="diagnosticReport-profile" />
      <valueString value="https://demis.rki.de/fhir/StructureDefinition/LaboratoryReportRSVP" />
    </property>
    <property>
      <code value="federal-state-specific-notificationCategory" />
      <valueBoolean value="false" />
    </property>
  </concept>
  <concept>
    <extension url="http://hl7.org/fhir/StructureDefinition/codesystem-conceptOrder">
      <valueInteger value="340" />
    </extension>
    <code value="ruvp" />
    <display value="Rubellavirus" />
    <designation>
      <language value="de-DE" />
      <value value="Rubellavirus" />
    </designation>
    <property>
      <code value="inactive" />
      <valueBoolean value="false" />
    </property>
    <property>
      <code value="diagnosticReport-profile" />
      <valueString value="https://demis.rki.de/fhir/StructureDefinition/LaboratoryReportRUVP" />
    </property>
    <property>
      <code value="federal-state-specific-notificationCategory" />
      <valueBoolean value="false" />
    </property>
  </concept>
  <concept>
    <extension url="http://hl7.org/fhir/StructureDefinition/codesystem-conceptOrder">
      <valueInteger value="330" />
    </extension>
    <code value="spap" />
    <display value="Salmonella Paratyphi; Meldepflicht für alle direkten Nachweise" />
    <designation>
      <language value="de-DE" />
      <value value="Salmonella Paratyphi" />
    </designation>
    <property>
      <code value="inactive" />
      <valueBoolean value="false" />
    </property>
    <property>
      <code value="diagnosticReport-profile" />
      <valueString value="https://demis.rki.de/fhir/StructureDefinition/LaboratoryReportSPAP" />
    </property>
    <property>
      <code value="federal-state-specific-notificationCategory" />
      <valueBoolean value="false" />
    </property>
  </concept>
  <concept>
    <extension url="http://hl7.org/fhir/StructureDefinition/codesystem-conceptOrder">
      <valueInteger value="320" />
    </extension>
    <code value="styp" />
    <display value="Salmonella Typhi; Meldepflicht für alle direkten Nachweise" />
    <designation>
      <language value="de-DE" />
      <value value="Salmonella Typhi" />
    </designation>
    <property>
      <code value="inactive" />
      <valueBoolean value="false" />
    </property>
    <property>
      <code value="diagnosticReport-profile" />
      <valueString value="https://demis.rki.de/fhir/StructureDefinition/LaboratoryReportSTYP" />
    </property>
    <property>
      <code value="federal-state-specific-notificationCategory" />
      <valueBoolean value="false" />
    </property>
  </concept>
  <concept>
    <extension url="http://hl7.org/fhir/StructureDefinition/codesystem-conceptOrder">
      <valueInteger value="310" />
    </extension>
    <code value="salp" />
    <display value="Salmonella (sonstige)" />
    <designation>
      <language value="de-DE" />
      <value value="Salmonella, sonstige" />
    </designation>
    <property>
      <code value="inactive" />
      <valueBoolean value="false" />
    </property>
    <property>
      <code value="diagnosticReport-profile" />
      <valueString value="https://demis.rki.de/fhir/StructureDefinition/LaboratoryReportSALP" />
    </property>
    <property>
      <code value="federal-state-specific-notificationCategory" />
      <valueBoolean value="false" />
    </property>
  </concept>
  <concept>
    <extension url="http://hl7.org/fhir/StructureDefinition/codesystem-conceptOrder">
      <valueInteger value="300" />
    </extension>
    <code value="cvdp" />
    <display value="Severe-Acute-Respiratory-Syndrome-Coronavirus-2 (SARS-CoV-2)" />
    <designation>
      <language value="de-DE" />
      <value value="SARS-CoV-2" />
    </designation>
    <property>
      <code value="inactive" />
      <valueBoolean value="false" />
    </property>
    <property>
      <code value="diagnosticReport-profile" />
      <valueString value="https://demis.rki.de/fhir/StructureDefinition/LaboratoryReportCVDP" />
    </property>
    <property>
      <code value="federal-state-specific-notificationCategory" />
      <valueBoolean value="false" />
    </property>
  </concept>
  <concept>
    <extension url="http://hl7.org/fhir/StructureDefinition/codesystem-conceptOrder">
      <valueInteger value="290" />
    </extension>
    <code value="cvsp" />
    <display value="Severe-Acute-Respiratory-Syndrome-Coronavirus-1 (SARS-CoV-1) (2003)" />
    <designation>
      <language value="de-DE" />
      <value value="SARS-CoV-1 (2003)" />
    </designation>
    <property>
      <code value="inactive" />
      <valueBoolean value="false" />
    </property>
    <property>
      <code value="diagnosticReport-profile" />
      <valueString value="https://demis.rki.de/fhir/StructureDefinition/LaboratoryReportCVSP" />
    </property>
    <property>
      <code value="federal-state-specific-notificationCategory" />
      <valueBoolean value="false" />
    </property>
  </concept>
  <concept>
    <extension url="http://hl7.org/fhir/StructureDefinition/codesystem-conceptOrder">
      <valueInteger value="280" />
    </extension>
    <code value="spyp" />
    <display value="Scharlach, Beta-hämolysierenden Streptokokken der Gruppe A" />
    <designation>
      <language value="de-DE" />
      <value value="Streptokokken der Gruppe A (GAS)" />
    </designation>
    <property>
      <code value="inactive" />
      <valueBoolean value="false" />
    </property>
    <property>
      <code value="diagnosticReport-profile" />
      <valueString value="https://demis.rki.de/fhir/StructureDefinition/LaboratoryReportSPYP" />
    </property>
    <property>
      <code value="federal-state-specific-notificationCategory" />
      <valueBoolean value="true" />
    </property>
    <property>
      <code value="federal-state" />
      <valueCoding>
        <system value="urn:iso:std:iso:3166-2:de" />
        <code value="DE-SN" />
      </valueCoding>
    </property>
    <property>
      <code value="federal-state" />
      <valueCoding>
        <system value="urn:iso:std:iso:3166-2:de" />
        <code value="DE-ST" />
      </valueCoding>
    </property>
    <property>
      <code value="federal-state" />
      <valueCoding>
        <system value="urn:iso:std:iso:3166-2:de" />
        <code value="DE-TH" />
      </valueCoding>
    </property>
  </concept>
  <concept>
    <extension url="http://hl7.org/fhir/StructureDefinition/codesystem-conceptOrder">
      <valueInteger value="270" />
    </extension>
    <code value="ship" />
    <display value="Shigella sp." />
    <designation>
      <language value="de-DE" />
      <value value="Shigella sp." />
    </designation>
    <property>
      <code value="inactive" />
      <valueBoolean value="false" />
    </property>
    <property>
      <code value="diagnosticReport-profile" />
      <valueString value="https://demis.rki.de/fhir/StructureDefinition/LaboratoryReportSHIP" />
    </property>
    <property>
      <code value="federal-state-specific-notificationCategory" />
      <valueBoolean value="false" />
    </property>
  </concept>
  <concept>
    <extension url="http://hl7.org/fhir/StructureDefinition/codesystem-conceptOrder">
      <valueInteger value="260" />
    </extension>
    <code value="spnp" />
    <display value="Streptococcus pneumoniae; Meldepflicht nur für den direkten Nachweis aus Liquor, Blut, Gelenkpunktat oder anderen normalerweise sterilen Substraten" />
    <designation>
      <language value="de-DE" />
      <value value="Streptococcus pneumoniae" />
    </designation>
    <property>
      <code value="inactive" />
      <valueBoolean value="false" />
    </property>
    <property>
      <code value="diagnosticReport-profile" />
      <valueString value="https://demis.rki.de/fhir/StructureDefinition/LaboratoryReportSPNP" />
    </property>
    <property>
      <code value="federal-state-specific-notificationCategory" />
      <valueBoolean value="false" />
    </property>
  </concept>
  <concept>
    <extension url="http://hl7.org/fhir/StructureDefinition/codesystem-conceptOrder">
      <valueInteger value="240" />
    </extension>
    <code value="trip" />
    <display value="Trichinella spiralis" />
    <designation>
      <language value="de-DE" />
      <value value="Trichinella spiralis" />
    </designation>
    <property>
      <code value="inactive" />
      <valueBoolean value="false" />
    </property>
    <property>
      <code value="diagnosticReport-profile" />
      <valueString value="https://demis.rki.de/fhir/StructureDefinition/LaboratoryReportTRIP" />
    </property>
    <property>
      <code value="federal-state-specific-notificationCategory" />
      <valueBoolean value="false" />
    </property>
  </concept>
  <concept>
    <extension url="http://hl7.org/fhir/StructureDefinition/codesystem-conceptOrder">
      <valueInteger value="230" />
    </extension>
    <code value="pkvp" />
    <display value="Orthopockenviren (Variolavirus)" />
    <designation>
      <language value="de-DE" />
      <value value="Variolavirus" />
    </designation>
    <property>
      <code value="inactive" />
      <valueBoolean value="false" />
    </property>
    <property>
      <code value="diagnosticReport-profile" />
      <valueString value="https://demis.rki.de/fhir/StructureDefinition/LaboratoryReportPKVP" />
    </property>
    <property>
      <code value="federal-state-specific-notificationCategory" />
      <valueBoolean value="false" />
    </property>
  </concept>
  <concept>
    <extension url="http://hl7.org/fhir/StructureDefinition/codesystem-conceptOrder">
      <valueInteger value="220" />
    </extension>
    <code value="vzvp" />
    <display value="Varizella-Zoster-Virus" />
    <designation>
      <language value="de-DE" />
      <value value="Varizella-Zoster-Virus" />
    </designation>
    <property>
      <code value="inactive" />
      <valueBoolean value="false" />
    </property>
    <property>
      <code value="diagnosticReport-profile" />
      <valueString value="https://demis.rki.de/fhir/StructureDefinition/LaboratoryReportVZVP" />
    </property>
    <property>
      <code value="federal-state-specific-notificationCategory" />
      <valueBoolean value="false" />
    </property>
  </concept>
  <concept>
    <extension url="http://hl7.org/fhir/StructureDefinition/codesystem-conceptOrder">
      <valueInteger value="215" />
    </extension>
    <code value="ncvp" />
    <display value="Vibrio spp., humanpathogen (außer Erreger der Cholera); soweit ausschließlich eine Ohrinfektion vorliegt, nur bei Vibrio cholerae non O1/non-O139" />
    <designation>
      <language value="de-DE" />
      <value value="Vibrio spp. (außer Erreger der Cholera)" />
    </designation>
    <property>
      <code value="inactive" />
      <valueBoolean value="false" />
    </property>
    <property>
      <code value="diagnosticReport-profile" />
      <valueString value="https://demis.rki.de/fhir/StructureDefinition/LaboratoryReportNCVP" />
    </property>
    <property>
      <code value="federal-state-specific-notificationCategory" />
      <valueBoolean value="false" />
    </property>
  </concept>
  <concept>
    <extension url="http://hl7.org/fhir/StructureDefinition/codesystem-conceptOrder">
      <valueInteger value="210" />
    </extension>
    <code value="vchp" />
    <display value="Vibrio cholerae" />
    <designation>
      <language value="de-DE" />
      <value value="Vibrio cholerae" />
    </designation>
    <property>
      <code value="inactive" />
      <valueBoolean value="false" />
    </property>
    <property>
      <code value="diagnosticReport-profile" />
      <valueString value="https://demis.rki.de/fhir/StructureDefinition/LaboratoryReportVCHP" />
    </property>
    <property>
      <code value="federal-state-specific-notificationCategory" />
      <valueBoolean value="false" />
    </property>
  </concept>
  <concept>
    <extension url="http://hl7.org/fhir/StructureDefinition/codesystem-conceptOrder">
      <valueInteger value="190" />
    </extension>
    <code value="wbkp" />
    <display value="Krankheitserreger unter Berücksichtigung der Art der Krankheitserreger und der Häufigkeit ihres Nachweises wenn Hinweise auf eine schwerwiegende Gefahr für die Allgemeinheit bestehen" />
    <designation>
      <language value="de-DE" />
      <value value="Weitere bedrohliche Erreger" />
    </designation>
    <property>
      <code value="inactive" />
      <valueBoolean value="false" />
    </property>
    <property>
      <code value="diagnosticReport-profile" />
      <valueString value="https://demis.rki.de/fhir/StructureDefinition/LaboratoryReportWBKP" />
    </property>
    <property>
      <code value="federal-state-specific-notificationCategory" />
      <valueBoolean value="false" />
    </property>
  </concept>
  <concept>
    <extension url="http://hl7.org/fhir/StructureDefinition/codesystem-conceptOrder">
      <valueInteger value="180" />
    </extension>
    <code value="wnvp" />
    <display value="West-Nil-Virus" />
    <designation>
      <language value="de-DE" />
      <value value="West-Nil-Virus" />
    </designation>
    <property>
      <code value="inactive" />
      <valueBoolean value="false" />
    </property>
    <property>
      <code value="diagnosticReport-profile" />
      <valueString value="https://demis.rki.de/fhir/StructureDefinition/LaboratoryReportWNVP" />
    </property>
    <property>
      <code value="federal-state-specific-notificationCategory" />
      <valueBoolean value="false" />
    </property>
  </concept>
  <concept>
    <extension url="http://hl7.org/fhir/StructureDefinition/codesystem-conceptOrder">
      <valueInteger value="170" />
    </extension>
    <code value="ypsp" />
    <display value="Yersinia pestis" />
    <designation>
      <language value="de-DE" />
      <value value="Yersinia pestis" />
    </designation>
    <property>
      <code value="inactive" />
      <valueBoolean value="false" />
    </property>
    <property>
      <code value="diagnosticReport-profile" />
      <valueString value="https://demis.rki.de/fhir/StructureDefinition/LaboratoryReportYPSP" />
    </property>
    <property>
      <code value="federal-state-specific-notificationCategory" />
      <valueBoolean value="false" />
    </property>
  </concept>
  <concept>
    <extension url="http://hl7.org/fhir/StructureDefinition/codesystem-conceptOrder">
      <valueInteger value="160" />
    </extension>
    <code value="yenp" />
    <display value="Yersinia spp. (darmpathogen)" />
    <designation>
      <language value="de-DE" />
      <value value="Yersinia spp., darmpathogen" />
    </designation>
    <property>
      <code value="inactive" />
      <valueBoolean value="false" />
    </property>
    <property>
      <code value="diagnosticReport-profile" />
      <valueString value="https://demis.rki.de/fhir/StructureDefinition/LaboratoryReportYENP" />
    </property>
    <property>
      <code value="federal-state-specific-notificationCategory" />
      <valueBoolean value="false" />
    </property>
  </concept>
  <concept>
    <extension url="http://hl7.org/fhir/StructureDefinition/codesystem-conceptOrder">
      <valueInteger value="150" />
    </extension>
    <code value="zkvp" />
    <display value="Zika-Virus" />
    <designation>
      <language value="de-DE" />
      <value value="Zika-Virus" />
    </designation>
    <property>
      <code value="inactive" />
      <valueBoolean value="false" />
    </property>
    <property>
      <code value="diagnosticReport-profile" />
      <valueString value="https://demis.rki.de/fhir/StructureDefinition/LaboratoryReportZKVP" />
    </property>
    <property>
      <code value="federal-state-specific-notificationCategory" />
      <valueBoolean value="false" />
    </property>
  </concept>
</CodeSystem>