<?xml version="1.0" encoding="utf-8"?>
<ValueSet xmlns="http://hl7.org/fhir">
  <id value="militaryAffiliation" />
  <url value="https://demis.rki.de/fhir/ValueSet/militaryAffiliation" />
  <version value="1.1.1" />
  <name value="MilitaryAffiliation" />
  <title value="Zugehörigkeit zur Bundeswehr" />
  <status value="active" />
  <experimental value="false" />
  <date value="2024-09-02" />
  <publisher value="Robert Koch-Institut" />
  <description value="Das ValueSet MilitaryAffiliation enthält die Codes zur Angabe der Zugehörigkeit zur Bundeswehr." />
  <compose>
    <include>
      <system value="https://demis.rki.de/fhir/CodeSystem/militaryAffiliation" />
      <version value="1.0.0" />
    </include>
  </compose>
</ValueSet>