<?xml version="1.0" encoding="UTF-8"?>
<CodeSystem xmlns="http://hl7.org/fhir">
  <id value="instrument" />
  <url value="https://demis.rki.de/fhir/CodeSystem/instrument" />
  <version value="1.0.0" />
  <name value="Instrument" />
  <title value="Gerätename" />
  <status value="active" />
  <date value="2023-07-07" />
  <description value="Das CodeSystem Instrument enthält die Codes für den Namen des Gerätes, welches zur Sequenzierung verwendet wurde (angelehnt an ENA)." />
  <caseSensitive value="false" />
  <valueSet value="https://demis.rki.de/fhir/ValueSet/instrument" />
  <content value="complete" />
  <count value="63" />
  <concept>
    <code value="454_gs"/>
    <display value="454_GS"/>
  </concept>
  <concept>
    <code value="454_gs_20"/>
    <display value="454_GS_20"/>
  </concept>
  <concept>
    <code value="454_gs_flx"/>
    <display value="454_GS_FLX"/>
  </concept>
  <concept>
    <code value="454_gs_flx+"/>
    <display value="454_GS_FLX+"/>
  </concept>
  <concept>
    <code value="454_gs_flx_titanium"/>
    <display value="454_GS_FLX_Titanium"/>
  </concept>
  <concept>
    <code value="454_gs_junior"/>
    <display value="454_GS_Junior"/>
  </concept>
  <concept>
    <code value="hiseq_x_five"/>
    <display value="HiSeq_X_Five"/>
  </concept>
  <concept>
    <code value="hiseq_x_ten"/>
    <display value="HiSeq_X_Ten"/>
  </concept>
  <concept>
    <code value="illumina_genome_analyzer"/>
    <display value="Illumina_Genome_Analyzer"/>
  </concept>
  <concept>
    <code value="illumina_genome_analyzer_ii"/>
    <display value="Illumina_Genome_Analyzer_II"/>
  </concept>
  <concept>
    <code value="illumina_genome_analyzer_iix"/>
    <display value="Illumina_Genome_Analyzer_IIx"/>
  </concept>
  <concept>
    <code value="illumina_hiscansq"/>
    <display value="Illumina_HiScanSQ"/>
  </concept>
  <concept>
    <code value="illumina_hiseq_1000"/>
    <display value="Illumina_HiSeq_1000"/>
  </concept>
  <concept>
    <code value="illumina_hiseq_1500"/>
    <display value="Illumina_HiSeq_1500"/>
  </concept>
  <concept>
    <code value="illumina_hiseq_2000"/>
    <display value="Illumina_HiSeq_2000"/>
  </concept>
  <concept>
    <code value="illumina_hiseq_2500"/>
    <display value="Illumina_HiSeq_2500"/>
  </concept>
  <concept>
    <code value="illumina_hiseq_3000"/>
    <display value="Illumina_HiSeq_3000"/>
  </concept>
  <concept>
    <code value="illumina_hiseq_4000"/>
    <display value="Illumina_HiSeq_4000"/>
  </concept>
  <concept>
    <code value="illumina_iseq_100"/>
    <display value="Illumina_iSeq_100"/>
  </concept>
  <concept>
    <code value="illumina_miseq"/>
    <display value="Illumina_MiSeq"/>
  </concept>
  <concept>
    <code value="illumina_miniseq"/>
    <display value="Illumina_MiniSeq"/>
  </concept>
  <concept>
    <code value="illumina_novaseq_6000"/>
    <display value="Illumina_NovaSeq_6000"/>
  </concept>
  <concept>
    <code value="nextseq_500"/>
    <display value="NextSeq_500"/>
  </concept>
  <concept>
    <code value="nextseq_550"/>
    <display value="NextSeq_550"/>
  </concept>
  <concept>
    <code value="pacbio_rs"/>
    <display value="PacBio_RS"/>
  </concept>
  <concept>
    <code value="pacbio_rs_ii"/>
    <display value="PacBio_RS_II"/>
  </concept>
  <concept>
    <code value="sequel"/>
    <display value="Sequel"/>
  </concept>
  <concept>
    <code value="ion_torrent_pgm"/>
    <display value="Ion_Torrent_PGM"/>
  </concept>
  <concept>
    <code value="ion_torrent_proton"/>
    <display value="Ion_Torrent_Proton"/>
  </concept>
  <concept>
    <code value="ion_torrent_s5"/>
    <display value="Ion_Torrent_S5"/>
  </concept>
  <concept>
    <code value="ion_torrent_s5_xl"/>
    <display value="Ion_Torrent_S5_XL"/>
  </concept>
  <concept>
    <code value="ab_3730xl_genetic_analyzer"/>
    <display value="AB_3730xL_Genetic_Analyzer"/>
  </concept>
  <concept>
    <code value="ab_3730_genetic_analyzer"/>
    <display value="AB_3730_Genetic_Analyzer"/>
  </concept>
  <concept>
    <code value="ab_3500xl_genetic_analyzer"/>
    <display value="AB_3500xL_Genetic_Analyzer"/>
  </concept>
  <concept>
    <code value="ab_3500_genetic_analyzer"/>
    <display value="AB_3500_Genetic_Analyzer"/>
  </concept>
  <concept>
    <code value="ab_3130xl_genetic_analyzer"/>
    <display value="AB_3130xL_Genetic_Analyzer"/>
  </concept>
  <concept>
    <code value="ab_3130_genetic_analyzer"/>
    <display value="AB_3130_Genetic_Analyzer"/>
  </concept>
  <concept>
    <code value="ab_310_genetic_analyzer"/>
    <display value="AB_310_Genetic_Analyzer"/>
  </concept>
  <concept>
    <code value="minion"/>
    <display value="MinION"/>
  </concept>
  <concept>
    <code value="gridion"/>
    <display value="GridION"/>
  </concept>
  <concept>
    <code value="promethion"/>
    <display value="PromethION"/>
  </concept>
  <concept>
    <code value="bgiseq-500"/>
    <display value="BGISEQ-500"/>
  </concept>
  <concept>
    <code value="dnbseq-t7"/>
    <display value="DNBSEQ-T7"/>
  </concept>
  <concept>
    <code value="dnbseq-g400"/>
    <display value="DNBSEQ-G400"/>
  </concept>
  <concept>
    <code value="dnbseq-g50"/>
    <display value="DNBSEQ-G50"/>
  </concept>
  <concept>
    <code value="dnbseq-g400_fast"/>
    <display value="DNBSEQ-G400_FAST"/>
  </concept>
  <concept>
    <code value="illumina_nextseq_1000"/>
    <display value="Illumina_NextSeq_1000"/>
  </concept>
  <concept>
    <code value="illumina_nextseq_2000"/>
    <display value="Illumina_NextSeq_2000"/>
  </concept>
  <concept>
    <code value="illumina_novaseq_x"/>
    <display value="Illumina_NovaSeq_X"/>
  </concept>
  <concept>
    <code value="illumina_novaseq_x_plus"/>
    <display value="Illumina_NovaSeq_X_PLUS"/>
  </concept>
  <concept>
    <code value="sequel_ii"/>
    <display value="Sequel_II"/>
  </concept>
  <concept>
    <code value="sequel_iie"/>
    <display value="Sequel_IIe"/>
  </concept>
  <concept>
    <code value="flongle"/>
    <display value="Flongle"/>
  </concept>
  <concept>
    <code value="dnbseq-t10"/>
    <display value="DNBSEQ-T10"/>
  </concept>
  <concept>
    <code value="dnbseq-t20"/>
    <display value="DNBSEQ-T20"/>
  </concept>
  <concept>
    <code value="dnbseq-g99"/>
    <display value="DNBSEQ-G99"/>
  </concept>
  <concept>
    <code value="ion_torrent_genexus"/>
    <display value="Ion_Torrent_Genexus"/>
  </concept>
  <concept>
    <code value="onso"/>
    <display value="Onso"/>
  </concept>
  <concept>
    <code value="revio"/>
    <display value="Revio"/>
  </concept>
  <concept>
    <code value="ug_100"/>
    <display value="UG_100"/>
  </concept>
  <concept>
    <code value="g4"/>
    <display value="G4"/>
  </concept>
  <concept>
    <code value="px"/>
    <display value="PX"/>
  </concept>
  <concept>
    <code value="unspecified"/>
    <display value="unspecified"/>
  </concept>
</CodeSystem>
