<?xml version="1.0" encoding="UTF-8"?>
<CodeSystem xmlns="http://hl7.org/fhir">
  <id value="sequencingSubstances" />
  <url value="https://demis.rki.de/fhir/CodeSystem/sequencingSubstances" />
  <version value="1.0.0" />
  <name value="SequencingSubstances" />
  <title value="Sequenziermaterial" />
  <status value="active" />
  <date value="2023-07-10" />
  <description value="Das CodeSystem SequencingSubstances enthält die Codes für das Sequenziermaterial." />
  <caseSensitive value="false" />
  <valueSet value="https://demis.rki.de/fhir/ValueSet/sequencingSubstances" />
  <content value="complete" />
  <count value="2" />
  <concept>
    <code value="primer"/>
    <display value="Primer Sequence"/>
  </concept>
  <concept>
    <code value="adapter"/>
    <display value="Adapter Sequence"/>
  </concept>
</CodeSystem>
