<?xml version="1.0" encoding="utf-8"?>
<ValueSet xmlns="http://hl7.org/fhir">
  <id value="laboratoryTestSPNP" />
  <url value="https://demis.rki.de/fhir/ValueSet/laboratoryTestSPNP" />
  <version value="1.8.0" />
  <name value="LaboratoryTestSPNP" />
  <title value="Labortest für Streptococcus pneumoniae; Meldepflicht nur für den direkten Nachweis aus Liquor, Blut, Gelenkpunktat oder anderen normalerweise sterilen Substraten" />
  <status value="active" />
  <experimental value="false" />
  <date value="2025-04-08" />
  <publisher value="Robert Koch-Institut" />
  <contact>
    <telecom>
      <system value="email" />
      <value value="demis-support@rki.de" />
    </telecom>
  </contact>
  <description value="Das ValueSet LaboratoryTestSPNP enthält die Codes der Labortests für Streptococcus pneumoniae; Meldepflicht nur für den direkten Nachweis aus Liquor, Blut, Gelenkpunktat oder anderen normalerweise sterilen Substraten." />
  <jurisdiction>
    <coding>
      <system value="urn:iso:std:iso:3166" />
      <version value="ALPHA-2" />
      <code value="DE" />
    </coding>
  </jurisdiction>
  <copyright value="This material contains content from LOINC (http://loinc.org/). LOINC is copyright © 1995-2023, Regenstrief Institute, Inc. and the Logical Observation Identifiers Names and Codes (LOINC) Committee and is available at no cost under the license at http://loinc.org/license. LOINC® is a registered United States trademark of Regenstrief Institute, Inc.&#xD;&#xA;&#xD;&#xA;Dieses Material enthält Inhalte von LOINC (http://loinc.org/). LOINC ist urheberrechtlich geschützt © 1995-2023, Regenstrief Institute, Inc. und das Logical Observation Identifiers Names and Codes (LOINC) Committee und ist unter der Lizenz http://loinc.org/license kostenlos erhältlich. LOINC® ist eine eingetragene US-amerikanische Marke des Regenstrief Institute, Inc.&#xD;&#xA;&#xD;&#xA;Downloadbedingungen für LOINC-Übersetzungen für Anwendungszwecke in Deutschland&#xD;&#xA;Übersetzungen in verschiedenen Sprachen werden von &quot;LOINC® Adopters&quot;, meistens Behörden oder Forschungsinstituten verschiedener Länder, erstellt und an das Regenstrief Institute weitergegeben. Das Copyright für die Übersetzungen liegt beim Regenstrief Institute. Für Deutschland wird die LOINC®-Übersetzung durch das BfArM bereitgestellt. Die Übersetzungen werden durch das Regenstrief Institute als &quot;Linguistic Variants&quot; in den halbjährlichen LOINC®-Releases (Februar und August) veröffentlicht.&#xD;&#xA;&#xD;&#xA;Das Copyright für die Übersetzungen liegt beim Regenstrief Institute, 1101 W 10th St, Indianapolis, IN 46202, USA.&#xD;&#xA;&#xD;&#xA;Mit dem Download von Dateien kommt ein Nutzungsvertrag zwischen Ihnen und dem Regenstrief Institute zustande. Sie verpflichten sich, die unten verlinkten Nutzungs- und Abgabebedingungen für LOINC vom Regenstrief Institute einzuhalten." />
  <compose>
    <include>
      <system value="http://loinc.org" />
      <version value="2.79" />
      <concept>
        <code value="106607-5" />
        <display value="Streptococcus pneumoniae DNA [Presence] in Body fluid by NAA with non-probe detection" />
      </concept>
      <concept>
        <code value="31969-9" />
        <display value="Streptococcus pneumoniae Antigen [Nachweis] in Probenmaterial" />
      </concept>
      <concept>
        <code value="38353-9" />
        <display value="Streptococcus sp identifiziert in Probenmaterial mittels erregerspezifischer Kultur" />
      </concept>
      <concept>
        <code value="41852-5" />
        <display value="Mikroorganismus oder Erreger identifiziert in Probenmaterial" />
      </concept>
      <concept>
        <code value="43390-4" />
        <display value="Streptococcus sp identifiziert in Isolat" />
      </concept>
      <concept>
        <code value="49672-9" />
        <display value="Streptococcus pneumoniae DNA [Nachweis] in Probenmaterial mittels Nukleinsäureamplifikation mit Sondendetektion" />
      </concept>
      <concept>
        <code value="73674-4" />
        <display value="Streptococcus pneumoniae Serotyp [Typ] in Isolat mittels Agglutination" />
      </concept>
      <concept>
        <code value="73685-0" />
        <display value="Streptococcus pneumoniae Antigen [Nachweis] in Isolat mittels Latexagglutination" />
      </concept>
      <concept>
        <code value="75756-7" />
        <display value="Bakterien identifiziert in Isolat mittels MS.MALDI-TOF" />
      </concept>
      <concept>
        <code value="85496-8" />
        <display value="Streptococcus pneumoniae Serotyp [Nachweis oder Identität] in Probenmaterial mittels Nukleinsäureamplifikation mit Sondendetektion" />
      </concept>
      <concept>
        <code value="85768-0" />
        <display value="Streptococcus pneumoniae DNA [Nachweis] in positiver Blutkultur mittels Nukleinsäureamplifikation mit Detektion ohne Sonde" />
      </concept>
      <concept>
        <code value="88722-4" />
        <display value="Streptococcus pneumoniae Serotyp [Typ] in Isolat" />
      </concept>
    </include>
    <include>
      <valueSet value="https://demis.rki.de/fhir/ValueSet/resistance" />
    </include>
    <include>
      <valueSet value="https://demis.rki.de/fhir/ValueSet/resistanceGene" />
    </include>
  </compose>
</ValueSet>