<?xml version="1.0" encoding="utf-8"?>
<ValueSet xmlns="http://hl7.org/fhir">
  <id value="laboratoryTestPVBP" />
  <url value="https://demis.rki.de/fhir/ValueSet/laboratoryTestPVBP" />
  <version value="1.4.0" />
  <name value="LaboratoryTestPVBP" />
  <title value="Labortest für Ringelröteln, Parvovirus B 19" />
  <status value="active" />
  <experimental value="false" />
  <date value="2025-04-08" />
  <publisher value="Robert Koch-Institut" />
  <contact>
    <telecom>
      <system value="email" />
      <value value="demis-support@rki.de" />
    </telecom>
  </contact>
  <description value="Das ValueSet LaboratoryTestPVBP enthält die Codes der Labortests für Ringelröteln, Parvovirus B 19." />
  <jurisdiction>
    <coding>
      <system value="urn:iso:std:iso:3166" />
      <version value="ALPHA-2" />
      <code value="DE" />
    </coding>
  </jurisdiction>
  <copyright value="This material contains content from LOINC (http://loinc.org/). LOINC is copyright © 1995-2023, Regenstrief Institute, Inc. and the Logical Observation Identifiers Names and Codes (LOINC) Committee and is available at no cost under the license at http://loinc.org/license. LOINC® is a registered United States trademark of Regenstrief Institute, Inc.&#xD;&#xA;&#xD;&#xA;Dieses Material enthält Inhalte von LOINC (http://loinc.org/). LOINC ist urheberrechtlich geschützt © 1995-2023, Regenstrief Institute, Inc. und das Logical Observation Identifiers Names and Codes (LOINC) Committee und ist unter der Lizenz http://loinc.org/license kostenlos erhältlich. LOINC® ist eine eingetragene US-amerikanische Marke des Regenstrief Institute, Inc.&#xD;&#xA;&#xD;&#xA;Downloadbedingungen für LOINC-Übersetzungen für Anwendungszwecke in Deutschland&#xD;&#xA;Übersetzungen in verschiedenen Sprachen werden von &quot;LOINC® Adopters&quot;, meistens Behörden oder Forschungsinstituten verschiedener Länder, erstellt und an das Regenstrief Institute weitergegeben. Das Copyright für die Übersetzungen liegt beim Regenstrief Institute. Für Deutschland wird die LOINC®-Übersetzung durch das BfArM bereitgestellt. Die Übersetzungen werden durch das Regenstrief Institute als &quot;Linguistic Variants&quot; in den halbjährlichen LOINC®-Releases (Februar und August) veröffentlicht.&#xD;&#xA;&#xD;&#xA;Das Copyright für die Übersetzungen liegt beim Regenstrief Institute, 1101 W 10th St, Indianapolis, IN 46202, USA.&#xD;&#xA;&#xD;&#xA;Mit dem Download von Dateien kommt ein Nutzungsvertrag zwischen Ihnen und dem Regenstrief Institute zustande. Sie verpflichten sich, die unten verlinkten Nutzungs- und Abgabebedingungen für LOINC vom Regenstrief Institute einzuhalten." />
  <compose>
    <include>
      <system value="http://loinc.org" />
      <version value="2.79" />
      <concept>
        <code value="25630-5" />
        <display value="Parvovirus B19 IgG-Antikörper [Titer] in Serum" />
      </concept>
      <concept>
        <code value="25631-3" />
        <display value="Parvovirus B19 IgM-Antikörper [Titer] in Serum" />
      </concept>
      <concept>
        <code value="27095-9" />
        <display value="Parvovirus B19 IgG-Antikörper [Titer] in Liquor" />
      </concept>
      <concept>
        <code value="27115-5" />
        <display value="Parvovirus B19 IgM-Antikörper [Titer] in Liquor" />
      </concept>
      <concept>
        <code value="29675-6" />
        <display value="Parvovirus B19 IgG-Antikörper [Nachweis] in Serum" />
      </concept>
      <concept>
        <code value="41852-5" />
        <display value="Mikroorganismus oder Erreger identifiziert in Probenmaterial" />
      </concept>
      <concept>
        <code value="49432-8" />
        <display value="Parvovirus B19 DNA [#/Volumen] (Viruslast) in Probenmaterial mittels Nukleinsäureamplifikation mit Sondendetektion" />
      </concept>
      <concept>
        <code value="7981-4" />
        <display value="Parvovirus B19 IgM-Antikörper [Nachweis] in Serum" />
      </concept>
      <concept>
        <code value="7983-0" />
        <display value="Parvovirus B19 IgG-Antikörper [Einheiten/Volumen] in Serum" />
      </concept>
      <concept>
        <code value="7984-8" />
        <display value="Parvovirus B19 IgM-Antikörper [Einheiten/Volumen] in Serum" />
      </concept>
      <concept>
        <code value="9571-1" />
        <display value="Parvovirus B19 DNA [Nachweis] in Probenmaterial mittels Nukleinsäureamplifikation mit Sondendetektion" />
      </concept>
    </include>
  </compose>
</ValueSet>