<?xml version="1.0" encoding="utf-8"?>
<ValueSet xmlns="http://hl7.org/fhir">
  <id value="notificationCategory" />
  <url value="https://demis.rki.de/fhir/ValueSet/notificationCategory" />
  <version value="2.1.0" />
  <name value="NotificationCategory" />
  <title value="Meldetatbestand" />
  <status value="active" />
  <experimental value="false" />
  <date value="2025-04-08" />
  <publisher value="Robert Koch-Institut" />
  <contact>
    <telecom>
      <system value="email" />
      <value value="demis-support@rki.de" />
    </telecom>
  </contact>
  <description value="Das ValueSet NotificationCategory enthält die Codes der Meldetatbestände." />
  <jurisdiction>
    <coding>
      <system value="urn:iso:std:iso:3166" />
      <version value="ALPHA-2" />
      <code value="DE" />
    </coding>
  </jurisdiction>
  <copyright value="(C) 2021-2025 Robert Koch-Institut" />
  <compose>
    <include>
      <system value="https://demis.rki.de/fhir/CodeSystem/notificationCategory" />
      <version value="2.1.0" />
    </include>
  </compose>
</ValueSet>