<?xml version="1.0" encoding="UTF-8"?>
<StructureDefinition xmlns="http://hl7.org/fhir">
  <id value="LaboratoryReportHBVP"/>
  <url value="https://demis.rki.de/fhir/StructureDefinition/LaboratoryReportHBVP"/>
  <version value="1.3.0"/>
  <name value="LaboratoryReportHBVP"/>
  <title value="Laborbericht für Hepatitis-B-Virus; Meldepflicht für alle Nachweise"/>
  <status value="active"/>
  <date value="2023-10-30"/>
  <description value="Der Hepatitis-B-Virus-Laborbericht kann mehrere Hepatitis-B-Virus-Erregernachweise enthalten und fasst die Ergebnisse der Einzeltests zusammen."/>
  <fhirVersion value="4.0.1"/>
  <kind value="resource"/>
  <abstract value="false"/>
  <type value="DiagnosticReport"/>
  <baseDefinition value="https://demis.rki.de/fhir/StructureDefinition/LaboratoryReport"/>
  <derivation value="constraint"/>
  <differential>
    <element id="DiagnosticReport.meta"><path value="DiagnosticReport.meta"/><min value="1"/><mustSupport value="true"/></element><element id="DiagnosticReport.meta.profile"><path value="DiagnosticReport.meta.profile"/><min value="1"/><max value="1"/><fixedCanonical value="https://demis.rki.de/fhir/StructureDefinition/LaboratoryReportHBVP"/><mustSupport value="true"/></element><element id="DiagnosticReport.code">
      <path value="DiagnosticReport.code"/>
      <definition value="Im Laborbericht für Hepatitis-B-Virus ist der code immer mit dem Wert &quot;hbvp&quot; aus dem ValueSet https://demis.rki.de/fhir/CodeSystem/notificationCategory zu belegen."/>
    </element>
    <element id="DiagnosticReport.code.coding.system">
      <path value="DiagnosticReport.code.coding.system"/>
      <fixedUri value="https://demis.rki.de/fhir/CodeSystem/notificationCategory"/>
    </element>
    <element id="DiagnosticReport.code.coding.code">
      <path value="DiagnosticReport.code.coding.code"/>
      <fixedCode value="hbvp"/>
    </element>
    <element id="DiagnosticReport.code.coding.display">
      <path value="DiagnosticReport.code.coding.display"/>
      <min value="1"/>
    </element>
    <element id="DiagnosticReport.result">
      <path value="DiagnosticReport.result"/>
      <short value="Referenziert einen Erregernachweis für Hepatitis-B-Virus; Meldepflicht für alle Nachweise"/>
      <definition value="Referenziert einen Erregernachweis für Hepatitis-B-Virus; Meldepflicht für alle Nachweise"/>
      <type>
        <code value="Reference"/>
        <targetProfile value="https://demis.rki.de/fhir/StructureDefinition/PathogenDetectionHBVP"/>
      </type>
    </element>
  </differential>
</StructureDefinition>