<?xml version="1.0" encoding="utf-8"?>
<StructureDefinition xmlns="http://hl7.org/fhir">
  <id value="NotificationBundleLaboratoryNotByName" />
  <url value="https://demis.rki.de/fhir/StructureDefinition/NotificationBundleLaboratoryNotByName" />
  <version value="2.0.0" />
  <name value="NotificationBundleLaboratoryNotByName" />
  <title value="Erregernachweismeldevorgang (nichtnamentlich)" />
  <status value="draft" />
  <experimental value="true" />
  <date value="2024-08-02" />
  <description value="Der nichtnamentliche Erregernachweismeldevorgang ist vom Meldevorgang abgeleitet und bildet den Container für eine nichtnamentliche Erregernachweismeldung und die darin referenzierten Ressourcen." />
  <fhirVersion value="4.0.1" />
  <kind value="resource" />
  <abstract value="false" />
  <type value="Bundle" />
  <baseDefinition value="https://demis.rki.de/fhir/StructureDefinition/NotificationBundle" />
  <derivation value="constraint" />
  <differential>
    <element id="Bundle">
      <path value="Bundle" />
      <constraint>
        <key value="noNotifiedPersonByName" />
        <severity value="error" />
        <human value="Im NotificationBundle darf keine NAMENTLICHE betroffene Person enthalten sein." />
        <expression value="entry.where(resource.meta.profile='https://demis.rki.de/fhir/StructureDefinition/NotifiedPerson').count()=0" />
      </constraint>
      <constraint>
        <key value="exactlyOneNotifiedPersonNotByName" />
        <severity value="error" />
        <human value="Im NotificationBundle muss genau eine NICHTNAMENTLICHE betroffene Person enthalten sein." />
        <expression value="entry.where(resource.meta.profile='https://demis.rki.de/fhir/StructureDefinition/NotifiedPersonNotByName').count()=1" />
      </constraint>
      <constraint>
        <key value="maxOneSubmittingRole" />
        <severity value="error" />
        <human value="Im NotificationBundle darf maximal eine Einsender-Rolle enthalten sein. In diesem Zusammenhang ist jedoch zu berücksichtigen, dass bestimmte Meldetatbestände die Angabe des Einsenders der Probe ausschließen." />
        <expression value="entry.where(resource.meta.profile='https://demis.rki.de/fhir/StructureDefinition/SubmittingRole').count()&lt;=1" />
      </constraint>
    </element>
    <element id="Bundle.meta">
      <path value="Bundle.meta" />
      <min value="1" />
      <mustSupport value="true" />
    </element>
    <element id="Bundle.meta.profile">
      <path value="Bundle.meta.profile" />
      <min value="1" />
      <max value="1" />
      <fixedCanonical value="https://demis.rki.de/fhir/StructureDefinition/NotificationBundleLaboratoryNotByName" />
      <mustSupport value="true" />
    </element>
    <element id="Bundle.identifier.system">
      <path value="Bundle.identifier.system" />
      <fixedUri value="https://demis.rki.de/fhir/NamingSystem/NotificationBundleId" />
    </element>
    <element id="Bundle.entry:notification">
      <path value="Bundle.entry" />
      <sliceName value="notification" />
      <definition value="Enthaltene Meldungen. In einem nichtnamentlichen Erregernachweismeldevorgang muss genau eine nichtnamentliche Erregernachweismeldung enthalten sein." />
      <max value="1" />
    </element>
    <element id="Bundle.entry:notification.resource">
      <path value="Bundle.entry.resource" />
      <min value="1"/>
      <type>
        <code value="Composition" />
        <profile value="https://demis.rki.de/fhir/StructureDefinition/NotificationLaboratoryNotByName" />
      </type>
    </element>
  </differential>
</StructureDefinition>