<?xml version="1.0" encoding="utf-8"?>
<StructureDefinition xmlns="http://hl7.org/fhir">
  <id value="ProcessNotificationResponseParameters" />
  <url value="https://demis.rki.de/fhir/StructureDefinition/ProcessNotificationResponseParameters" />
  <version value="2.0.0" />
  <name value="ProcessNotificationResponseParameters" />
  <title value="ProcessNotification-Ausgabeparameter" />
  <status value="active" />
  <date value="2025-02-20" />
  <publisher value="Robert Koch-Institut" />
  <contact>
    <telecom>
      <system value="email" />
      <value value="demis-support@rki.de" />
    </telecom>
  </contact>
  <description value="Der ProcessNotificationResponseParameter ist der Ausgabeparameter für die ProcessNotification-Operation. Er beinhaltet ein Quittungs-Bundle und eine ProcessNotificationResponse." />
  <jurisdiction>
    <coding>
      <system value="urn:iso:std:iso:3166" />
      <version value="ALPHA-2" />
      <code value="DE" />
    </coding>
  </jurisdiction>
  <copyright value="Copyright (C) 2021-2025 Robert Koch-Institut" />
  <fhirVersion value="4.0.1" />
  <kind value="resource" />
  <abstract value="false" />
  <type value="Parameters" />
  <baseDefinition value="http://hl7.org/fhir/StructureDefinition/Parameters" />
  <derivation value="constraint" />
  <differential>
    <element id="Parameters.meta">
      <path value="Parameters.meta" />
      <min value="1" />
      <mustSupport value="true" />
    </element>
    <element id="Parameters.meta.profile">
      <path value="Parameters.meta.profile" />
      <min value="1" />
      <max value="1" />
      <patternCanonical value="https://demis.rki.de/fhir/StructureDefinition/ProcessNotificationResponseParameters" />
      <mustSupport value="true" />
    </element>
    <element id="Parameters.parameter">
      <path value="Parameters.parameter" />
      <slicing>
        <discriminator>
          <type value="type" />
          <path value="resource" />
        </discriminator>
        <rules value="closed" />
      </slicing>
    </element>
    <element id="Parameters.parameter:bundle">
      <path value="Parameters.parameter" />
      <sliceName value="bundle" />
      <max value="1" />
    </element>
    <element id="Parameters.parameter:bundle.name">
      <path value="Parameters.parameter.name" />
      <fixedString value="bundle" />
      <mustSupport value="true" />
    </element>
    <element id="Parameters.parameter:bundle.value[x]">
      <path value="Parameters.parameter.value[x]" />
      <max value="0" />
    </element>
    <element id="Parameters.parameter:bundle.resource">
      <path value="Parameters.parameter.resource" />
      <min value="1" />
      <type>
        <code value="Bundle" />
        <profile value="https://demis.rki.de/fhir/StructureDefinition/ReceiptBundle" />
      </type>
      <mustSupport value="true" />
    </element>
    <element id="Parameters.parameter:bundle.part">
      <path value="Parameters.parameter.part" />
      <max value="0" />
    </element>
    <element id="Parameters.parameter:operationOutcome">
      <path value="Parameters.parameter" />
      <sliceName value="operationOutcome" />
      <min value="1" />
      <max value="1" />
      <mustSupport value="true" />
    </element>
    <element id="Parameters.parameter:operationOutcome.name">
      <path value="Parameters.parameter.name" />
      <fixedString value="operationOutcome" />
      <mustSupport value="true" />
    </element>
    <element id="Parameters.parameter:operationOutcome.value[x]">
      <path value="Parameters.parameter.value[x]" />
      <max value="0" />
    </element>
    <element id="Parameters.parameter:operationOutcome.resource">
      <path value="Parameters.parameter.resource" />
      <min value="1" />
      <type>
        <code value="OperationOutcome" />
        <profile value="https://demis.rki.de/fhir/StructureDefinition/ProcessNotificationResponse" />
      </type>
      <mustSupport value="true" />
    </element>
    <element id="Parameters.parameter:operationOutcome.part">
      <path value="Parameters.parameter.part" />
      <max value="0" />
    </element>
  </differential>
</StructureDefinition>