<?xml version="1.0" encoding="utf-8"?>
<StructureDefinition xmlns="http://hl7.org/fhir">
  <id value="ProcessNotificationRequestParameters" />
  <url value="https://demis.rki.de/fhir/StructureDefinition/ProcessNotificationRequestParameters" />
  <version value="2.0.0" />
  <name value="ProcessNotificationRequestParameters" />
  <title value="ProcessNotification-Eingabeparameter" />
  <status value="active" />
  <date value="2025-02-20" />
  <publisher value="Robert Koch-Institut" />
  <contact>
    <telecom>
      <system value="email" />
      <value value="demis-support@rki.de" />
    </telecom>
  </contact>
  <description value="Der ProcessNotificationRequestParameter ist der Eingabeparameter für die ProcessNotification-Operation. Er enthält den Meldevorgang der an DEMIS übermittelt wird." />
  <jurisdiction>
    <coding>
      <system value="urn:iso:std:iso:3166" />
      <version value="ALPHA-2" />
      <code value="DE" />
    </coding>
  </jurisdiction>
  <copyright value="Copyright (C) 2021-2025 Robert Koch-Institut" />
  <fhirVersion value="4.0.1" />
  <kind value="resource" />
  <abstract value="false" />
  <type value="Parameters" />
  <baseDefinition value="http://hl7.org/fhir/StructureDefinition/Parameters" />
  <derivation value="constraint" />
  <differential>
    <element id="Parameters.meta">
      <path value="Parameters.meta" />
      <min value="1" />
      <mustSupport value="true" />
    </element>
    <element id="Parameters.meta.profile">
      <path value="Parameters.meta.profile" />
      <min value="1" />
      <max value="1" />
      <patternCanonical value="https://demis.rki.de/fhir/StructureDefinition/ProcessNotificationRequestParameters" />
      <mustSupport value="true" />
    </element>
    <element id="Parameters.parameter">
      <path value="Parameters.parameter" />
      <min value="1" />
      <max value="1" />
      <mustSupport value="true" />
    </element>
    <element id="Parameters.parameter.value[x]">
      <path value="Parameters.parameter.value[x]" />
      <max value="0" />
    </element>
    <element id="Parameters.parameter.resource">
      <path value="Parameters.parameter.resource" />
      <short value="Meldevorgang" />
      <definition value="Meldevorgang der an DEMIS übermittelt wird." />
      <min value="1" />
      <type>
        <code value="Resource" />
        <profile value="https://demis.rki.de/fhir/StructureDefinition/NotificationBundle" />
      </type>
      <mustSupport value="true" />
    </element>
    <element id="Parameters.parameter.part">
      <path value="Parameters.parameter.part" />
      <max value="0" />
    </element>
  </differential>
</StructureDefinition>