<Condition xmlns="http://hl7.org/fhir">
   <id value="388f4c48-dcfe-359f-b78e-0de7f09894e4"></id>
   <meta>
      <profile value="https://demis.rki.de/fhir/StructureDefinition/DiseaseRBVD"></profile>
   </meta>
   <verificationStatus>
      <coding>
         <system value="http://terminology.hl7.org/CodeSystem/condition-ver-status"></system>
         <code value="confirmed"></code>
      </coding>
   </verificationStatus>
   <code>
      <coding>
         <system value="https://demis.rki.de/fhir/CodeSystem/notificationDiseaseCategory"></system>
         <code value="rbvd"></code>
         <display value="Tollwut"></display>
      </coding>
   </code>
   <subject>
      <reference value="Patient/ebf5c161-e375-3a62-9608-f0a6c69bc902"></reference>
   </subject>
   <onsetDateTime value="2023-04-07"></onsetDateTime>
   <recordedDate value="2023-04-15"></recordedDate>
   <evidence>
      <code>
         <coding>
            <system value="http://snomed.info/sct"></system>
            <code value="22253000:47429007=782161000"></code>
            <display value="Schmerzen im Bereich der Bissstelle"></display>
         </coding>
      </code>
   </evidence>
   <evidence>
      <code>
         <coding>
            <system value="http://snomed.info/sct"></system>
            <code value="91019004:47429007=782161000"></code>
            <display value="Sensibilitätsstörungen (Parästhesien) im Bereich der Bissstelle"></display>
         </coding>
      </code>
   </evidence>
   <evidence>
      <code>
         <coding>
            <system value="http://snomed.info/sct"></system>
            <code value="198288003"></code>
            <display value="Angstzustände"></display>
         </coding>
      </code>
   </evidence>
   <evidence>
      <code>
         <coding>
            <system value="http://snomed.info/sct"></system>
            <code value="2776000"></code>
            <display value="Delirium"></display>
         </coding>
      </code>
   </evidence>
   <evidence>
      <code>
         <coding>
            <system value="http://snomed.info/sct"></system>
            <code value="44695005"></code>
            <display value="Krämpfe"></display>
         </coding>
      </code>
   </evidence>
   <note>
      <text value="Biss durch wilden Hund mit indirektem kontakt zu Fledermäusen."></text>
   </note>
</Condition>