<Immunization xmlns="http://hl7.org/fhir">
   <id value="39fa5a01-0682-3cc8-b59d-80d715c5210a"></id>
   <meta>
      <profile value="https://demis.rki.de/fhir/StructureDefinition/ImmunizationInformationCDFD"></profile>
   </meta>
   <status value="completed"></status>
   <vaccineCode>
      <coding>
         <system value="http://snomed.info/sct"></system>
         <code value="74964007"></code>
         <display value="andere/sonstige"></display>
      </coding>
   </vaccineCode>
   <patient>
      <reference value="Patient/4e3f1dd5-5267-35d7-b7de-263b49b764b0"></reference>
   </patient>
   <occurrenceDateTime value="2022-12-15"></occurrenceDateTime>
</Immunization>