<Condition xmlns="http://hl7.org/fhir">
   <id value="7633f28a-bbb6-304c-b470-2b9b0145136d"></id>
   <meta>
      <profile value="https://demis.rki.de/fhir/StructureDefinition/DiseaseBPSD"></profile>
   </meta>
   <verificationStatus>
      <coding>
         <system value="http://terminology.hl7.org/CodeSystem/condition-ver-status"></system>
         <code value="confirmed"></code>
      </coding>
   </verificationStatus>
   <code>
      <coding>
         <system value="https://demis.rki.de/fhir/CodeSystem/notificationDiseaseCategory"></system>
         <code value="bpsd"></code>
         <display value="Keuchhusten"></display>
      </coding>
   </code>
   <subject>
      <reference value="Patient/7fe61086-24d7-3ffa-9657-65eb23aa7593"></reference>
   </subject>
   <onsetDateTime value="2023-02-17"></onsetDateTime>
   <recordedDate value="2023-03-04"></recordedDate>
   <evidence>
      <code>
         <coding>
            <system value="http://snomed.info/sct"></system>
            <code value="284523002"></code>
            <display value="Husten von mehr als 14 Tagen Dauer"></display>
         </coding>
      </code>
   </evidence>
   <evidence>
      <code>
         <coding>
            <system value="http://snomed.info/sct"></system>
            <code value="58596002"></code>
            <display value="Atemgeräusch, inspiratorisches Stridor"></display>
         </coding>
      </code>
   </evidence>
   <note>
      <text value="Textueller Hinweis"></text>
   </note>
</Condition>