<Composition xmlns="http://hl7.org/fhir">
   <id value="af4eb120-f747-334f-ad9c-a075a5fb08b6"></id>
   <meta>
      <lastUpdated value="2022-12-07T09:50:00.000+01:00"></lastUpdated>
      <profile value="https://demis.rki.de/fhir/StructureDefinition/NotificationDiseaseRUVD"></profile>
   </meta>
   <identifier>
      <system value="https://demis.rki.de/fhir/NamingSystem/NotificationId"></system>
      <value value="74a5b0de-b9b7-11ed-afa1-0242ac120002"></value>
   </identifier>
   <status value="final"></status>
   <type>
      <coding>
         <system value="http://loinc.org"></system>
         <code value="34782-3"></code>
         <display value="Infectious disease Note"></display>
      </coding>
   </type>
   <category>
      <coding>
         <system value="https://demis.rki.de/fhir/CodeSystem/notificationType"></system>
         <code value="6.1_2"></code>
         <display value="Meldung gemäß §6 Absatz 1, 2"></display>
      </coding>
   </category>
   <subject>
      <reference value="Patient/28604a9b-2bbe-38e3-9bfc-a7c772a8e0c5"></reference>
   </subject>
   <date value="2022-12-07T01:00:00+01:00"></date>
   <author>
      <reference value="PractitionerRole/e1503440-5f37-3adb-ad9c-2675fd0cd3f5"></reference>
   </author>
   <title value="Meldung gemäß §6 Absatz 1, 2 IfSG"></title>
   <section>
      <title value="Diagnose"></title>
      <code>
         <coding>
            <system value="https://demis.rki.de/fhir/CodeSystem/sectionCode"></system>
            <code value="diagnosis"></code>
            <display value="Diagnose"></display>
         </coding>
      </code>
      <entry>
         <reference value="Condition/5bfe5069-5595-395f-a05c-46b740958f07"></reference>
      </entry>
   </section>
   <section>
      <title value="Meldetatbestandsübergreifende klinische und epidemiologische Angaben"></title>
      <code>
         <coding>
            <system value="https://demis.rki.de/fhir/CodeSystem/sectionCode"></system>
            <code value="generalClinAndEpiInformation"></code>
            <display value="Meldetatbestandsübergreifende klinische und epidemiologische Angaben"></display>
         </coding>
      </code>
      <entry>
         <reference value="QuestionnaireResponse/3dca759e-c889-34e1-8cb0-27ae537f0bad"></reference>
      </entry>
   </section>
   <section>
      <title value="Meldetatbestandsspezifische klinische und epidemiologische Angaben"></title>
      <code>
         <coding>
            <system value="https://demis.rki.de/fhir/CodeSystem/sectionCode"></system>
            <code value="specificClinAndEpiInformation"></code>
            <display value="Meldetatbestandsspezifische klinische und epidemiologische Angaben"></display>
         </coding>
      </code>
      <entry>
         <reference value="QuestionnaireResponse/e69ef9bf-4acf-3db2-a5a0-2a58509e3dc7"></reference>
      </entry>
   </section>
</Composition>