<Condition xmlns="http://hl7.org/fhir">
   <id value="6af07320-bdfa-3e12-b396-fe427fb60168"></id>
   <meta>
      <profile value="https://demis.rki.de/fhir/StructureDefinition/DiseaseTTVD"></profile>
   </meta>
   <verificationStatus>
      <coding>
         <system value="http://terminology.hl7.org/CodeSystem/condition-ver-status"></system>
         <code value="unconfirmed"></code>
      </coding>
   </verificationStatus>
   <code>
      <coding>
         <system value="https://demis.rki.de/fhir/CodeSystem/notificationDiseaseCategory"></system>
         <code value="ttvd"></code>
         <display value="Tollwut, Verdachtsmeldung"></display>
      </coding>
   </code>
   <subject>
      <reference value="Patient/3355d427-ea9b-33aa-88da-f48acd78cd73"></reference>
   </subject>
   <note>
      <text value="-"></text>
   </note>
</Condition>