<Composition xmlns="http://hl7.org/fhir">
   <id value="71c19d66-c389-3bb4-8480-7235e69dbad5"></id>
   <meta>
      <lastUpdated value="2023-03-04T09:50:00.000+01:00"></lastUpdated>
      <profile value="https://demis.rki.de/fhir/StructureDefinition/NotificationDiseaseBPSD"></profile>
   </meta>
   <identifier>
      <system value="https://demis.rki.de/fhir/NamingSystem/NotificationId"></system>
      <value value="5ac97808-598e-49bb-a169-31b2f2c93c11"></value>
   </identifier>
   <status value="final"></status>
   <type>
      <coding>
         <system value="http://loinc.org"></system>
         <code value="34782-3"></code>
         <display value="Infectious disease Note"></display>
      </coding>
   </type>
   <category>
      <coding>
         <system value="https://demis.rki.de/fhir/CodeSystem/notificationType"></system>
         <code value="6.1_2"></code>
         <display value="Meldung gemäß §6 Absatz 1, 2"></display>
      </coding>
   </category>
   <subject>
      <reference value="Patient/7fe61086-24d7-3ffa-9657-65eb23aa7593"></reference>
   </subject>
   <date value="2023-03-04T01:00:00+01:00"></date>
   <author>
      <reference value="PractitionerRole/454af0c9-6d4e-3ab7-8f7c-9aff68abb1b1"></reference>
   </author>
   <title value="Meldung gemäß §6 Absatz 1, 2 IfSG"></title>
   <section>
      <title value="Diagnose"></title>
      <code>
         <coding>
            <system value="https://demis.rki.de/fhir/CodeSystem/sectionCode"></system>
            <code value="diagnosis"></code>
            <display value="Diagnose"></display>
         </coding>
      </code>
      <entry>
         <reference value="Condition/7633f28a-bbb6-304c-b470-2b9b0145136d"></reference>
      </entry>
   </section>
   <section>
      <title value="Meldetatbestandsübergreifende klinische und epidemiologische Angaben"></title>
      <code>
         <coding>
            <system value="https://demis.rki.de/fhir/CodeSystem/sectionCode"></system>
            <code value="generalClinAndEpiInformation"></code>
            <display value="Meldetatbestandsübergreifende klinische und epidemiologische Angaben"></display>
         </coding>
      </code>
      <entry>
         <reference value="QuestionnaireResponse/953cb096-b00b-370c-a85a-9dec938302d4"></reference>
      </entry>
   </section>
   <section>
      <title value="Meldetatbestandsspezifische klinische und epidemiologische Angaben"></title>
      <code>
         <coding>
            <system value="https://demis.rki.de/fhir/CodeSystem/sectionCode"></system>
            <code value="specificClinAndEpiInformation"></code>
            <display value="Meldetatbestandsspezifische klinische und epidemiologische Angaben"></display>
         </coding>
      </code>
      <entry>
         <reference value="QuestionnaireResponse/168bf6df-e76f-3df4-9f6f-319c7d61f334"></reference>
      </entry>
   </section>
</Composition>