<Immunization xmlns="http://hl7.org/fhir">
   <id value="426e037d-c8a1-34ec-949e-56040bfcca8b"></id>
   <meta>
      <profile value="https://demis.rki.de/fhir/StructureDefinition/ImmunizationInformationMPVD"></profile>
   </meta>
   <status value="completed"></status>
   <vaccineCode>
      <coding>
         <system value="http://snomed.info/sct"></system>
         <code value="2241000221103"></code>
         <display value="Masern, Mumps, Röteln- Lebendvirusimpfstoff (Priorix,M-M-RVAXPRO"></display>
      </coding>
   </vaccineCode>
   <patient>
      <reference value="Patient/1df87a06-b3d2-3b64-bb47-a4b178e36469"></reference>
   </patient>
   <occurrenceDateTime value="2002-07-22"></occurrenceDateTime>
   <note>
      <text value="-"></text>
   </note>
</Immunization>