<Condition xmlns="http://hl7.org/fhir">
   <id value="08b2342e-0fe2-3483-b42b-0de9d06b1d93"></id>
   <meta>
      <profile value="https://demis.rki.de/fhir/StructureDefinition/DiseaseHCVD"></profile>
   </meta>
   <verificationStatus>
      <coding>
         <system value="http://terminology.hl7.org/CodeSystem/condition-ver-status"></system>
         <code value="confirmed"></code>
      </coding>
   </verificationStatus>
   <code>
      <coding>
         <system value="https://demis.rki.de/fhir/CodeSystem/notificationDiseaseCategory"></system>
         <code value="hcvd"></code>
         <display value="Hepatitis-C"></display>
      </coding>
   </code>
   <subject>
      <reference value="Patient/cb27ff85-839c-3e45-a7a9-ec62277b9e73"></reference>
   </subject>
   <onsetDateTime value="2023-04-15"></onsetDateTime>
   <recordedDate value="2023-04-15"></recordedDate>
   <evidence>
      <code>
         <coding>
            <system value="http://snomed.info/sct"></system>
            <code value="18165001"></code>
            <display value="Ikterus (Gelbsucht)"></display>
         </coding>
      </code>
   </evidence>
   <evidence>
      <code>
         <coding>
            <system value="http://snomed.info/sct"></system>
            <code value="707724006"></code>
            <display value="Serumtransaminasen, erhöht"></display>
         </coding>
      </code>
   </evidence>
</Condition>