<?xml version="1.0" encoding="utf-8"?>
<ValueSet xmlns="http://hl7.org/fhir">
  <id value="answerSetEHCP" />
  <url value="https://demis.rki.de/fhir/ValueSet/answerSetEHCP" />
  <version value="1.8.0" />
  <name value="AnswerSetEHCP" />
  <title value="AnswerSet für Escherichia coli (enterohämorrhagische Stämme) (EHEC)" />
  <status value="active" />
  <experimental value="false" />
  <date value="2024-09-30" />
  <publisher value="Robert Koch-Institut" />
  <description value="Das ValueSet AnswerSetEHCP enthält die Codes der Answer-Codes für Escherichia coli (enterohämorrhagische Stämme) (EHEC)." />
  <copyright value="This material includes SNOMED Clinical Terms® (SNOMED CT®) which is used by permission of the International Health Terminology Standards Development Organisation (IHTSDO). All rights reserved. SNOMED CT®, was originally created by The College of American Pathologists. “SNOMED” and “SNOMED CT” are registered trademarks of the IHTSDO.&#xD;&#xA;&#xD;&#xA;Dieses Material enthält SNOMED Clinical Terms® (SNOMED CT®), die mit Genehmigung der International Health Terminology Standards Development Organisation (IHTSDO) verwendet werden. Alle Rechte vorbehalten. SNOMED CT® wurde ursprünglich vom College of American Pathologists entwickelt. &quot;SNOMED&quot; und &quot;SNOMED CT&quot; sind eingetragene Warenzeichen der IHTSDO.&#xD;&#xA;&#xD;&#xA;Downloadbedingungen für SNOMED-CT&#xD;&#xA;&#xD;&#xA;Enthält durch SNOMED International urheberrechtlich geschützte Information. Jede Verwendung von SNOMED CT in Deutschland erfordert eine vollgültige Affiliate Lizenz oder eine Sublizenz. Die entsprechende Lizenz ist kostenlos, vorausgesetzt die Verwendung findet nur in Deutschland statt und erfüllt die Bedingungen des Affiliate License Agreements. Affiliate Lizenzen können über das Mitglieder-Lizenzierungs- und Distributions-Service (MLDS) direkt beim jeweiligen NRC beantragt werden. https://mlds.ihtsdotools.org/#/landing/DE?lang=de&#xD;&#xA;&#xD;&#xA;Contains information protected by copyright of SNOMED International. Any use of SNOMED CT in Austria requires a valid affiliate license or sublicense. The corresponding license is free of charge, provided that the use only takes place in Austria and fulfills the conditions of the Affiliate License Agreement. Affiliate licenses can be requested directly from the respective NRC via the Member Licensing and Distribution Service (MLDS). ttps://mlds.ihtsdotools.org/#/landing/DE?lang=de" />
  <compose>
    <include>
      <system value="http://snomed.info/sct" />
      <version value="http://snomed.info/sct/11000274103/version/20240515" />
      <concept>
        <extension url="http://hl7.org/fhir/StructureDefinition/valueset-conceptOrder">
          <valueInteger value="1" />
        </extension>
        <code value="103429008" />
        <display value="Enterohemorrhagic Escherichia coli, serotype O157:H7 (organism)" />
        <designation>
          <language value="en-US" />
          <use>
            <system value="http://snomed.info/sct" />
            <code value="900000000000003001" />
          </use>
          <value value="Enterohemorrhagic Escherichia coli, serotype O157:H7 (organism)" />
        </designation>
        <designation>
          <language value="de-DE" />
          <value value="Enterohämorrhagische Escherichia coli, Serotyp O157:H7" />
        </designation>
      </concept>
      <concept>
        <extension url="http://hl7.org/fhir/StructureDefinition/valueset-conceptOrder">
          <valueInteger value="1" />
        </extension>
        <code value="116395006" />
        <display value="Enterohemorrhagic Escherichia coli (organism)" />
        <designation>
          <language value="en-US" />
          <use>
            <system value="http://snomed.info/sct" />
            <code value="900000000000003001" />
          </use>
          <value value="Enterohemorrhagic Escherichia coli (organism)" />
        </designation>
        <designation>
          <language value="de-DE" />
          <value value="Enterohämorrhagische Escherichia coli" />
        </designation>
      </concept>
      <concept>
        <extension url="http://hl7.org/fhir/StructureDefinition/valueset-conceptOrder">
          <valueInteger value="0" />
        </extension>
        <code value="124994003" />
        <display value="Enterohemorrhagic Escherichia coli, serotype O157:non-motile (organism)" />
        <designation>
          <language value="en-US" />
          <use>
            <system value="http://snomed.info/sct" />
            <code value="900000000000003001" />
          </use>
          <value value="Enterohemorrhagic Escherichia coli, serotype O157:non-motile (organism)" />
        </designation>
        <designation>
          <language value="de-DE" />
          <value value="Enterohämorrhagische Escherichia coli, Serotyp O157:nicht-motile" />
        </designation>
      </concept>
      <concept>
        <extension url="http://hl7.org/fhir/StructureDefinition/valueset-conceptOrder">
          <valueInteger value="0" />
        </extension>
        <code value="407159005" />
        <display value="Enterohemorrhagic Escherichia coli, serotype O111:nonmotile (organism)" />
        <designation>
          <language value="en-US" />
          <use>
            <system value="http://snomed.info/sct" />
            <code value="900000000000003001" />
          </use>
          <value value="Enterohemorrhagic Escherichia coli, serotype O111:nonmotile (organism)" />
        </designation>
        <designation>
          <language value="de-DE" />
          <value value="Enterohämorrhagische Escherichia coli, Serotyp O111:nicht-motil" />
        </designation>
      </concept>
      <concept>
        <extension url="http://hl7.org/fhir/StructureDefinition/valueset-conceptOrder">
          <valueInteger value="0" />
        </extension>
        <code value="407160000" />
        <display value="Enterohemorrhagic Escherichia coli, serotype O111:H2 (organism)" />
        <designation>
          <language value="en-US" />
          <use>
            <system value="http://snomed.info/sct" />
            <code value="900000000000003001" />
          </use>
          <value value="Enterohemorrhagic Escherichia coli, serotype O111:H2 (organism)" />
        </designation>
        <designation>
          <language value="de-DE" />
          <value value="Enterohämorrhagische Escherichia coli, Serotyp O111:H2" />
        </designation>
      </concept>
      <concept>
        <extension url="http://hl7.org/fhir/StructureDefinition/valueset-conceptOrder">
          <valueInteger value="0" />
        </extension>
        <code value="407199008" />
        <display value="Enterohemorrhagic Escherichia coli, serotype O55:H7 (organism)" />
        <designation>
          <language value="en-US" />
          <use>
            <system value="http://snomed.info/sct" />
            <code value="900000000000003001" />
          </use>
          <value value="Enterohemorrhagic Escherichia coli, serotype O55:H7 (organism)" />
        </designation>
        <designation>
          <language value="de-DE" />
          <value value="Enterohämorrhagische Escherichia coli, Serotyp O55:H7" />
        </designation>
      </concept>
      <concept>
        <extension url="http://hl7.org/fhir/StructureDefinition/valueset-conceptOrder">
          <valueInteger value="0" />
        </extension>
        <code value="407222004" />
        <display value="Enterohemorrhagic Escherichia coli, serotype O128:H2 (organism)" />
        <designation>
          <language value="en-US" />
          <use>
            <system value="http://snomed.info/sct" />
            <code value="900000000000003001" />
          </use>
          <value value="Enterohemorrhagic Escherichia coli, serotype O128:H2 (organism)" />
        </designation>
        <designation>
          <language value="de-DE" />
          <value value="Enterohämorrhagische Escherichia coli, Serotyp O128:H2" />
        </designation>
      </concept>
      <concept>
        <extension url="http://hl7.org/fhir/StructureDefinition/valueset-conceptOrder">
          <valueInteger value="0" />
        </extension>
        <code value="407251000" />
        <display value="Enterohemorrhagic Escherichia coli, serotype O1:nonmotile (organism)" />
        <designation>
          <language value="en-US" />
          <use>
            <system value="http://snomed.info/sct" />
            <code value="900000000000003001" />
          </use>
          <value value="Enterohemorrhagic Escherichia coli, serotype O1:nonmotile (organism)" />
        </designation>
        <designation>
          <language value="de-DE" />
          <value value="Enterohämorrhagische Escherichia coli, Serotyp O1:nicht-motil" />
        </designation>
      </concept>
      <concept>
        <extension url="http://hl7.org/fhir/StructureDefinition/valueset-conceptOrder">
          <valueInteger value="0" />
        </extension>
        <code value="407253002" />
        <display value="Enterohemorrhagic Escherichia coli, serotype O2:H6 (organism)" />
        <designation>
          <language value="en-US" />
          <use>
            <system value="http://snomed.info/sct" />
            <code value="900000000000003001" />
          </use>
          <value value="Enterohemorrhagic Escherichia coli, serotype O2:H6 (organism)" />
        </designation>
        <designation>
          <language value="de-DE" />
          <value value="Enterohämorrhagische Escherichia coli, Serotyp O2:H6" />
        </designation>
      </concept>
      <concept>
        <extension url="http://hl7.org/fhir/StructureDefinition/valueset-conceptOrder">
          <valueInteger value="0" />
        </extension>
        <code value="407254008" />
        <display value="Enterohemorrhagic Escherichia coli, serotype O2:H7 (organism)" />
        <designation>
          <language value="en-US" />
          <use>
            <system value="http://snomed.info/sct" />
            <code value="900000000000003001" />
          </use>
          <value value="Enterohemorrhagic Escherichia coli, serotype O2:H7 (organism)" />
        </designation>
        <designation>
          <language value="de-DE" />
          <value value="Enterohämorrhagische Escherichia coli, Serotyp O2:H7" />
        </designation>
      </concept>
      <concept>
        <extension url="http://hl7.org/fhir/StructureDefinition/valueset-conceptOrder">
          <valueInteger value="0" />
        </extension>
        <code value="407256005" />
        <display value="Enterohemorrhagic Escherichia coli, serotype O5:nonmotile (organism)" />
        <designation>
          <language value="en-US" />
          <use>
            <system value="http://snomed.info/sct" />
            <code value="900000000000003001" />
          </use>
          <value value="Enterohemorrhagic Escherichia coli, serotype O5:nonmotile (organism)" />
        </designation>
        <designation>
          <language value="de-DE" />
          <value value="Enterohämorrhagische Escherichia coli, Serotyp O5:nicht-motil" />
        </designation>
      </concept>
      <concept>
        <extension url="http://hl7.org/fhir/StructureDefinition/valueset-conceptOrder">
          <valueInteger value="0" />
        </extension>
        <code value="407258006" />
        <display value="Enterohemorrhagic Escherichia coli, serotype O9:nonmotile (organism)" />
        <designation>
          <language value="en-US" />
          <use>
            <system value="http://snomed.info/sct" />
            <code value="900000000000003001" />
          </use>
          <value value="Enterohemorrhagic Escherichia coli, serotype O9:nonmotile (organism)" />
        </designation>
        <designation>
          <language value="de-DE" />
          <value value="Enterohämorrhagische Escherichia coli, Serotyp O9:nicht-motil" />
        </designation>
      </concept>
      <concept>
        <extension url="http://hl7.org/fhir/StructureDefinition/valueset-conceptOrder">
          <valueInteger value="0" />
        </extension>
        <code value="407260008" />
        <display value="Enterohemorrhagic Escherichia coli, serotype O14:nonmotile (organism)" />
        <designation>
          <language value="en-US" />
          <use>
            <system value="http://snomed.info/sct" />
            <code value="900000000000003001" />
          </use>
          <value value="Enterohemorrhagic Escherichia coli, serotype O14:nonmotile (organism)" />
        </designation>
        <designation>
          <language value="de-DE" />
          <value value="Enterohämorrhagische Escherichia coli, Serotyp O14:nicht-motil" />
        </designation>
      </concept>
      <concept>
        <extension url="http://hl7.org/fhir/StructureDefinition/valueset-conceptOrder">
          <valueInteger value="0" />
        </extension>
        <code value="407262000" />
        <display value="Enterohemorrhagic Escherichia coli, serotype O22:H5 (organism)" />
        <designation>
          <language value="en-US" />
          <use>
            <system value="http://snomed.info/sct" />
            <code value="900000000000003001" />
          </use>
          <value value="Enterohemorrhagic Escherichia coli, serotype O22:H5 (organism)" />
        </designation>
        <designation>
          <language value="de-DE" />
          <value value="Enterohämorrhagische Escherichia coli, Serotyp O22:H5" />
        </designation>
      </concept>
      <concept>
        <extension url="http://hl7.org/fhir/StructureDefinition/valueset-conceptOrder">
          <valueInteger value="0" />
        </extension>
        <code value="407263005" />
        <display value="Enterohemorrhagic Escherichia coli, serotype O22:H8 (organism)" />
        <designation>
          <language value="en-US" />
          <use>
            <system value="http://snomed.info/sct" />
            <code value="900000000000003001" />
          </use>
          <value value="Enterohemorrhagic Escherichia coli, serotype O22:H8 (organism)" />
        </designation>
        <designation>
          <language value="de-DE" />
          <value value="Enterohämorrhagische Escherichia coli, Serotyp O22:H8" />
        </designation>
      </concept>
      <concept>
        <extension url="http://hl7.org/fhir/StructureDefinition/valueset-conceptOrder">
          <valueInteger value="0" />
        </extension>
        <code value="407264004" />
        <display value="Enterohemorrhagic Escherichia coli, serotype O26:nonmotile (organism)" />
        <designation>
          <language value="en-US" />
          <use>
            <system value="http://snomed.info/sct" />
            <code value="900000000000003001" />
          </use>
          <value value="Enterohemorrhagic Escherichia coli, serotype O26:nonmotile (organism)" />
        </designation>
        <designation>
          <language value="de-DE" />
          <value value="Enterohämorrhagische Escherichia coli, Serotyp O26:nicht-motil" />
        </designation>
      </concept>
      <concept>
        <extension url="http://hl7.org/fhir/StructureDefinition/valueset-conceptOrder">
          <valueInteger value="0" />
        </extension>
        <code value="407265003" />
        <display value="Enterohemorrhagic Escherichia coli, serotype O26:H11 (organism)" />
        <designation>
          <language value="en-US" />
          <use>
            <system value="http://snomed.info/sct" />
            <code value="900000000000003001" />
          </use>
          <value value="Enterohemorrhagic Escherichia coli, serotype O26:H11 (organism)" />
        </designation>
        <designation>
          <language value="de-DE" />
          <value value="Enterohämorrhagische Escherichia coli, Serotyp O26:H11" />
        </designation>
      </concept>
      <concept>
        <extension url="http://hl7.org/fhir/StructureDefinition/valueset-conceptOrder">
          <valueInteger value="0" />
        </extension>
        <code value="407267006" />
        <display value="Enterohemorrhagic Escherichia coli, serotype O45:H2 (organism)" />
        <designation>
          <language value="en-US" />
          <use>
            <system value="http://snomed.info/sct" />
            <code value="900000000000003001" />
          </use>
          <value value="Enterohemorrhagic Escherichia coli, serotype O45:H2 (organism)" />
        </designation>
        <designation>
          <language value="de-DE" />
          <value value="Enterohämorrhagische Escherichia coli, Serotyp O45:H2" />
        </designation>
      </concept>
      <concept>
        <extension url="http://hl7.org/fhir/StructureDefinition/valueset-conceptOrder">
          <valueInteger value="0" />
        </extension>
        <code value="407269009" />
        <display value="Enterohemorrhagic Escherichia coli, serotype O48:H21 (organism)" />
        <designation>
          <language value="en-US" />
          <use>
            <system value="http://snomed.info/sct" />
            <code value="900000000000003001" />
          </use>
          <value value="Enterohemorrhagic Escherichia coli, serotype O48:H21 (organism)" />
        </designation>
        <designation>
          <language value="de-DE" />
          <value value="Enterohämorrhagische Escherichia coli, Serotyp O48:H21" />
        </designation>
      </concept>
      <concept>
        <extension url="http://hl7.org/fhir/StructureDefinition/valueset-conceptOrder">
          <valueInteger value="0" />
        </extension>
        <code value="407271009" />
        <display value="Enterohemorrhagic Escherichia coli, serotype O50:H7 (organism)" />
        <designation>
          <language value="en-US" />
          <use>
            <system value="http://snomed.info/sct" />
            <code value="900000000000003001" />
          </use>
          <value value="Enterohemorrhagic Escherichia coli, serotype O50:H7 (organism)" />
        </designation>
        <designation>
          <language value="de-DE" />
          <value value="Enterohämorrhagische Escherichia coli, Serotyp O50:H7" />
        </designation>
      </concept>
      <concept>
        <extension url="http://hl7.org/fhir/StructureDefinition/valueset-conceptOrder">
          <valueInteger value="0" />
        </extension>
        <code value="407273007" />
        <display value="Enterohemorrhagic Escherichia coli, serotype O79:H7 (organism)" />
        <designation>
          <language value="en-US" />
          <use>
            <system value="http://snomed.info/sct" />
            <code value="900000000000003001" />
          </use>
          <value value="Enterohemorrhagic Escherichia coli, serotype O79:H7 (organism)" />
        </designation>
        <designation>
          <language value="de-DE" />
          <value value="Enterohämorrhagische Escherichia coli, Serotyp O79:H7" />
        </designation>
      </concept>
      <concept>
        <extension url="http://hl7.org/fhir/StructureDefinition/valueset-conceptOrder">
          <valueInteger value="0" />
        </extension>
        <code value="407275000" />
        <display value="Enterohemorrhagic Escherichia coli, serotype O83:H1 (organism)" />
        <designation>
          <language value="en-US" />
          <use>
            <system value="http://snomed.info/sct" />
            <code value="900000000000003001" />
          </use>
          <value value="Enterohemorrhagic Escherichia coli, serotype O83:H1 (organism)" />
        </designation>
        <designation>
          <language value="de-DE" />
          <value value="Enterohämorrhagische Escherichia coli, Serotyp O83:H1" />
        </designation>
      </concept>
      <concept>
        <extension url="http://hl7.org/fhir/StructureDefinition/valueset-conceptOrder">
          <valueInteger value="0" />
        </extension>
        <code value="407277008" />
        <display value="Enterohemorrhagic Escherichia coli, serotype O91:nonmotile (organism)" />
        <designation>
          <language value="en-US" />
          <use>
            <system value="http://snomed.info/sct" />
            <code value="900000000000003001" />
          </use>
          <value value="Enterohemorrhagic Escherichia coli, serotype O91:nonmotile (organism)" />
        </designation>
        <designation>
          <language value="de-DE" />
          <value value="Enterohämorrhagische Escherichia coli, Serotyp O91:nicht-motil" />
        </designation>
      </concept>
      <concept>
        <extension url="http://hl7.org/fhir/StructureDefinition/valueset-conceptOrder">
          <valueInteger value="0" />
        </extension>
        <code value="407278003" />
        <display value="Enterohemorrhagic Escherichia coli, serotype O91:H10 (organism)" />
        <designation>
          <language value="en-US" />
          <use>
            <system value="http://snomed.info/sct" />
            <code value="900000000000003001" />
          </use>
          <value value="Enterohemorrhagic Escherichia coli, serotype O91:H10 (organism)" />
        </designation>
        <designation>
          <language value="de-DE" />
          <value value="Enterohämorrhagische Escherichia coli, Serotyp O91:H10" />
        </designation>
      </concept>
      <concept>
        <extension url="http://hl7.org/fhir/StructureDefinition/valueset-conceptOrder">
          <valueInteger value="0" />
        </extension>
        <code value="407279006" />
        <display value="Enterohemorrhagic Escherichia coli, serotype O91:H21 (organism)" />
        <designation>
          <language value="en-US" />
          <use>
            <system value="http://snomed.info/sct" />
            <code value="900000000000003001" />
          </use>
          <value value="Enterohemorrhagic Escherichia coli, serotype O91:H21 (organism)" />
        </designation>
        <designation>
          <language value="de-DE" />
          <value value="Enterohämorrhagische Escherichia coli, Serotyp O91:H21" />
        </designation>
      </concept>
      <concept>
        <extension url="http://hl7.org/fhir/StructureDefinition/valueset-conceptOrder">
          <valueInteger value="0" />
        </extension>
        <code value="407281008" />
        <display value="Enterohemorrhagic Escherichia coli, serotype O103:H2 (organism)" />
        <designation>
          <language value="en-US" />
          <use>
            <system value="http://snomed.info/sct" />
            <code value="900000000000003001" />
          </use>
          <value value="Enterohemorrhagic Escherichia coli, serotype O103:H2 (organism)" />
        </designation>
        <designation>
          <language value="de-DE" />
          <value value="Enterohämorrhagische Escherichia coli, Serotyp O103:H2" />
        </designation>
      </concept>
      <concept>
        <extension url="http://hl7.org/fhir/StructureDefinition/valueset-conceptOrder">
          <valueInteger value="0" />
        </extension>
        <code value="407283006" />
        <display value="Enterohemorrhagic Escherichia coli, serotype O104:nonmotile (organism)" />
        <designation>
          <language value="en-US" />
          <use>
            <system value="http://snomed.info/sct" />
            <code value="900000000000003001" />
          </use>
          <value value="Enterohemorrhagic Escherichia coli, serotype O104:nonmotile (organism)" />
        </designation>
        <designation>
          <language value="de-DE" />
          <value value="Enterohämorrhagische Escherichia coli, Serotyp O104:nicht-motil" />
        </designation>
      </concept>
      <concept>
        <extension url="http://hl7.org/fhir/StructureDefinition/valueset-conceptOrder">
          <valueInteger value="0" />
        </extension>
        <code value="407284000" />
        <display value="Enterohemorrhagic Escherichia coli, serotype O104:H21 (organism)" />
        <designation>
          <language value="en-US" />
          <use>
            <system value="http://snomed.info/sct" />
            <code value="900000000000003001" />
          </use>
          <value value="Enterohemorrhagic Escherichia coli, serotype O104:H21 (organism)" />
        </designation>
        <designation>
          <language value="de-DE" />
          <value value="Enterohämorrhagische Escherichia coli, Serotyp O104:H21" />
        </designation>
      </concept>
      <concept>
        <extension url="http://hl7.org/fhir/StructureDefinition/valueset-conceptOrder">
          <valueInteger value="0" />
        </extension>
        <code value="407285004" />
        <display value="Enterohemorrhagic Escherichia coli, serotype O111:H8 (organism)" />
        <designation>
          <language value="en-US" />
          <use>
            <system value="http://snomed.info/sct" />
            <code value="900000000000003001" />
          </use>
          <value value="Enterohemorrhagic Escherichia coli, serotype O111:H8 (organism)" />
        </designation>
        <designation>
          <language value="de-DE" />
          <value value="Enterohämorrhagische Escherichia coli, Serotyp O111:H8" />
        </designation>
      </concept>
      <concept>
        <extension url="http://hl7.org/fhir/StructureDefinition/valueset-conceptOrder">
          <valueInteger value="0" />
        </extension>
        <code value="407287007" />
        <display value="Enterohemorrhagic Escherichia coli, serotype O113:H21 (organism)" />
        <designation>
          <language value="en-US" />
          <use>
            <system value="http://snomed.info/sct" />
            <code value="900000000000003001" />
          </use>
          <value value="Enterohemorrhagic Escherichia coli, serotype O113:H21 (organism)" />
        </designation>
        <designation>
          <language value="de-DE" />
          <value value="Enterohämorrhagische Escherichia coli, Serotyp O113:H21" />
        </designation>
      </concept>
      <concept>
        <extension url="http://hl7.org/fhir/StructureDefinition/valueset-conceptOrder">
          <valueInteger value="0" />
        </extension>
        <code value="407289005" />
        <display value="Enterohemorrhagic Escherichia coli, serotype O118:H2 (organism)" />
        <designation>
          <language value="en-US" />
          <use>
            <system value="http://snomed.info/sct" />
            <code value="900000000000003001" />
          </use>
          <value value="Enterohemorrhagic Escherichia coli, serotype O118:H2 (organism)" />
        </designation>
        <designation>
          <language value="de-DE" />
          <value value="Enterohämorrhagische Escherichia coli, Serotyp O118:H2" />
        </designation>
      </concept>
      <concept>
        <extension url="http://hl7.org/fhir/StructureDefinition/valueset-conceptOrder">
          <valueInteger value="0" />
        </extension>
        <code value="407290001" />
        <display value="Enterohemorrhagic Escherichia coli, serotype O118:H12 (organism)" />
        <designation>
          <language value="en-US" />
          <use>
            <system value="http://snomed.info/sct" />
            <code value="900000000000003001" />
          </use>
          <value value="Enterohemorrhagic Escherichia coli, serotype O118:H12 (organism)" />
        </designation>
        <designation>
          <language value="de-DE" />
          <value value="Enterohämorrhagische Escherichia coli, Serotyp O118:H12" />
        </designation>
      </concept>
      <concept>
        <extension url="http://hl7.org/fhir/StructureDefinition/valueset-conceptOrder">
          <valueInteger value="0" />
        </extension>
        <code value="407291002" />
        <display value="Enterohemorrhagic Escherichia coli, serotype O118:H16 (organism)" />
        <designation>
          <language value="en-US" />
          <use>
            <system value="http://snomed.info/sct" />
            <code value="900000000000003001" />
          </use>
          <value value="Enterohemorrhagic Escherichia coli, serotype O118:H16 (organism)" />
        </designation>
        <designation>
          <language value="de-DE" />
          <value value="Enterohämorrhagische Escherichia coli, Serotyp O118:H16" />
        </designation>
      </concept>
      <concept>
        <extension url="http://hl7.org/fhir/StructureDefinition/valueset-conceptOrder">
          <valueInteger value="0" />
        </extension>
        <code value="407293004" />
        <display value="Enterohemorrhagic Escherichia coli, serotype O121:H19 (organism)" />
        <designation>
          <language value="en-US" />
          <use>
            <system value="http://snomed.info/sct" />
            <code value="900000000000003001" />
          </use>
          <value value="Enterohemorrhagic Escherichia coli, serotype O121:H19 (organism)" />
        </designation>
        <designation>
          <language value="de-DE" />
          <value value="Enterohämorrhagische Escherichia coli, Serotyp O121:H19" />
        </designation>
      </concept>
      <concept>
        <extension url="http://hl7.org/fhir/StructureDefinition/valueset-conceptOrder">
          <valueInteger value="0" />
        </extension>
        <code value="407294005" />
        <display value="Enterohemorrhagic Escherichia coli, serotype O128:nonmotile (organism)" />
        <designation>
          <language value="en-US" />
          <use>
            <system value="http://snomed.info/sct" />
            <code value="900000000000003001" />
          </use>
          <value value="Enterohemorrhagic Escherichia coli, serotype O128:nonmotile (organism)" />
        </designation>
        <designation>
          <language value="de-DE" />
          <value value="Enterohämorrhagische Escherichia coli, Serotyp O128:nicht-motil" />
        </designation>
      </concept>
      <concept>
        <extension url="http://hl7.org/fhir/StructureDefinition/valueset-conceptOrder">
          <valueInteger value="0" />
        </extension>
        <code value="407295006" />
        <display value="Enterohemorrhagic Escherichia coli, serotype O128:H45 (organism)" />
        <designation>
          <language value="en-US" />
          <use>
            <system value="http://snomed.info/sct" />
            <code value="900000000000003001" />
          </use>
          <value value="Enterohemorrhagic Escherichia coli, serotype O128:H45 (organism)" />
        </designation>
        <designation>
          <language value="de-DE" />
          <value value="Enterohämorrhagische Escherichia coli, Serotyp O128:H45" />
        </designation>
      </concept>
      <concept>
        <extension url="http://hl7.org/fhir/StructureDefinition/valueset-conceptOrder">
          <valueInteger value="0" />
        </extension>
        <code value="407297003" />
        <display value="Enterohemorrhagic Escherichia coli, serotype O137:H41 (organism)" />
        <designation>
          <language value="en-US" />
          <use>
            <system value="http://snomed.info/sct" />
            <code value="900000000000003001" />
          </use>
          <value value="Enterohemorrhagic Escherichia coli, serotype O137:H41 (organism)" />
        </designation>
        <designation>
          <language value="de-DE" />
          <value value="Enterohämorrhagische Escherichia coli, Serotyp O137:H41" />
        </designation>
      </concept>
      <concept>
        <extension url="http://hl7.org/fhir/StructureDefinition/valueset-conceptOrder">
          <valueInteger value="0" />
        </extension>
        <code value="407299000" />
        <display value="Enterohemorrhagic Escherichia coli, serotype O145:nonmotile (organism)" />
        <designation>
          <language value="en-US" />
          <use>
            <system value="http://snomed.info/sct" />
            <code value="900000000000003001" />
          </use>
          <value value="Enterohemorrhagic Escherichia coli, serotype O145:nonmotile (organism)" />
        </designation>
        <designation>
          <language value="de-DE" />
          <value value="Enterohämorrhagische Escherichia coli, Serotyp O145:nicht-motil" />
        </designation>
      </concept>
      <concept>
        <extension url="http://hl7.org/fhir/StructureDefinition/valueset-conceptOrder">
          <valueInteger value="0" />
        </extension>
        <code value="407300008" />
        <display value="Enterohemorrhagic Escherichia coli, serotype O153:H2 (organism)" />
        <designation>
          <language value="en-US" />
          <use>
            <system value="http://snomed.info/sct" />
            <code value="900000000000003001" />
          </use>
          <value value="Enterohemorrhagic Escherichia coli, serotype O153:H2 (organism)" />
        </designation>
        <designation>
          <language value="de-DE" />
          <value value="Enterohämorrhagische Escherichia coli, Serotyp O153:H2" />
        </designation>
      </concept>
      <concept>
        <extension url="http://hl7.org/fhir/StructureDefinition/valueset-conceptOrder">
          <valueInteger value="0" />
        </extension>
        <code value="407301007" />
        <display value="Enterohemorrhagic Escherichia coli, serotype O153:H25 (organism)" />
        <designation>
          <language value="en-US" />
          <use>
            <system value="http://snomed.info/sct" />
            <code value="900000000000003001" />
          </use>
          <value value="Enterohemorrhagic Escherichia coli, serotype O153:H25 (organism)" />
        </designation>
        <designation>
          <language value="de-DE" />
          <value value="Enterohämorrhagische Escherichia coli, Serotyp O153:H25" />
        </designation>
      </concept>
      <concept>
        <extension url="http://hl7.org/fhir/StructureDefinition/valueset-conceptOrder">
          <valueInteger value="0" />
        </extension>
        <code value="407303005" />
        <display value="Enterohemorrhagic Escherichia coli, serotype O163:H19 (organism)" />
        <designation>
          <language value="en-US" />
          <use>
            <system value="http://snomed.info/sct" />
            <code value="900000000000003001" />
          </use>
          <value value="Enterohemorrhagic Escherichia coli, serotype O163:H19 (organism)" />
        </designation>
        <designation>
          <language value="de-DE" />
          <value value="Enterohämorrhagische Escherichia coli, Serotyp O163:H19" />
        </designation>
      </concept>
      <concept>
        <extension url="http://hl7.org/fhir/StructureDefinition/valueset-conceptOrder">
          <valueInteger value="0" />
        </extension>
        <code value="407305003" />
        <display value="Enterohemorrhagic Escherichia coli, serotype O165:nonmotile (organism)" />
        <designation>
          <language value="en-US" />
          <use>
            <system value="http://snomed.info/sct" />
            <code value="900000000000003001" />
          </use>
          <value value="Enterohemorrhagic Escherichia coli, serotype O165:nonmotile (organism)" />
        </designation>
        <designation>
          <language value="de-DE" />
          <value value="Enterohämorrhagische Escherichia coli, Serotyp O165:nicht-motil" />
        </designation>
      </concept>
      <concept>
        <extension url="http://hl7.org/fhir/StructureDefinition/valueset-conceptOrder">
          <valueInteger value="0" />
        </extension>
        <code value="407306002" />
        <display value="Enterohemorrhagic Escherichia coli, serotype O165:H25 (organism)" />
        <designation>
          <language value="en-US" />
          <use>
            <system value="http://snomed.info/sct" />
            <code value="900000000000003001" />
          </use>
          <value value="Enterohemorrhagic Escherichia coli, serotype O165:H25 (organism)" />
        </designation>
        <designation>
          <language value="de-DE" />
          <value value="Enterohämorrhagische Escherichia coli, Serotyp O165:H25" />
        </designation>
      </concept>
      <concept>
        <extension url="http://hl7.org/fhir/StructureDefinition/valueset-conceptOrder">
          <valueInteger value="0" />
        </extension>
        <code value="407308001" />
        <display value="Enterohemorrhagic Escherichia coli, serotype O172:nonmotile (organism)" />
        <designation>
          <language value="en-US" />
          <use>
            <system value="http://snomed.info/sct" />
            <code value="900000000000003001" />
          </use>
          <value value="Enterohemorrhagic Escherichia coli, serotype O172:nonmotile (organism)" />
        </designation>
        <designation>
          <language value="de-DE" />
          <value value="Enterohämorrhagische Escherichia coli, Serotyp O172:nicht-motil" />
        </designation>
      </concept>
      <concept>
        <extension url="http://hl7.org/fhir/StructureDefinition/valueset-conceptOrder">
          <valueInteger value="0" />
        </extension>
        <code value="407310004" />
        <display value="Enterohemorrhagic Escherichia coli, serotype O rough:H9 (organism)" />
        <designation>
          <language value="en-US" />
          <use>
            <system value="http://snomed.info/sct" />
            <code value="900000000000003001" />
          </use>
          <value value="Enterohemorrhagic Escherichia coli, serotype O rough:H9 (organism)" />
        </designation>
        <designation>
          <language value="de-DE" />
          <value value="Enterohämorrhagische Escherichia coli, Serotyp O rau:H9" />
        </designation>
      </concept>
      <concept>
        <extension url="http://hl7.org/fhir/StructureDefinition/valueset-conceptOrder">
          <valueInteger value="0" />
        </extension>
        <code value="733595003" />
        <display value="Enterohemorrhagic Escherichia coli serogroup O:nonmotile (organism)" />
        <designation>
          <language value="en-US" />
          <use>
            <system value="http://snomed.info/sct" />
            <code value="900000000000003001" />
          </use>
          <value value="Enterohemorrhagic Escherichia coli serogroup O:nonmotile (organism)" />
        </designation>
        <designation>
          <language value="de-DE" />
          <value value="Enterohämorrhagische Escherichia coli, Serogruppe O:nicht-motil" />
        </designation>
      </concept>
      <concept>
        <extension url="http://hl7.org/fhir/StructureDefinition/valueset-conceptOrder">
          <valueInteger value="1" />
        </extension>
        <code value="735270003" />
        <display value="Enterohemorrhagic Escherichia coli not O157:H7 (organism)" />
        <designation>
          <language value="en-US" />
          <use>
            <system value="http://snomed.info/sct" />
            <code value="900000000000003001" />
          </use>
          <value value="Enterohemorrhagic Escherichia coli not O157:H7 (organism)" />
        </designation>
        <designation>
          <language value="de-DE" />
          <value value="Enterohämorrhagische Escherichia coli, nicht O157:H7" />
        </designation>
      </concept>
      <concept>
        <extension url="http://hl7.org/fhir/StructureDefinition/valueset-conceptOrder">
          <valueInteger value="0" />
        </extension>
        <code value="773751004" />
        <display value="Shiga toxin-producing Escherichia coli serotype O123:H2 (organism)" />
        <designation>
          <language value="en-US" />
          <use>
            <system value="http://snomed.info/sct" />
            <code value="900000000000003001" />
          </use>
          <value value="Shiga toxin-producing Escherichia coli serotype O123:H2 (organism)" />
        </designation>
        <designation>
          <language value="de-DE" />
          <value value="Shiga-Toxin-produzierende Escherichia coli, Serotyp O123:H2" />
        </designation>
      </concept>
      <concept>
        <extension url="http://hl7.org/fhir/StructureDefinition/valueset-conceptOrder">
          <valueInteger value="0" />
        </extension>
        <code value="782292008" />
        <display value="Shiga toxin-producing Escherichia coli serotype O137:H6 (organism)" />
        <designation>
          <language value="en-US" />
          <use>
            <system value="http://snomed.info/sct" />
            <code value="900000000000003001" />
          </use>
          <value value="Shiga toxin-producing Escherichia coli serotype O137:H6 (organism)" />
        </designation>
        <designation>
          <language value="de-DE" />
          <value value="Shiga-Toxin-produzierende Escherichia coli, Serotyp O137:H6" />
        </designation>
      </concept>
      <concept>
        <extension url="http://hl7.org/fhir/StructureDefinition/valueset-conceptOrder">
          <valueInteger value="0" />
        </extension>
        <code value="782293003" />
        <display value="Shiga toxin-producing Escherichia coli serotype O141:H49 (organism)" />
        <designation>
          <language value="en-US" />
          <use>
            <system value="http://snomed.info/sct" />
            <code value="900000000000003001" />
          </use>
          <value value="Shiga toxin-producing Escherichia coli serotype O141:H49 (organism)" />
        </designation>
        <designation>
          <language value="de-DE" />
          <value value="Shiga-Toxin-produzierende Escherichia coli, Serotyp O141:H49" />
        </designation>
      </concept>
      <concept>
        <extension url="http://hl7.org/fhir/StructureDefinition/valueset-conceptOrder">
          <valueInteger value="0" />
        </extension>
        <code value="782294009" />
        <display value="Shiga toxin-producing Escherichia coli serotype O146:H21 (organism)" />
        <designation>
          <language value="en-US" />
          <use>
            <system value="http://snomed.info/sct" />
            <code value="900000000000003001" />
          </use>
          <value value="Shiga toxin-producing Escherichia coli serotype O146:H21 (organism)" />
        </designation>
        <designation>
          <language value="de-DE" />
          <value value="Shiga-Toxin-produzierende Escherichia coli, Serotyp O146:H21" />
        </designation>
      </concept>
      <concept>
        <extension url="http://hl7.org/fhir/StructureDefinition/valueset-conceptOrder">
          <valueInteger value="0" />
        </extension>
        <code value="782297002" />
        <display value="Shiga toxin-producing Escherichia coli serotype O149:H49 (organism)" />
        <designation>
          <language value="en-US" />
          <use>
            <system value="http://snomed.info/sct" />
            <code value="900000000000003001" />
          </use>
          <value value="Shiga toxin-producing Escherichia coli serotype O149:H49 (organism)" />
        </designation>
        <designation>
          <language value="de-DE" />
          <value value="Shiga-Toxin-produzierende Escherichia coli, Serotyp O149:H49" />
        </designation>
      </concept>
      <concept>
        <extension url="http://hl7.org/fhir/StructureDefinition/valueset-conceptOrder">
          <valueInteger value="0" />
        </extension>
        <code value="782298007" />
        <display value="Shiga toxin-producing Escherichia coli serotype O151:H2 (organism)" />
        <designation>
          <language value="en-US" />
          <use>
            <system value="http://snomed.info/sct" />
            <code value="900000000000003001" />
          </use>
          <value value="Shiga toxin-producing Escherichia coli serotype O151:H2 (organism)" />
        </designation>
        <designation>
          <language value="de-DE" />
          <value value="Shiga-Toxin-produzierende Escherichia coli, Serotyp O151:H2" />
        </designation>
      </concept>
      <concept>
        <extension url="http://hl7.org/fhir/StructureDefinition/valueset-conceptOrder">
          <valueInteger value="0" />
        </extension>
        <code value="782299004" />
        <display value="Shiga toxin-producing Escherichia coli serotype O169:H11 (organism)" />
        <designation>
          <language value="en-US" />
          <use>
            <system value="http://snomed.info/sct" />
            <code value="900000000000003001" />
          </use>
          <value value="Shiga toxin-producing Escherichia coli serotype O169:H11 (organism)" />
        </designation>
        <designation>
          <language value="de-DE" />
          <value value="Shiga-Toxin-produzierende Escherichia coli, Serotyp O169:H11" />
        </designation>
      </concept>
      <concept>
        <extension url="http://hl7.org/fhir/StructureDefinition/valueset-conceptOrder">
          <valueInteger value="0" />
        </extension>
        <code value="782300007" />
        <display value="Shiga toxin-producing Escherichia coli serotype O174:H2 (organism)" />
        <designation>
          <language value="en-US" />
          <use>
            <system value="http://snomed.info/sct" />
            <code value="900000000000003001" />
          </use>
          <value value="Shiga toxin-producing Escherichia coli serotype O174:H2 (organism)" />
        </designation>
        <designation>
          <language value="de-DE" />
          <value value="Shiga-Toxin-produzierende Escherichia coli, Serotyp O174:H2" />
        </designation>
      </concept>
      <concept>
        <extension url="http://hl7.org/fhir/StructureDefinition/valueset-conceptOrder">
          <valueInteger value="0" />
        </extension>
        <code value="782301006" />
        <display value="Shiga toxin-producing Escherichia coli serotype O174:H21 (organism)" />
        <designation>
          <language value="en-US" />
          <use>
            <system value="http://snomed.info/sct" />
            <code value="900000000000003001" />
          </use>
          <value value="Shiga toxin-producing Escherichia coli serotype O174:H21 (organism)" />
        </designation>
        <designation>
          <language value="de-DE" />
          <value value="Shiga-Toxin-produzierende Escherichia coli, Serotyp O174:H21" />
        </designation>
      </concept>
      <concept>
        <extension url="http://hl7.org/fhir/StructureDefinition/valueset-conceptOrder">
          <valueInteger value="0" />
        </extension>
        <code value="782302004" />
        <display value="Shiga toxin-producing Escherichia coli serotype O175:H10 (organism)" />
        <designation>
          <language value="en-US" />
          <use>
            <system value="http://snomed.info/sct" />
            <code value="900000000000003001" />
          </use>
          <value value="Shiga toxin-producing Escherichia coli serotype O175:H10 (organism)" />
        </designation>
        <designation>
          <language value="de-DE" />
          <value value="Shiga-Toxin-produzierende Escherichia coli, Serotyp O175:H10" />
        </designation>
      </concept>
      <concept>
        <extension url="http://hl7.org/fhir/StructureDefinition/valueset-conceptOrder">
          <valueInteger value="0" />
        </extension>
        <code value="782303009" />
        <display value="Shiga toxin-producing Escherichia coli serotype O178:H19 (organism)" />
        <designation>
          <language value="en-US" />
          <use>
            <system value="http://snomed.info/sct" />
            <code value="900000000000003001" />
          </use>
          <value value="Shiga toxin-producing Escherichia coli serotype O178:H19 (organism)" />
        </designation>
        <designation>
          <language value="de-DE" />
          <value value="Shiga-Toxin-produzierende Escherichia coli, Serotyp O178:H19" />
        </designation>
      </concept>
      <concept>
        <extension url="http://hl7.org/fhir/StructureDefinition/valueset-conceptOrder">
          <valueInteger value="0" />
        </extension>
        <code value="782304003" />
        <display value="Shiga toxin-producing Escherichia coli serotype O181:H4 (organism)" />
        <designation>
          <language value="en-US" />
          <use>
            <system value="http://snomed.info/sct" />
            <code value="900000000000003001" />
          </use>
          <value value="Shiga toxin-producing Escherichia coli serotype O181:H4 (organism)" />
        </designation>
        <designation>
          <language value="de-DE" />
          <value value="Shiga-Toxin-produzierende Escherichia coli, Serotyp O181:H4" />
        </designation>
      </concept>
      <concept>
        <extension url="http://hl7.org/fhir/StructureDefinition/valueset-conceptOrder">
          <valueInteger value="0" />
        </extension>
        <code value="782305002" />
        <display value="Shiga toxin-producing Escherichia coli serotype O186:H2 (organism)" />
        <designation>
          <language value="en-US" />
          <use>
            <system value="http://snomed.info/sct" />
            <code value="900000000000003001" />
          </use>
          <value value="Shiga toxin-producing Escherichia coli serotype O186:H2 (organism)" />
        </designation>
        <designation>
          <language value="de-DE" />
          <value value="Shiga-Toxin-produzierende Escherichia coli, Serotyp O186:H2" />
        </designation>
      </concept>
      <concept>
        <extension url="http://hl7.org/fhir/StructureDefinition/valueset-conceptOrder">
          <valueInteger value="0" />
        </extension>
        <code value="782306001" />
        <display value="Shiga toxin-producing Escherichia coli serotype O130:H11 (organism)" />
        <designation>
          <language value="en-US" />
          <use>
            <system value="http://snomed.info/sct" />
            <code value="900000000000003001" />
          </use>
          <value value="Shiga toxin-producing Escherichia coli serotype O130:H11 (organism)" />
        </designation>
        <designation>
          <language value="de-DE" />
          <value value="Shiga-Toxin-produzierende Escherichia coli, Serotyp O130:H11" />
        </designation>
      </concept>
      <concept>
        <extension url="http://hl7.org/fhir/StructureDefinition/valueset-conceptOrder">
          <valueInteger value="0" />
        </extension>
        <code value="782307005" />
        <display value="Shiga toxin-producing Escherichia coli serotype O131:H27 (organism)" />
        <designation>
          <language value="en-US" />
          <use>
            <system value="http://snomed.info/sct" />
            <code value="900000000000003001" />
          </use>
          <value value="Shiga toxin-producing Escherichia coli serotype O131:H27 (organism)" />
        </designation>
        <designation>
          <language value="de-DE" />
          <value value="Shiga-Toxin-produzierende Escherichia coli, Serotyp O131:H27" />
        </designation>
      </concept>
      <concept>
        <extension url="http://hl7.org/fhir/StructureDefinition/valueset-conceptOrder">
          <valueInteger value="0" />
        </extension>
        <code value="782308000" />
        <display value="Shiga toxin-producing Escherichia coli serotype O146:H28 (organism)" />
        <designation>
          <language value="en-US" />
          <use>
            <system value="http://snomed.info/sct" />
            <code value="900000000000003001" />
          </use>
          <value value="Shiga toxin-producing Escherichia coli serotype O146:H28 (organism)" />
        </designation>
        <designation>
          <language value="de-DE" />
          <value value="Shiga-Toxin-produzierende Escherichia coli, Serotyp O146:H28" />
        </designation>
      </concept>
      <concept>
        <extension url="http://hl7.org/fhir/StructureDefinition/valueset-conceptOrder">
          <valueInteger value="0" />
        </extension>
        <code value="782312006" />
        <display value="Shiga toxin-producing Escherichia coli serotype O156:H25 (organism)" />
        <designation>
          <language value="en-US" />
          <use>
            <system value="http://snomed.info/sct" />
            <code value="900000000000003001" />
          </use>
          <value value="Shiga toxin-producing Escherichia coli serotype O156:H25 (organism)" />
        </designation>
        <designation>
          <language value="de-DE" />
          <value value="Shiga-Toxin-produzierende Escherichia coli, Serotyp O156:H25" />
        </designation>
      </concept>
      <concept>
        <extension url="http://hl7.org/fhir/StructureDefinition/valueset-conceptOrder">
          <valueInteger value="0" />
        </extension>
        <code value="782313001" />
        <display value="Shiga toxin-producing Escherichia coli serotype O162:H33 (organism)" />
        <designation>
          <language value="en-US" />
          <use>
            <system value="http://snomed.info/sct" />
            <code value="900000000000003001" />
          </use>
          <value value="Shiga toxin-producing Escherichia coli serotype O162:H33 (organism)" />
        </designation>
        <designation>
          <language value="de-DE" />
          <value value="Shiga-Toxin-produzierende Escherichia coli, Serotyp O162:H33" />
        </designation>
      </concept>
      <concept>
        <extension url="http://hl7.org/fhir/StructureDefinition/valueset-conceptOrder">
          <valueInteger value="0" />
        </extension>
        <code value="782314007" />
        <display value="Shiga toxin-producing Escherichia coli serotype O70:H11 (organism)" />
        <designation>
          <language value="en-US" />
          <use>
            <system value="http://snomed.info/sct" />
            <code value="900000000000003001" />
          </use>
          <value value="Shiga toxin-producing Escherichia coli serotype O70:H11 (organism)" />
        </designation>
        <designation>
          <language value="de-DE" />
          <value value="Shiga-Toxin-produzierende Escherichia coli, Serotyp O70:H11" />
        </designation>
      </concept>
      <concept>
        <extension url="http://hl7.org/fhir/StructureDefinition/valueset-conceptOrder">
          <valueInteger value="0" />
        </extension>
        <code value="782315008" />
        <display value="Shiga toxin-producing Escherichia coli serotype O71:H7 (organism)" />
        <designation>
          <language value="en-US" />
          <use>
            <system value="http://snomed.info/sct" />
            <code value="900000000000003001" />
          </use>
          <value value="Shiga toxin-producing Escherichia coli serotype O71:H7 (organism)" />
        </designation>
        <designation>
          <language value="de-DE" />
          <value value="Shiga-Toxin-produzierende Escherichia coli, Serotyp O71:H7" />
        </designation>
      </concept>
      <concept>
        <extension url="http://hl7.org/fhir/StructureDefinition/valueset-conceptOrder">
          <valueInteger value="0" />
        </extension>
        <code value="782317000" />
        <display value="Shiga toxin-producing Escherichia coli serotype O71:H11 (organism)" />
        <designation>
          <language value="en-US" />
          <use>
            <system value="http://snomed.info/sct" />
            <code value="900000000000003001" />
          </use>
          <value value="Shiga toxin-producing Escherichia coli serotype O71:H11 (organism)" />
        </designation>
        <designation>
          <language value="de-DE" />
          <value value="Shiga-Toxin-produzierende Escherichia coli, Serotyp O71:H11" />
        </designation>
      </concept>
      <concept>
        <extension url="http://hl7.org/fhir/StructureDefinition/valueset-conceptOrder">
          <valueInteger value="0" />
        </extension>
        <code value="782318005" />
        <display value="Shiga toxin-producing Escherichia coli serotype O1:H20 (organism)" />
        <designation>
          <language value="en-US" />
          <use>
            <system value="http://snomed.info/sct" />
            <code value="900000000000003001" />
          </use>
          <value value="Shiga toxin-producing Escherichia coli serotype O1:H20 (organism)" />
        </designation>
        <designation>
          <language value="de-DE" />
          <value value="Shiga-Toxin-produzierende Escherichia coli, Serotyp O1:H20" />
        </designation>
      </concept>
      <concept>
        <extension url="http://hl7.org/fhir/StructureDefinition/valueset-conceptOrder">
          <valueInteger value="0" />
        </extension>
        <code value="782319002" />
        <display value="Shiga toxin-producing Escherichia coli serotype O3:H8 (organism)" />
        <designation>
          <language value="en-US" />
          <use>
            <system value="http://snomed.info/sct" />
            <code value="900000000000003001" />
          </use>
          <value value="Shiga toxin-producing Escherichia coli serotype O3:H8 (organism)" />
        </designation>
        <designation>
          <language value="de-DE" />
          <value value="Shiga-Toxin-produzierende Escherichia coli, Serotyp O3:H8" />
        </designation>
      </concept>
      <concept>
        <extension url="http://hl7.org/fhir/StructureDefinition/valueset-conceptOrder">
          <valueInteger value="0" />
        </extension>
        <code value="782320008" />
        <display value="Shiga toxin-producing Escherichia coli serotype O6:H34 (organism)" />
        <designation>
          <language value="en-US" />
          <use>
            <system value="http://snomed.info/sct" />
            <code value="900000000000003001" />
          </use>
          <value value="Shiga toxin-producing Escherichia coli serotype O6:H34 (organism)" />
        </designation>
        <designation>
          <language value="de-DE" />
          <value value="Shiga-Toxin-produzierende Escherichia coli, Serotyp O6:H34" />
        </designation>
      </concept>
      <concept>
        <extension url="http://hl7.org/fhir/StructureDefinition/valueset-conceptOrder">
          <valueInteger value="0" />
        </extension>
        <code value="782323005" />
        <display value="Shiga toxin-producing Escherichia coli serotype O8:H19 (organism)" />
        <designation>
          <language value="en-US" />
          <use>
            <system value="http://snomed.info/sct" />
            <code value="900000000000003001" />
          </use>
          <value value="Shiga toxin-producing Escherichia coli serotype O8:H19 (organism)" />
        </designation>
        <designation>
          <language value="de-DE" />
          <value value="Shiga-Toxin-produzierende Escherichia coli, Serotyp O8:H19" />
        </designation>
      </concept>
      <concept>
        <extension url="http://hl7.org/fhir/StructureDefinition/valueset-conceptOrder">
          <valueInteger value="0" />
        </extension>
        <code value="782324004" />
        <display value="Shiga toxin-producing Escherichia coli serotype O11:H16 (organism)" />
        <designation>
          <language value="en-US" />
          <use>
            <system value="http://snomed.info/sct" />
            <code value="900000000000003001" />
          </use>
          <value value="Shiga toxin-producing Escherichia coli serotype O11:H16 (organism)" />
        </designation>
        <designation>
          <language value="de-DE" />
          <value value="Shiga-Toxin-produzierende Escherichia coli, Serotyp O11:H16" />
        </designation>
      </concept>
      <concept>
        <extension url="http://hl7.org/fhir/StructureDefinition/valueset-conceptOrder">
          <valueInteger value="0" />
        </extension>
        <code value="782328001" />
        <display value="Shiga toxin-producing Escherichia coli serotype O103:H11 (organism)" />
        <designation>
          <language value="en-US" />
          <use>
            <system value="http://snomed.info/sct" />
            <code value="900000000000003001" />
          </use>
          <value value="Shiga toxin-producing Escherichia coli serotype O103:H11 (organism)" />
        </designation>
        <designation>
          <language value="de-DE" />
          <value value="Shiga-Toxin-produzierende Escherichia coli, Serotyp O103:H11" />
        </designation>
      </concept>
      <concept>
        <extension url="http://hl7.org/fhir/StructureDefinition/valueset-conceptOrder">
          <valueInteger value="0" />
        </extension>
        <code value="782341002" />
        <display value="Shiga toxin-producing Escherichia coli serotype O103:H25 (organism)" />
        <designation>
          <language value="en-US" />
          <use>
            <system value="http://snomed.info/sct" />
            <code value="900000000000003001" />
          </use>
          <value value="Shiga toxin-producing Escherichia coli serotype O103:H25 (organism)" />
        </designation>
        <designation>
          <language value="de-DE" />
          <value value="Shiga-Toxin-produzierende Escherichia coli, Serotyp O103:H25" />
        </designation>
      </concept>
      <concept>
        <extension url="http://hl7.org/fhir/StructureDefinition/valueset-conceptOrder">
          <valueInteger value="0" />
        </extension>
        <code value="782342009" />
        <display value="Shiga toxin-producing Escherichia coli serotype O104:H7 (organism)" />
        <designation>
          <language value="en-US" />
          <use>
            <system value="http://snomed.info/sct" />
            <code value="900000000000003001" />
          </use>
          <value value="Shiga toxin-producing Escherichia coli serotype O104:H7 (organism)" />
        </designation>
        <designation>
          <language value="de-DE" />
          <value value="Shiga-Toxin-produzierende Escherichia coli, Serotyp O104:H7" />
        </designation>
      </concept>
      <concept>
        <extension url="http://hl7.org/fhir/StructureDefinition/valueset-conceptOrder">
          <valueInteger value="0" />
        </extension>
        <code value="782343004" />
        <display value="Shiga toxin-producing Escherichia coli serotype O17:H45 (organism)" />
        <designation>
          <language value="en-US" />
          <use>
            <system value="http://snomed.info/sct" />
            <code value="900000000000003001" />
          </use>
          <value value="Shiga toxin-producing Escherichia coli serotype O17:H45 (organism)" />
        </designation>
        <designation>
          <language value="de-DE" />
          <value value="Shiga-Toxin-produzierende Escherichia coli, Serotyp O17:H45" />
        </designation>
      </concept>
      <concept>
        <extension url="http://hl7.org/fhir/StructureDefinition/valueset-conceptOrder">
          <valueInteger value="0" />
        </extension>
        <code value="782344005" />
        <display value="Shiga toxin-producing Escherichia coli serotype O21:H55 (organism)" />
        <designation>
          <language value="en-US" />
          <use>
            <system value="http://snomed.info/sct" />
            <code value="900000000000003001" />
          </use>
          <value value="Shiga toxin-producing Escherichia coli serotype O21:H55 (organism)" />
        </designation>
        <designation>
          <language value="de-DE" />
          <value value="Shiga-Toxin-produzierende Escherichia coli, Serotyp O21:H55" />
        </designation>
      </concept>
      <concept>
        <extension url="http://hl7.org/fhir/StructureDefinition/valueset-conceptOrder">
          <valueInteger value="0" />
        </extension>
        <code value="782345006" />
        <display value="Shiga toxin-producing Escherichia coli serotype O24:H41 (organism)" />
        <designation>
          <language value="en-US" />
          <use>
            <system value="http://snomed.info/sct" />
            <code value="900000000000003001" />
          </use>
          <value value="Shiga toxin-producing Escherichia coli serotype O24:H41 (organism)" />
        </designation>
        <designation>
          <language value="de-DE" />
          <value value="Shiga-Toxin-produzierende Escherichia coli, Serotyp O24:H41" />
        </designation>
      </concept>
      <concept>
        <extension url="http://hl7.org/fhir/StructureDefinition/valueset-conceptOrder">
          <valueInteger value="0" />
        </extension>
        <code value="782346007" />
        <display value="Shiga toxin-producing Escherichia coli serotype O28:H9 (organism)" />
        <designation>
          <language value="en-US" />
          <use>
            <system value="http://snomed.info/sct" />
            <code value="900000000000003001" />
          </use>
          <value value="Shiga toxin-producing Escherichia coli serotype O28:H9 (organism)" />
        </designation>
        <designation>
          <language value="de-DE" />
          <value value="Shiga-Toxin-produzierende Escherichia coli, Serotyp O28:H9" />
        </designation>
      </concept>
      <concept>
        <extension url="http://hl7.org/fhir/StructureDefinition/valueset-conceptOrder">
          <valueInteger value="0" />
        </extension>
        <code value="782347003" />
        <display value="Shiga toxin-producing Escherichia coli serotype O40:H10 (organism)" />
        <designation>
          <language value="en-US" />
          <use>
            <system value="http://snomed.info/sct" />
            <code value="900000000000003001" />
          </use>
          <value value="Shiga toxin-producing Escherichia coli serotype O40:H10 (organism)" />
        </designation>
        <designation>
          <language value="de-DE" />
          <value value="Shiga-Toxin-produzierende Escherichia coli, Serotyp O40:H10" />
        </designation>
      </concept>
      <concept>
        <extension url="http://hl7.org/fhir/StructureDefinition/valueset-conceptOrder">
          <valueInteger value="0" />
        </extension>
        <code value="782348008" />
        <display value="Shiga toxin-producing Escherichia coli serotype O49:H21 (organism)" />
        <designation>
          <language value="en-US" />
          <use>
            <system value="http://snomed.info/sct" />
            <code value="900000000000003001" />
          </use>
          <value value="Shiga toxin-producing Escherichia coli serotype O49:H21 (organism)" />
        </designation>
        <designation>
          <language value="de-DE" />
          <value value="Shiga-Toxin-produzierende Escherichia coli, Serotyp O49:H21" />
        </designation>
      </concept>
      <concept>
        <extension url="http://hl7.org/fhir/StructureDefinition/valueset-conceptOrder">
          <valueInteger value="0" />
        </extension>
        <code value="782349000" />
        <display value="Shiga toxin-producing Escherichia coli serotype O69:H11 (organism)" />
        <designation>
          <language value="en-US" />
          <use>
            <system value="http://snomed.info/sct" />
            <code value="900000000000003001" />
          </use>
          <value value="Shiga toxin-producing Escherichia coli serotype O69:H11 (organism)" />
        </designation>
        <designation>
          <language value="de-DE" />
          <value value="Shiga-Toxin-produzierende Escherichia coli, Serotyp O69:H11" />
        </designation>
      </concept>
      <concept>
        <extension url="http://hl7.org/fhir/StructureDefinition/valueset-conceptOrder">
          <valueInteger value="0" />
        </extension>
        <code value="782350000" />
        <display value="Shiga toxin-producing Escherichia coli serotype O151:H16 (organism)" />
        <designation>
          <language value="en-US" />
          <use>
            <system value="http://snomed.info/sct" />
            <code value="900000000000003001" />
          </use>
          <value value="Shiga toxin-producing Escherichia coli serotype O151:H16 (organism)" />
        </designation>
        <designation>
          <language value="de-DE" />
          <value value="Shiga-Toxin-produzierende Escherichia coli, Serotyp O151:H16" />
        </designation>
      </concept>
      <concept>
        <extension url="http://hl7.org/fhir/StructureDefinition/valueset-conceptOrder">
          <valueInteger value="0" />
        </extension>
        <code value="782351001" />
        <display value="Shiga toxin-producing Escherichia coli serotype O152:H2 (organism)" />
        <designation>
          <language value="en-US" />
          <use>
            <system value="http://snomed.info/sct" />
            <code value="900000000000003001" />
          </use>
          <value value="Shiga toxin-producing Escherichia coli serotype O152:H2 (organism)" />
        </designation>
        <designation>
          <language value="de-DE" />
          <value value="Shiga-Toxin-produzierende Escherichia coli, Serotyp O152:H2" />
        </designation>
      </concept>
      <concept>
        <extension url="http://hl7.org/fhir/StructureDefinition/valueset-conceptOrder">
          <valueInteger value="0" />
        </extension>
        <code value="782352008" />
        <display value="Shiga toxin-producing Escherichia coli serotype O109:H21 (organism)" />
        <designation>
          <language value="en-US" />
          <use>
            <system value="http://snomed.info/sct" />
            <code value="900000000000003001" />
          </use>
          <value value="Shiga toxin-producing Escherichia coli serotype O109:H21 (organism)" />
        </designation>
        <designation>
          <language value="de-DE" />
          <value value="Shiga-Toxin-produzierende Escherichia coli, Serotyp O109:H21" />
        </designation>
      </concept>
      <concept>
        <extension url="http://hl7.org/fhir/StructureDefinition/valueset-conceptOrder">
          <valueInteger value="0" />
        </extension>
        <code value="782353003" />
        <display value="Shiga toxin-producing Escherichia coli serotype O110:H28 (organism)" />
        <designation>
          <language value="en-US" />
          <use>
            <system value="http://snomed.info/sct" />
            <code value="900000000000003001" />
          </use>
          <value value="Shiga toxin-producing Escherichia coli serotype O110:H28 (organism)" />
        </designation>
        <designation>
          <language value="de-DE" />
          <value value="Shiga-Toxin-produzierende Escherichia coli, Serotyp O110:H28" />
        </designation>
      </concept>
      <concept>
        <extension url="http://hl7.org/fhir/StructureDefinition/valueset-conceptOrder">
          <valueInteger value="0" />
        </extension>
        <code value="782354009" />
        <display value="Shiga toxin-producing Escherichia coli serotype O111:H11 (organism)" />
        <designation>
          <language value="en-US" />
          <use>
            <system value="http://snomed.info/sct" />
            <code value="900000000000003001" />
          </use>
          <value value="Shiga toxin-producing Escherichia coli serotype O111:H11 (organism)" />
        </designation>
        <designation>
          <language value="de-DE" />
          <value value="Shiga-Toxin-produzierende Escherichia coli, Serotyp O111:H11" />
        </designation>
      </concept>
      <concept>
        <extension url="http://hl7.org/fhir/StructureDefinition/valueset-conceptOrder">
          <valueInteger value="0" />
        </extension>
        <code value="782355005" />
        <display value="Shiga toxin-producing Escherichia coli serotype O112:H2 (organism)" />
        <designation>
          <language value="en-US" />
          <use>
            <system value="http://snomed.info/sct" />
            <code value="900000000000003001" />
          </use>
          <value value="Shiga toxin-producing Escherichia coli serotype O112:H2 (organism)" />
        </designation>
        <designation>
          <language value="de-DE" />
          <value value="Shiga-Toxin-produzierende Escherichia coli, Serotyp O112:H2" />
        </designation>
      </concept>
      <concept>
        <extension url="http://hl7.org/fhir/StructureDefinition/valueset-conceptOrder">
          <valueInteger value="0" />
        </extension>
        <code value="782356006" />
        <display value="Shiga toxin-producing Escherichia coli serotype O115:H10 (organism)" />
        <designation>
          <language value="en-US" />
          <use>
            <system value="http://snomed.info/sct" />
            <code value="900000000000003001" />
          </use>
          <value value="Shiga toxin-producing Escherichia coli serotype O115:H10 (organism)" />
        </designation>
        <designation>
          <language value="de-DE" />
          <value value="Shiga-Toxin-produzierende Escherichia coli, Serotyp O115:H10" />
        </designation>
      </concept>
      <concept>
        <extension url="http://hl7.org/fhir/StructureDefinition/valueset-conceptOrder">
          <valueInteger value="0" />
        </extension>
        <code value="782357002" />
        <display value="Shiga toxin-producing Escherichia coli serotype O123:H11 (organism)" />
        <designation>
          <language value="en-US" />
          <use>
            <system value="http://snomed.info/sct" />
            <code value="900000000000003001" />
          </use>
          <value value="Shiga toxin-producing Escherichia coli serotype O123:H11 (organism)" />
        </designation>
        <designation>
          <language value="de-DE" />
          <value value="Shiga-Toxin-produzierende Escherichia coli, Serotyp O123:H11" />
        </designation>
      </concept>
      <concept>
        <extension url="http://hl7.org/fhir/StructureDefinition/valueset-conceptOrder">
          <valueInteger value="0" />
        </extension>
        <code value="782358007" />
        <display value="Shiga toxin-producing Escherichia coli serotype O126:H27 (organism)" />
        <designation>
          <language value="en-US" />
          <use>
            <system value="http://snomed.info/sct" />
            <code value="900000000000003001" />
          </use>
          <value value="Shiga toxin-producing Escherichia coli serotype O126:H27 (organism)" />
        </designation>
        <designation>
          <language value="de-DE" />
          <value value="Shiga-Toxin-produzierende Escherichia coli, Serotyp O126:H27" />
        </designation>
      </concept>
      <concept>
        <extension url="http://hl7.org/fhir/StructureDefinition/valueset-conceptOrder">
          <valueInteger value="0" />
        </extension>
        <code value="782359004" />
        <display value="Shiga toxin-producing Escherichia coli serotype O126:H40 (organism)" />
        <designation>
          <language value="en-US" />
          <use>
            <system value="http://snomed.info/sct" />
            <code value="900000000000003001" />
          </use>
          <value value="Shiga toxin-producing Escherichia coli serotype O126:H40 (organism)" />
        </designation>
        <designation>
          <language value="de-DE" />
          <value value="Shiga-Toxin-produzierende Escherichia coli, Serotyp O126:H40" />
        </designation>
      </concept>
      <concept>
        <extension url="http://hl7.org/fhir/StructureDefinition/valueset-conceptOrder">
          <valueInteger value="0" />
        </extension>
        <code value="782360009" />
        <display value="Shiga toxin-producing Escherichia coli serotype O127:H16 (organism)" />
        <designation>
          <language value="en-US" />
          <use>
            <system value="http://snomed.info/sct" />
            <code value="900000000000003001" />
          </use>
          <value value="Shiga toxin-producing Escherichia coli serotype O127:H16 (organism)" />
        </designation>
        <designation>
          <language value="de-DE" />
          <value value="Shiga-Toxin-produzierende Escherichia coli, Serotyp O127:H16" />
        </designation>
      </concept>
      <concept>
        <extension url="http://hl7.org/fhir/StructureDefinition/valueset-conceptOrder">
          <valueInteger value="0" />
        </extension>
        <code value="782361008" />
        <display value="Shiga toxin-producing Escherichia coli serotype O128:H45 (organism)" />
        <designation>
          <language value="en-US" />
          <use>
            <system value="http://snomed.info/sct" />
            <code value="900000000000003001" />
          </use>
          <value value="Shiga toxin-producing Escherichia coli serotype O128:H45 (organism)" />
        </designation>
        <designation>
          <language value="de-DE" />
          <value value="Shiga-Toxin-produzierende Escherichia coli, Serotyp O128:H45" />
        </designation>
      </concept>
      <concept>
        <extension url="http://hl7.org/fhir/StructureDefinition/valueset-conceptOrder">
          <valueInteger value="0" />
        </extension>
        <code value="782362001" />
        <display value="Shiga toxin-producing Escherichia coli serotype O73:H18 (organism)" />
        <designation>
          <language value="en-US" />
          <use>
            <system value="http://snomed.info/sct" />
            <code value="900000000000003001" />
          </use>
          <value value="Shiga toxin-producing Escherichia coli serotype O73:H18 (organism)" />
        </designation>
        <designation>
          <language value="de-DE" />
          <value value="Shiga-Toxin-produzierende Escherichia coli, Serotyp O73:H18" />
        </designation>
      </concept>
      <concept>
        <extension url="http://hl7.org/fhir/StructureDefinition/valueset-conceptOrder">
          <valueInteger value="0" />
        </extension>
        <code value="782363006" />
        <display value="Shiga toxin-producing Escherichia coli serotype O74:H52 (organism)" />
        <designation>
          <language value="en-US" />
          <use>
            <system value="http://snomed.info/sct" />
            <code value="900000000000003001" />
          </use>
          <value value="Shiga toxin-producing Escherichia coli serotype O74:H52 (organism)" />
        </designation>
        <designation>
          <language value="de-DE" />
          <value value="Shiga-Toxin-produzierende Escherichia coli, Serotyp O74:H52" />
        </designation>
      </concept>
      <concept>
        <extension url="http://hl7.org/fhir/StructureDefinition/valueset-conceptOrder">
          <valueInteger value="0" />
        </extension>
        <code value="782364000" />
        <display value="Shiga toxin-producing Escherichia coli serotype O76:H7 (organism)" />
        <designation>
          <language value="en-US" />
          <use>
            <system value="http://snomed.info/sct" />
            <code value="900000000000003001" />
          </use>
          <value value="Shiga toxin-producing Escherichia coli serotype O76:H7 (organism)" />
        </designation>
        <designation>
          <language value="de-DE" />
          <value value="Shiga-Toxin-produzierende Escherichia coli, Serotyp O76:H7" />
        </designation>
      </concept>
      <concept>
        <extension url="http://hl7.org/fhir/StructureDefinition/valueset-conceptOrder">
          <valueInteger value="0" />
        </extension>
        <code value="782365004" />
        <display value="Shiga toxin-producing Escherichia coli serotype O76:H19 (organism)" />
        <designation>
          <language value="en-US" />
          <use>
            <system value="http://snomed.info/sct" />
            <code value="900000000000003001" />
          </use>
          <value value="Shiga toxin-producing Escherichia coli serotype O76:H19 (organism)" />
        </designation>
        <designation>
          <language value="de-DE" />
          <value value="Shiga-Toxin-produzierende Escherichia coli, Serotyp O76:H19" />
        </designation>
      </concept>
      <concept>
        <extension url="http://hl7.org/fhir/StructureDefinition/valueset-conceptOrder">
          <valueInteger value="0" />
        </extension>
        <code value="782366003" />
        <display value="Shiga toxin-producing Escherichia coli serotype O77:H45 (organism)" />
        <designation>
          <language value="en-US" />
          <use>
            <system value="http://snomed.info/sct" />
            <code value="900000000000003001" />
          </use>
          <value value="Shiga toxin-producing Escherichia coli serotype O77:H45 (organism)" />
        </designation>
        <designation>
          <language value="de-DE" />
          <value value="Shiga-Toxin-produzierende Escherichia coli, Serotyp O77:H45" />
        </designation>
      </concept>
      <concept>
        <extension url="http://hl7.org/fhir/StructureDefinition/valueset-conceptOrder">
          <valueInteger value="0" />
        </extension>
        <code value="782367007" />
        <display value="Shiga toxin-producing Escherichia coli serotype O88:H25 (organism)" />
        <designation>
          <language value="en-US" />
          <use>
            <system value="http://snomed.info/sct" />
            <code value="900000000000003001" />
          </use>
          <value value="Shiga toxin-producing Escherichia coli serotype O88:H25 (organism)" />
        </designation>
        <designation>
          <language value="de-DE" />
          <value value="Shiga-Toxin-produzierende Escherichia coli, Serotyp O88:H25" />
        </designation>
      </concept>
      <concept>
        <extension url="http://hl7.org/fhir/StructureDefinition/valueset-conceptOrder">
          <valueInteger value="0" />
        </extension>
        <code value="782368002" />
        <display value="Shiga toxin-producing Escherichia coli serotype O91:H14 (organism)" />
        <designation>
          <language value="en-US" />
          <use>
            <system value="http://snomed.info/sct" />
            <code value="900000000000003001" />
          </use>
          <value value="Shiga toxin-producing Escherichia coli serotype O91:H14 (organism)" />
        </designation>
        <designation>
          <language value="de-DE" />
          <value value="Shiga-Toxin-produzierende Escherichia coli, Serotyp O91:H14" />
        </designation>
      </concept>
      <concept>
        <extension url="http://hl7.org/fhir/StructureDefinition/valueset-conceptOrder">
          <valueInteger value="0" />
        </extension>
        <code value="788035006" />
        <display value="Shiga toxin-producing Escherichia coli serotype O71:H8 (organism)" />
        <designation>
          <language value="en-US" />
          <use>
            <system value="http://snomed.info/sct" />
            <code value="900000000000003001" />
          </use>
          <value value="Shiga toxin-producing Escherichia coli serotype O71:H8 (organism)" />
        </designation>
        <designation>
          <language value="de-DE" />
          <value value="Shiga-Toxin-produzierende Escherichia coli, Serotyp O71:H8" />
        </designation>
      </concept>
    </include>
    <include>
      <valueSet value="https://demis.rki.de/fhir/ValueSet/substanceEHCP" />
    </include>
    <include>
      <valueSet value="https://demis.rki.de/fhir/ValueSet/answerSetLaboratoryTest-SNOMED" />
    </include>
    <include>
      <valueSet value="https://demis.rki.de/fhir/ValueSet/answerSetResistance-SNOMED" />
    </include>
  </compose>
</ValueSet>