<?xml version="1.0" encoding="utf-8"?>
<ValueSet xmlns="http://hl7.org/fhir">
  <id value="laboratoryTest" />
  <url value="https://demis.rki.de/fhir/ValueSet/laboratoryTest" />
  <version value="2.0.0" />
  <name value="LaboratoryTest" />
  <title value="Labortest" />
  <status value="active" />
  <experimental value="false" />
  <date value="2024-12-27" />
  <publisher value="Robert Koch-Institut" />
  <description value="Das ValueSet LaboratoryTest enthält die Codes für die Labortests." />
  <compose>
    <include>
      <valueSet value="https://demis.rki.de/fhir/ValueSet/laboratoryTestABVP" />
    </include>
    <include>
      <valueSet value="https://demis.rki.de/fhir/ValueSet/laboratoryTestACBP" />
    </include>
    <include>
      <valueSet value="https://demis.rki.de/fhir/ValueSet/laboratoryTestADEP" />
    </include>
    <include>
      <valueSet value="https://demis.rki.de/fhir/ValueSet/laboratoryTestADVP" />
    </include>
    <include>
      <valueSet value="https://demis.rki.de/fhir/ValueSet/laboratoryTestASTP" />
    </include>
    <include>
      <valueSet value="https://demis.rki.de/fhir/ValueSet/laboratoryTestBANP" />
    </include>
    <include>
      <valueSet value="https://demis.rki.de/fhir/ValueSet/laboratoryTestBOBP" />
    </include>
    <include>
      <valueSet value="https://demis.rki.de/fhir/ValueSet/laboratoryTestBORP" />
    </include>
    <include>
      <valueSet value="https://demis.rki.de/fhir/ValueSet/laboratoryTestBOVP" />
    </include>
    <include>
      <valueSet value="https://demis.rki.de/fhir/ValueSet/laboratoryTestBPSP" />
    </include>
    <include>
      <valueSet value="https://demis.rki.de/fhir/ValueSet/laboratoryTestBRUP" />
    </include>
    <include>
      <valueSet value="https://demis.rki.de/fhir/ValueSet/laboratoryTestCAMP" />
    </include>
    <include>
      <valueSet value="https://demis.rki.de/fhir/ValueSet/laboratoryTestCAUP" />
    </include>
    <include>
      <valueSet value="https://demis.rki.de/fhir/ValueSet/laboratoryTestCHLP" />
    </include>
    <include>
      <valueSet value="https://demis.rki.de/fhir/ValueSet/laboratoryTestCKVP" />
    </include>
    <include>
      <valueSet value="https://demis.rki.de/fhir/ValueSet/laboratoryTestCLOP" />
    </include>
    <include>
      <valueSet value="https://demis.rki.de/fhir/ValueSet/laboratoryTestCLTP" />
    </include>
    <include>
      <valueSet value="https://demis.rki.de/fhir/ValueSet/laboratoryTestCORP" />
    </include>
    <include>
      <valueSet value="https://demis.rki.de/fhir/ValueSet/laboratoryTestCOXP" />
    </include>
    <include>
      <valueSet value="https://demis.rki.de/fhir/ValueSet/laboratoryTestCRYP" />
    </include>
    <include>
      <valueSet value="https://demis.rki.de/fhir/ValueSet/laboratoryTestCVDP" />
    </include>
    <include>
      <valueSet value="https://demis.rki.de/fhir/ValueSet/laboratoryTestCVSP" />
    </include>
    <include>
      <valueSet value="https://demis.rki.de/fhir/ValueSet/laboratoryTestCYMP" />
    </include>
    <include>
      <valueSet value="https://demis.rki.de/fhir/ValueSet/laboratoryTestDENP" />
    </include>
    <include>
      <valueSet value="https://demis.rki.de/fhir/ValueSet/laboratoryTestEAHP" />
    </include>
    <include>
      <valueSet value="https://demis.rki.de/fhir/ValueSet/laboratoryTestEBCP" />
    </include>
    <include>
      <valueSet value="https://demis.rki.de/fhir/ValueSet/laboratoryTestEBVP" />
    </include>
    <include>
      <valueSet value="https://demis.rki.de/fhir/ValueSet/laboratoryTestECOP" />
    </include>
    <include>
      <valueSet value="https://demis.rki.de/fhir/ValueSet/laboratoryTestEHCP" />
    </include>
    <include>
      <valueSet value="https://demis.rki.de/fhir/ValueSet/laboratoryTestETVP" />
    </include>
    <include>
      <valueSet value="https://demis.rki.de/fhir/ValueSet/laboratoryTestFRTP" />
    </include>
    <include>
      <valueSet value="https://demis.rki.de/fhir/ValueSet/laboratoryTestFSVP" />
    </include>
    <include>
      <valueSet value="https://demis.rki.de/fhir/ValueSet/laboratoryTestGBSP" />
    </include>
    <include>
      <valueSet value="https://demis.rki.de/fhir/ValueSet/laboratoryTestGFVP" />
    </include>
    <include>
      <valueSet value="https://demis.rki.de/fhir/ValueSet/laboratoryTestGILP" />
    </include>
    <include>
      <valueSet value="https://demis.rki.de/fhir/ValueSet/laboratoryTestHAVP" />
    </include>
    <include>
      <valueSet value="https://demis.rki.de/fhir/ValueSet/laboratoryTestHBVP" />
    </include>
    <include>
      <valueSet value="https://demis.rki.de/fhir/ValueSet/laboratoryTestHCVP" />
    </include>
    <include>
      <valueSet value="https://demis.rki.de/fhir/ValueSet/laboratoryTestHDVP" />
    </include>
    <include>
      <valueSet value="https://demis.rki.de/fhir/ValueSet/laboratoryTestHEVP" />
    </include>
    <include>
      <valueSet value="https://demis.rki.de/fhir/ValueSet/laboratoryTestHFAP" />
    </include>
    <include>
      <valueSet value="https://demis.rki.de/fhir/ValueSet/laboratoryTestHINP" />
    </include>
    <include>
      <valueSet value="https://demis.rki.de/fhir/ValueSet/laboratoryTestHTVP" />
    </include>
    <include>
      <valueSet value="https://demis.rki.de/fhir/ValueSet/laboratoryTestINVP" />
    </include>
    <include>
      <valueSet value="https://demis.rki.de/fhir/ValueSet/laboratoryTestLEGP" />
    </include>
    <include>
      <valueSet value="https://demis.rki.de/fhir/ValueSet/laboratoryTestLEPP" />
    </include>
    <include>
      <valueSet value="https://demis.rki.de/fhir/ValueSet/laboratoryTestLISP" />
    </include>
    <include>
      <valueSet value="https://demis.rki.de/fhir/ValueSet/laboratoryTestLSVP" />
    </include>
    <include>
      <valueSet value="https://demis.rki.de/fhir/ValueSet/laboratoryTestMBVP" />
    </include>
    <include>
      <valueSet value="https://demis.rki.de/fhir/ValueSet/laboratoryTestMPMP" />
    </include>
    <include>
      <valueSet value="https://demis.rki.de/fhir/ValueSet/laboratoryTestMPVP" />
    </include>
    <include>
      <valueSet value="https://demis.rki.de/fhir/ValueSet/laboratoryTestMPXP" />
    </include>
    <include>
      <valueSet value="https://demis.rki.de/fhir/ValueSet/laboratoryTestMRAP" />
    </include>
    <include>
      <valueSet value="https://demis.rki.de/fhir/ValueSet/laboratoryTestMRSP" />
    </include>
    <include>
      <valueSet value="https://demis.rki.de/fhir/ValueSet/laboratoryTestMSVP" />
    </include>
    <include>
      <valueSet value="https://demis.rki.de/fhir/ValueSet/laboratoryTestMYLP" />
    </include>
    <include>
      <valueSet value="https://demis.rki.de/fhir/ValueSet/laboratoryTestMYTP" />
    </include>
    <include>
      <valueSet value="https://demis.rki.de/fhir/ValueSet/laboratoryTestNCVP" />
    </include>
    <include>
      <valueSet value="https://demis.rki.de/fhir/ValueSet/laboratoryTestNEIP" />
    </include>
    <include>
      <valueSet value="https://demis.rki.de/fhir/ValueSet/laboratoryTestNOVP" />
    </include>
    <include>
      <valueSet value="https://demis.rki.de/fhir/ValueSet/laboratoryTestOPXP" />
    </include>
    <include>
      <valueSet value="https://demis.rki.de/fhir/ValueSet/laboratoryTestPINP" />
    </include>
    <include>
      <valueSet value="https://demis.rki.de/fhir/ValueSet/laboratoryTestPKVP" />
    </include>
    <include>
      <valueSet value="https://demis.rki.de/fhir/ValueSet/laboratoryTestPLAP" />
    </include>
    <include>
      <valueSet value="https://demis.rki.de/fhir/ValueSet/laboratoryTestPOVP" />
    </include>
    <include>
      <valueSet value="https://demis.rki.de/fhir/ValueSet/laboratoryTestPVBP" />
    </include>
    <include>
      <valueSet value="https://demis.rki.de/fhir/ValueSet/laboratoryTestRBVP" />
    </include>
    <include>
      <valueSet value="https://demis.rki.de/fhir/ValueSet/laboratoryTestRICP" />
    </include>
    <include>
      <valueSet value="https://demis.rki.de/fhir/ValueSet/laboratoryTestRSVP" />
    </include>
    <include>
      <valueSet value="https://demis.rki.de/fhir/ValueSet/laboratoryTestRTVP" />
    </include>
    <include>
      <valueSet value="https://demis.rki.de/fhir/ValueSet/laboratoryTestRUVP" />
    </include>
    <include>
      <valueSet value="https://demis.rki.de/fhir/ValueSet/laboratoryTestSALP" />
    </include>
    <include>
      <valueSet value="https://demis.rki.de/fhir/ValueSet/laboratoryTestSHIP" />
    </include>
    <include>
      <valueSet value="https://demis.rki.de/fhir/ValueSet/laboratoryTestSPAP" />
    </include>
    <include>
      <valueSet value="https://demis.rki.de/fhir/ValueSet/laboratoryTestSPNP" />
    </include>
    <include>
      <valueSet value="https://demis.rki.de/fhir/ValueSet/laboratoryTestSPYP" />
    </include>
    <include>
      <valueSet value="https://demis.rki.de/fhir/ValueSet/laboratoryTestSTYP" />
    </include>
    <include>
      <valueSet value="https://demis.rki.de/fhir/ValueSet/laboratoryTestTRIP" />
    </include>
    <include>
      <valueSet value="https://demis.rki.de/fhir/ValueSet/laboratoryTestVCHP" />
    </include>
    <include>
      <valueSet value="https://demis.rki.de/fhir/ValueSet/laboratoryTestVZVP" />
    </include>
    <include>
      <valueSet value="https://demis.rki.de/fhir/ValueSet/laboratoryTestWBKP" />
    </include>
    <include>
      <valueSet value="https://demis.rki.de/fhir/ValueSet/laboratoryTestWNVP" />
    </include>
    <include>
      <valueSet value="https://demis.rki.de/fhir/ValueSet/laboratoryTestYENP" />
    </include>
    <include>
      <valueSet value="https://demis.rki.de/fhir/ValueSet/laboratoryTestYPSP" />
    </include>
    <include>
      <valueSet value="https://demis.rki.de/fhir/ValueSet/laboratoryTestZKVP" />
    </include>
  </compose>
</ValueSet>