<?xml version="1.0" encoding="UTF-8"?>
<ValueSet xmlns="http://hl7.org/fhir">
  <id value="notificationCategory"/>
  <url value="https://demis.rki.de/fhir/ValueSet/notificationCategory"/>
  <version value="2.0.0"/>
  <name value="NotificationCategory"/>
  <title value="Meldetatbestand"/>
  <status value="active"/>
  <experimental value="false"/>
  <date value="2024-12-27"/>
  <publisher value="Robert Koch-Institut"/>
  <description value="Das ValueSet NotificationCategory enthält die Codes der Meldetatbestände."/>
  <compose>
    <include>
      <system value="https://demis.rki.de/fhir/CodeSystem/notificationCategory"/>
      <version value="2.0.0"/>
    </include>
  </compose>
</ValueSet>
