<?xml version="1.0" encoding="utf-8"?>
<ValueSet xmlns="http://hl7.org/fhir">
  <id value="laboratoryTestPLAP" />
  <url value="https://demis.rki.de/fhir/ValueSet/laboratoryTestPLAP" />
  <version value="1.3.0" />
  <name value="LaboratoryTestPLAP" />
  <title value="Labortest für Plasmodium spp. (Malaria)" />
  <status value="active" />
  <experimental value="false" />
  <date value="2024-08-26" />
  <publisher value="Robert Koch-Institut" />
  <description value="Das ValueSet LaboratoryTestPLAP enthält die Codes der Labortests für Plasmodium spp. (Malaria)." />
  <copyright value="This material contains content from LOINC (http://loinc.org/). LOINC is copyright © 1995-2023, Regenstrief Institute, Inc. and the Logical Observation Identifiers Names and Codes (LOINC) Committee and is available at no cost under the license at http://loinc.org/license. LOINC® is a registered United States trademark of Regenstrief Institute, Inc.&#xD;&#xA;&#xD;&#xA;Dieses Material enthält Inhalte von LOINC (http://loinc.org/). LOINC ist urheberrechtlich geschützt © 1995-2023, Regenstrief Institute, Inc. und das Logical Observation Identifiers Names and Codes (LOINC) Committee und ist unter der Lizenz http://loinc.org/license kostenlos erhältlich. LOINC® ist eine eingetragene US-amerikanische Marke des Regenstrief Institute, Inc.&#xD;&#xA;&#xD;&#xA;Downloadbedingungen für LOINC-Übersetzungen für Anwendungszwecke in Deutschland&#xD;&#xA;Übersetzungen in verschiedenen Sprachen werden von &quot;LOINC® Adopters&quot;, meistens Behörden oder Forschungsinstituten verschiedener Länder, erstellt und an das Regenstrief Institute weitergegeben. Das Copyright für die Übersetzungen liegt beim Regenstrief Institute. Für Deutschland wird die LOINC®-Übersetzung durch das BfArM bereitgestellt. Die Übersetzungen werden durch das Regenstrief Institute als &quot;Linguistic Variants&quot; in den halbjährlichen LOINC®-Releases (Februar und August) veröffentlicht.&#xD;&#xA;&#xD;&#xA;Das Copyright für die Übersetzungen liegt beim Regenstrief Institute, 1101 W 10th St, Indianapolis, IN 46202, USA.&#xD;&#xA;&#xD;&#xA;Mit dem Download von Dateien kommt ein Nutzungsvertrag zwischen Ihnen und dem Regenstrief Institute zustande. Sie verpflichten sich, die unten verlinkten Nutzungs- und Abgabebedingungen für LOINC vom Regenstrief Institute einzuhalten." />
  <compose>
    <include>
      <system value="http://loinc.org" />
      <version value="2.78" />
      <concept>
        <code value="101305-1" />
        <display value="Plasmodium sp DNA [Presence] in Blood by NAA with non-probe detection" />
        <designation>
          <language value="de-DE" />
          <use>
            <system value="http://loinc.org" />
            <code value="LONG_COMMON_NAME" />
          </use>
          <value value="Plasmodium sp DNA [Nachweis] in Blut mittels Nukleinsäureamplifikation mit Detektion ohne Sonde" />
        </designation>
      </concept>
      <concept>
        <code value="10710-2" />
        <display value="Plasmodium sp identified in Blood by Thin film" />
        <designation>
          <language value="de-DE" />
          <use>
            <system value="http://loinc.org" />
            <code value="LONG_COMMON_NAME" />
          </use>
          <value value="Plasmodium sp identifiziert in Blut mittels Blutausstrich" />
        </designation>
      </concept>
      <concept>
        <code value="29305-0" />
        <display value="Medication prescribed" />
        <designation>
          <language value="de-DE" />
          <use>
            <system value="http://loinc.org" />
            <code value="LONG_COMMON_NAME" />
          </use>
          <value value="Medikation verschrieben" />
        </designation>
      </concept>
      <concept>
        <code value="32700-7" />
        <display value="Microscopic observation [Identifier] in Blood by Malaria smear" />
        <designation>
          <language value="de-DE" />
          <use>
            <system value="http://loinc.org" />
            <code value="LONG_COMMON_NAME" />
          </use>
          <value value="Mikroskopische Beobachtung [Nachweis oder Identität] in Blut mittels Malariaausstrich" />
        </designation>
      </concept>
      <concept>
        <code value="41447-4" />
        <display value="Plasmodium falciparum DNA [Presence] in Blood by NAA with probe detection" />
        <designation>
          <language value="de-DE" />
          <use>
            <system value="http://loinc.org" />
            <code value="LONG_COMMON_NAME" />
          </use>
          <value value="Plasmodium falciparum DNA [Nachweis] in Blut mittels Nukleinsäureamplifikation mit Sondendetektion" />
        </designation>
      </concept>
      <concept>
        <code value="41448-2" />
        <display value="Plasmodium malariae DNA [Presence] in Blood by NAA with probe detection" />
        <designation>
          <language value="de-DE" />
          <use>
            <system value="http://loinc.org" />
            <code value="LONG_COMMON_NAME" />
          </use>
          <value value="Plasmodium malariae DNA [Nachweis] in Blut mittels Nukleinsäureamplifikation mit Sondendetektion" />
        </designation>
      </concept>
      <concept>
        <code value="41449-0" />
        <display value="Plasmodium ovale DNA [Presence] in Blood by NAA with probe detection" />
        <designation>
          <language value="de-DE" />
          <use>
            <system value="http://loinc.org" />
            <code value="LONG_COMMON_NAME" />
          </use>
          <value value="Plasmodium ovale DNA [Nachweis] in Blut mittels Nukleinsäureamplifikation mit Sondendetektion" />
        </designation>
      </concept>
      <concept>
        <code value="41450-8" />
        <display value="Plasmodium vivax DNA [Presence] in Blood by NAA with probe detection" />
        <designation>
          <language value="de-DE" />
          <use>
            <system value="http://loinc.org" />
            <code value="LONG_COMMON_NAME" />
          </use>
          <value value="Plasmodium vivax DNA [Nachweis] in Blut mittels Nukleinsäureamplifikation mit Sondendetektion" />
        </designation>
      </concept>
      <concept>
        <code value="41852-5" />
        <display value="Microorganism or agent identified in Specimen" />
        <designation>
          <language value="de-DE" />
          <use>
            <system value="http://loinc.org" />
            <code value="LONG_COMMON_NAME" />
          </use>
          <value value="Mikroorganismus oder Erreger identifiziert in Probenmaterial" />
        </designation>
      </concept>
      <concept>
        <code value="47085-6" />
        <display value="Plasmodium sp DNA [Presence] in Blood by NAA with probe detection" />
        <designation>
          <language value="de-DE" />
          <use>
            <system value="http://loinc.org" />
            <code value="LONG_COMMON_NAME" />
          </use>
          <value value="Plasmodium sp DNA [Nachweis] in Blut mittels Nukleinsäureamplifikation mit Sondendetektion" />
        </designation>
      </concept>
      <concept>
        <code value="47260-5" />
        <display value="Plasmodium sp DNA [Identifier] in Blood by NAA with probe detection" />
        <designation>
          <language value="de-DE" />
          <use>
            <system value="http://loinc.org" />
            <code value="LONG_COMMON_NAME" />
          </use>
          <value value="Plasmodium sp DNA [Nachweis oder Identität] in Blut mittels Nukleinsäureamplifikation mit Sondendetektion" />
        </designation>
      </concept>
      <concept>
        <code value="48427-9" />
        <display value="Erythrocytes.Plasmodium sp infected/1000 erythrocytes in Blood" />
        <designation>
          <language value="de-DE" />
          <use>
            <system value="http://loinc.org" />
            <code value="LONG_COMMON_NAME" />
          </use>
          <value value="Erythrozyten.Plasmodium-sp-infiziert/1000 Erythrozyten in Blut" />
        </designation>
      </concept>
      <concept>
        <code value="51587-4" />
        <display value="Plasmodium sp [Presence] in Blood by Light microscopy" />
        <designation>
          <language value="de-DE" />
          <use>
            <system value="http://loinc.org" />
            <code value="LONG_COMMON_NAME" />
          </use>
          <value value="Plasmodium sp [Nachweis] in Blut mittels Lichtmikroskopie" />
        </designation>
      </concept>
      <concept>
        <code value="51865-4" />
        <display value="Plasmodium sp Ag [Identifier] in Blood" />
        <designation>
          <language value="de-DE" />
          <use>
            <system value="http://loinc.org" />
            <code value="LONG_COMMON_NAME" />
          </use>
          <value value="Plasmodium sp Antigen [Nachweis oder Identität] in Blut" />
        </designation>
      </concept>
      <concept>
        <code value="53556-7" />
        <display value="Erythrocytes.Plasmodium sp infected/100 erythrocytes in Blood" />
        <designation>
          <language value="de-DE" />
          <use>
            <system value="http://loinc.org" />
            <code value="LONG_COMMON_NAME" />
          </use>
          <value value="Erythrozyten.Plasmodium-sp-infiziert/100 Erythrozyten in Blut" />
        </designation>
      </concept>
      <concept>
        <code value="637-9" />
        <display value="Plasmodium sp identified in Blood by Thick film" />
        <designation>
          <language value="de-DE" />
          <use>
            <system value="http://loinc.org" />
            <code value="LONG_COMMON_NAME" />
          </use>
          <value value="Plasmodium sp identifiziert in Blut mittels dickem Tropfen" />
        </designation>
      </concept>
      <concept>
        <code value="70568-1" />
        <display value="Plasmodium knowlesi DNA [Presence] in Blood by NAA with probe detection" />
        <designation>
          <language value="de-DE" />
          <use>
            <system value="http://loinc.org" />
            <code value="LONG_COMMON_NAME" />
          </use>
          <value value="Plasmodium knowlesi DNA [Nachweis] in Blut mittels Nukleinsäureamplifikation mit Sondendetektion" />
        </designation>
      </concept>
      <concept>
        <code value="76772-3" />
        <display value="Plasmodium falciparum Ag [Presence] in Blood by Rapid immunoassay" />
        <designation>
          <language value="de-DE" />
          <use>
            <system value="http://loinc.org" />
            <code value="LONG_COMMON_NAME" />
          </use>
          <value value="Plasmodium falciparum Antigen [Nachweis] in Blut mittels Immunoassay-Schnelltest" />
        </designation>
      </concept>
    </include>
  </compose>
</ValueSet>