<?xml version="1.0" encoding="utf-8"?>
<ValueSet xmlns="http://hl7.org/fhir">
  <id value="laboratoryTestLISP" />
  <url value="https://demis.rki.de/fhir/ValueSet/laboratoryTestLISP" />
  <version value="1.9.0" />
  <name value="LaboratoryTestLISP" />
  <title value="Labortest für Listeria monocytogenes; Meldepflicht nur für den direkten Nachweis aus Blut, Liquor oder anderen normalerweise sterilen Substraten sowie aus Abstrichen von Neugeborenen" />
  <status value="active" />
  <experimental value="false" />
  <date value="2024-08-26" />
  <publisher value="Robert Koch-Institut" />
  <description value="Das ValueSet LaboratoryTestLISP enthält die Codes der Labortests für Listeria monocytogenes; Meldepflicht nur für den direkten Nachweis aus Blut, Liquor oder anderen normalerweise sterilen Substraten sowie aus Abstrichen von Neugeborenen." />
  <copyright value="This material contains content from LOINC (http://loinc.org/). LOINC is copyright © 1995-2023, Regenstrief Institute, Inc. and the Logical Observation Identifiers Names and Codes (LOINC) Committee and is available at no cost under the license at http://loinc.org/license. LOINC® is a registered United States trademark of Regenstrief Institute, Inc.&#xD;&#xA;&#xD;&#xA;Dieses Material enthält Inhalte von LOINC (http://loinc.org/). LOINC ist urheberrechtlich geschützt © 1995-2023, Regenstrief Institute, Inc. und das Logical Observation Identifiers Names and Codes (LOINC) Committee und ist unter der Lizenz http://loinc.org/license kostenlos erhältlich. LOINC® ist eine eingetragene US-amerikanische Marke des Regenstrief Institute, Inc.&#xD;&#xA;&#xD;&#xA;Downloadbedingungen für LOINC-Übersetzungen für Anwendungszwecke in Deutschland&#xD;&#xA;Übersetzungen in verschiedenen Sprachen werden von &quot;LOINC® Adopters&quot;, meistens Behörden oder Forschungsinstituten verschiedener Länder, erstellt und an das Regenstrief Institute weitergegeben. Das Copyright für die Übersetzungen liegt beim Regenstrief Institute. Für Deutschland wird die LOINC®-Übersetzung durch das BfArM bereitgestellt. Die Übersetzungen werden durch das Regenstrief Institute als &quot;Linguistic Variants&quot; in den halbjährlichen LOINC®-Releases (Februar und August) veröffentlicht.&#xD;&#xA;&#xD;&#xA;Das Copyright für die Übersetzungen liegt beim Regenstrief Institute, 1101 W 10th St, Indianapolis, IN 46202, USA.&#xD;&#xA;&#xD;&#xA;Mit dem Download von Dateien kommt ein Nutzungsvertrag zwischen Ihnen und dem Regenstrief Institute zustande. Sie verpflichten sich, die unten verlinkten Nutzungs- und Abgabebedingungen für LOINC vom Regenstrief Institute einzuhalten." />
  <compose>
    <include>
      <system value="http://loinc.org" />
      <version value="2.78" />
      <concept>
        <code value="105664-7" />
        <display value="Listeria sp DNA [Presence] in Specimen by NAA with probe detection" />
      </concept>
      <concept>
        <code value="41852-5" />
        <display value="Microorganism or agent identified in Specimen" />
        <designation>
          <language value="de-DE" />
          <use>
            <system value="http://loinc.org" />
            <code value="LONG_COMMON_NAME" />
          </use>
          <value value="Mikroorganismus oder Erreger identifiziert in Probenmaterial" />
        </designation>
      </concept>
      <concept>
        <code value="61369-5" />
        <display value="Listeria monocytogenes DNA [Presence] in Specimen by NAA with probe detection" />
        <designation>
          <language value="de-DE" />
          <use>
            <system value="http://loinc.org" />
            <code value="LONG_COMMON_NAME" />
          </use>
          <value value="Listeria monocytogenes DNA [Nachweis] in Probenmaterial mittels Nukleinsäureamplifikation mit Sondendetektion" />
        </designation>
      </concept>
      <concept>
        <code value="6609-2" />
        <display value="Listeria sp identified in Specimen by Organism specific culture" />
        <designation>
          <language value="de-DE" />
          <use>
            <system value="http://loinc.org" />
            <code value="LONG_COMMON_NAME" />
          </use>
          <value value="Listeria sp identifiziert in Probenmaterial mittels erregerspezifischer Kultur" />
        </designation>
      </concept>
      <concept>
        <code value="75756-7" />
        <display value="Bacteria identified in Isolate by MS.MALDI-TOF" />
        <designation>
          <language value="de-DE" />
          <use>
            <system value="http://loinc.org" />
            <code value="LONG_COMMON_NAME" />
          </use>
          <value value="Bakterien identifiziert in Isolat mittels MS.MALDI-TOF" />
        </designation>
      </concept>
      <concept>
        <code value="82184-3" />
        <display value="Listeria monocytogenes DNA [Presence] in Cerebral spinal fluid by NAA with non-probe detection" />
        <designation>
          <language value="de-DE" />
          <use>
            <system value="http://loinc.org" />
            <code value="LONG_COMMON_NAME" />
          </use>
          <value value="Listeria monocytogenes DNA [Nachweis] in Liquor mittels Nukleinsäureamplifikation mit Detektion ohne Sonde" />
        </designation>
      </concept>
      <concept>
        <code value="85763-1" />
        <display value="Listeria monocytogenes DNA [Presence] by NAA with non-probe detection in Positive blood culture" />
        <designation>
          <language value="de-DE" />
          <use>
            <system value="http://loinc.org" />
            <code value="LONG_COMMON_NAME" />
          </use>
          <value value="Listeria monocytogenes DNA [Nachweis] in positiver Blutkultur mittels Nukleinsäureamplifikation mit Detektion ohne Sonde" />
        </designation>
      </concept>
      <concept>
        <code value="90100-9" />
        <display value="Listeria sp identified in Isolate by Organism specific culture" />
        <designation>
          <language value="de-DE" />
          <use>
            <system value="http://loinc.org" />
            <code value="LONG_COMMON_NAME" />
          </use>
          <value value="Listeria sp identifiziert in Isolat mittels erregerspezifischer Kultur" />
        </designation>
      </concept>
      <concept>
        <code value="92780-6" />
        <display value="Listeria monocytogenes DNA [Presence] by NAA with probe detection in Positive blood culture" />
        <designation>
          <language value="de-DE" />
          <use>
            <system value="http://loinc.org" />
            <code value="LONG_COMMON_NAME" />
          </use>
          <value value="Listeria monocytogenes DNA [Nachweis] in positiver Blutkultur mittels Nukleinsäureamplifikation mit Sondendetektion" />
        </designation>
      </concept>
      <concept>
        <code value="99091-1" />
        <display value="Listeria monocytogenes DNA [Presence] in Cerebral spinal fluid by NAA with probe detection" />
        <designation>
          <language value="de-DE" />
          <use>
            <system value="http://loinc.org" />
            <code value="LONG_COMMON_NAME" />
          </use>
          <value value="Listeria monocytogenes DNA [Nachweis] in Liquor mittels Nukleinsäureamplifikation mit Sondendetektion" />
        </designation>
      </concept>
    </include>
    <include>
      <valueSet value="https://demis.rki.de/fhir/ValueSet/resistance" />
    </include>
    <include>
      <valueSet value="https://demis.rki.de/fhir/ValueSet/resistanceGene" />
    </include>
  </compose>
</ValueSet>