<?xml version="1.0" encoding="utf-8"?>
<StructureDefinition xmlns="http://hl7.org/fhir">
  <id value="DiseaseInformation" />
  <url value="https://demis.rki.de/fhir/StructureDefinition/DiseaseInformation" />
  <version value="1.3.0" />
  <name value="DiseaseInformation" />
  <title value="Meldetatbestandsspezifische klinische und epidemiologische Angaben" />
  <status value="active" />
  <date value="2024-09-04" />
  <description value="DiseaseInformation" />
  <fhirVersion value="4.0.1" />
  <kind value="resource" />
  <abstract value="false" />
  <type value="QuestionnaireResponse" />
  <baseDefinition value="http://hl7.org/fhir/StructureDefinition/QuestionnaireResponse" />
  <derivation value="constraint" />
  <differential>
    <element id="QuestionnaireResponse">
      <path value="QuestionnaireResponse" />
      <constraint>
        <key value="noItemText" />
        <severity value="error" />
        <human value="Für alle Items ist das text-Element (item.text) nicht erlaubt." />
        <expression value="repeat(item).all(text.count()=0)" />
      </constraint>
    </element>
    <element id="QuestionnaireResponse.basedOn">
      <path value="QuestionnaireResponse.basedOn" />
      <max value="0" />
    </element>
    <element id="QuestionnaireResponse.partOf">
      <path value="QuestionnaireResponse.partOf" />
      <max value="0" />
    </element>
    <element id="QuestionnaireResponse.questionnaire">
      <path value="QuestionnaireResponse.questionnaire" />
      <min value="1" />
      <mustSupport value="true" />
    </element>
    <element id="QuestionnaireResponse.status">
      <path value="QuestionnaireResponse.status" />
      <short value="Status der Fragebogeninhalte" />
      <definition value="Status der Fragebogeninhalte" />
    </element>
    <element id="QuestionnaireResponse.subject">
      <path value="QuestionnaireResponse.subject" />
      <short value="Verweis auf die in der Meldung benannte betroffene Person." />
      <definition value="Verweis auf die in der Meldung benannte betroffene Person. Hierbei handelt es sich grundsätzlich um den Verweis auf die in der Erregernachweismeldung als „subject“ referenzierte Patient Ressource." />
      <min value="1" />
      <type>
        <code value="Reference" />
        <targetProfile value="https://demis.rki.de/fhir/StructureDefinition/NotifiedPerson" />
      </type>
      <mustSupport value="true" />
    </element>
    <element id="QuestionnaireResponse.subject.reference">
      <path value="QuestionnaireResponse.subject.reference" />
      <min value="1" />
      <mustSupport value="true" />
    </element>
    <element id="QuestionnaireResponse.encounter">
      <path value="QuestionnaireResponse.encounter" />
      <max value="0" />
    </element>
    <element id="QuestionnaireResponse.authored">
      <path value="QuestionnaireResponse.authored" />
      <max value="0" />
    </element>
    <element id="QuestionnaireResponse.author">
      <path value="QuestionnaireResponse.author" />
      <max value="0" />
    </element>
    <element id="QuestionnaireResponse.source">
      <path value="QuestionnaireResponse.source" />
      <max value="0" />
    </element>
    <element id="QuestionnaireResponse.item">
      <path value="QuestionnaireResponse.item" />
      <min value="1" />
      <mustSupport value="true" />
    </element>
  </differential>
</StructureDefinition>