<?xml version="1.0" encoding="UTF-8"?>
<ValueSet xmlns="http://hl7.org/fhir">
  <id value="answerSetPregnancyWeek"/>
  <url value="https://demis.rki.de/fhir/ValueSet/answerSetPregnancyWeek"/>
  <version value="1.1.0"/>
  <name value="AnswerSetPregnancyWeek"/>
  <title value="Anwort Schwangerschaftswoche"/>
  <status value="active"/>
  <date value="2024-05-28"/>
  <description value="Das ValueSet AnswerSetPregnancyWeek enthält die Codes der Antwortmöglichkeiten für die Schwangerschaftswoche, nicht erhoben und nicht ermittelbar."/>
  <compose>
    <include>
      <system value="https://demis.rki.de/fhir/CodeSystem/pregnancyWeek"/>
      <version value="1.1.0"/>
    </include>
    <include>
      <system value="http://terminology.hl7.org/CodeSystem/v3-NullFlavor"/>
      <version value="2.1.0"/>
      <concept>
        <extension url="http://hl7.org/fhir/StructureDefinition/valueset-conceptOrder">
          <valueInteger value="99"/>
        </extension>
        <code value="ASKU"/>
        <display value="asked but unknown"/>
      </concept>
      <concept>
        <extension url="http://hl7.org/fhir/StructureDefinition/valueset-conceptOrder">
          <valueInteger value="100"/>
        </extension>
        <code value="NASK"/>
        <display value="not asked"/>
      </concept>
    </include>
  </compose>
</ValueSet>
