<?xml version="1.0" encoding="UTF-8"?>
<ValueSet xmlns="http://hl7.org/fhir">
  <id value="diagnosisHXXD"/>
  <url value="https://demis.rki.de/fhir/ValueSet/diagnosisHXXD"/>
  <version value="1.3.0"/>
  <name value="DiagnosisHXXD"/>
  <title value="Anwort diagnostizierte Krankheit bei Hepatitis"/>
  <status value="active"/>
  <date value="2024-05-28"/>
  <description value="Das ValueSet DiagnosisHXXD enthält die Codes der Antwortmöglichkeiten für die diagnostizierte Krankheit bei Hepatitis."/>
  <compose>
    <include>
      <system value="http://snomed.info/sct"/>
      <version value="http://snomed.info/sct/900000000000207008/version/20230901"/>
      <concept>
        <extension url="http://hl7.org/fhir/StructureDefinition/valueset-conceptOrder">
          <valueInteger value="6"/>
        </extension>
        <code value="40468003"/>
        <display value="Hepatitis A"/>
        <designation>
          <language value="en-US"/>
          <use>
            <system value="http://snomed.info/sct"/>
            <code value="900000000000003001"/>
          </use>
          <value value="Viral hepatitis, type A (disorder)"/>
        </designation>
      </concept>
      <concept>
        <extension url="http://hl7.org/fhir/StructureDefinition/valueset-conceptOrder">
          <valueInteger value="5"/>
        </extension>
        <code value="66071002"/>
        <display value="Hepatitis B"/>
        <designation>
          <language value="en-US"/>
          <use>
            <system value="http://snomed.info/sct"/>
            <code value="900000000000003001"/>
          </use>
          <value value="Viral hepatitis type B (disorder)"/>
        </designation>
      </concept>
      <concept>
        <extension url="http://hl7.org/fhir/StructureDefinition/valueset-conceptOrder">
          <valueInteger value="4"/>
        </extension>
        <code value="50711007"/>
        <display value="Hepatitis C"/>
        <designation>
          <language value="en-US"/>
          <use>
            <system value="http://snomed.info/sct"/>
            <code value="900000000000003001"/>
          </use>
          <value value="Viral hepatitis type C (disorder)"/>
        </designation>
      </concept>
      <concept>
        <extension url="http://hl7.org/fhir/StructureDefinition/valueset-conceptOrder">
          <valueInteger value="3"/>
        </extension>
        <code value="707341005"/>
        <display value="Hepatitis D"/>
        <designation>
          <language value="en-US"/>
          <use>
            <system value="http://snomed.info/sct"/>
            <code value="900000000000003001"/>
          </use>
          <value value="Viral hepatitis type D (disorder)"/>
        </designation>
      </concept>
      <concept>
        <extension url="http://hl7.org/fhir/StructureDefinition/valueset-conceptOrder">
          <valueInteger value="2"/>
        </extension>
        <code value="7111000119109"/>
        <display value="Hepatitis E"/>
        <designation>
          <language value="en-US"/>
          <use>
            <system value="http://snomed.info/sct"/>
            <code value="900000000000003001"/>
          </use>
          <value value="Viral hepatitis type E (disorder)"/>
        </designation>
      </concept>
    </include>
  </compose>
</ValueSet>
