<?xml version="1.0" encoding="UTF-8"?>
<ValueSet xmlns="http://hl7.org/fhir">
  <id value="answerSetResultOfPrevTreatmentMYTD"/>
  <url value="https://demis.rki.de/fhir/ValueSet/answerSetResultOfPrevTreatmentMYTD"/>
  <version value="1.3.0"/>
  <name value="AnswerSetResultOfPrevTreatmentMYTD"/>
  <title value="Anwort Ergebnis der Vorbehandlung bei Tuberkulose"/>
  <status value="active"/>
  <date value="2024-05-28"/>
  <description value="Das ValueSet AnswerSetResultOfPrevTreatmentMYTD enthält die Codes der Antwortmöglichkeiten für das Ergebnis der Vorbehandlung bei Tuberkulose."/>
  <compose>
    <include>
      <system value="http://snomed.info/sct"/>
      <version value="http://snomed.info/sct/900000000000207008/version/20230901"/>
      <concept>
        <extension url="http://hl7.org/fhir/StructureDefinition/valueset-conceptOrder">
          <valueInteger value="6"/>
        </extension>
        <code value="399307001"/>
        <display value="Unbekannt, da Patient ins Ausland oder unbekannt verzogen"/>
        <designation>
          <language value="en-US"/>
          <use>
            <system value="http://snomed.info/sct"/>
            <code value="900000000000003001"/>
          </use>
          <value value="Lost to follow-up (finding)"/>
        </designation>
      </concept>
      <concept>
        <extension url="http://hl7.org/fhir/StructureDefinition/valueset-conceptOrder">
          <valueInteger value="5"/>
        </extension>
        <code value="371001000"/>
        <display value="Abschluss der Behandlung mit Nachweis einer negativen Kultur"/>
        <designation>
          <language value="en-US"/>
          <use>
            <system value="http://snomed.info/sct"/>
            <code value="900000000000003001"/>
          </use>
          <value value="Patient cured (finding)"/>
        </designation>
      </concept>
      <concept>
        <extension url="http://hl7.org/fhir/StructureDefinition/valueset-conceptOrder">
          <valueInteger value="4"/>
        </extension>
        <code value="182992009"/>
        <display value="Abschluss der Behandlung ohne Nachweis einer negativen Kultur"/>
        <designation>
          <language value="en-US"/>
          <use>
            <system value="http://snomed.info/sct"/>
            <code value="900000000000003001"/>
          </use>
          <value value="Treatment completed (situation)"/>
        </designation>
      </concept>
      <concept>
        <extension url="http://hl7.org/fhir/StructureDefinition/valueset-conceptOrder">
          <valueInteger value="3"/>
        </extension>
        <code value="274512008"/>
        <display value="Abbruch der Behandlung"/>
        <designation>
          <language value="en-US"/>
          <use>
            <system value="http://snomed.info/sct"/>
            <code value="900000000000003001"/>
          </use>
          <value value="Drug therapy discontinued (situation)"/>
        </designation>
      </concept>
    </include>
    <include>
      <system value="http://terminology.hl7.org/CodeSystem/v3-NullFlavor"/>
      <version value="2.1.0"/>
      <concept>
        <extension url="http://hl7.org/fhir/StructureDefinition/valueset-conceptOrder">
          <valueInteger value="99"/>
        </extension>
        <code value="ASKU"/>
        <display value="asked but unknown"/>
      </concept>
      <concept>
        <extension url="http://hl7.org/fhir/StructureDefinition/valueset-conceptOrder">
          <valueInteger value="100"/>
        </extension>
        <code value="NASK"/>
        <display value="not asked"/>
      </concept>
    </include>
  </compose>
</ValueSet>
