<?xml version="1.0" encoding="UTF-8"?>
<ValueSet xmlns="http://hl7.org/fhir">
  <id value="evidenceSSPD"/>
  <url value="https://demis.rki.de/fhir/ValueSet/evidenceSSPD"/>
  <version value="1.3.1"/>
  <name value="EvidenceSSPD"/>
  <title value="Subakute sklerosierende Panenzephalitis (SSPE)-Symptom und -Manifestation"/>
  <status value="active"/>
  <date value="2024-08-30"/>
  <description value="Das ValueSet EvidenceSSPD enthält die Codes der subakute sklerosierende Panenzephalitis (SSPE)-Symptome und -Manifestationen."/>
  <compose>
    <include>
      <system value="http://snomed.info/sct"/>
      <version value="http://snomed.info/sct/900000000000207008/version/20230901"/>
      <concept>
        <code value="102943000"/>
        <display value="Persönlichkeitsveränderungen (z.B. Reizbarkeit)"/>
        <designation>
          <language value="en-US"/>
          <use>
            <system value="http://snomed.info/sct"/>
            <code value="900000000000003001"/>
          </use>
          <value value="Personality change (finding)"/>
        </designation>
      </concept>
      <concept>
        <code value="386806002"/>
        <display value="Kognitive Veränderungen (verstandesmäßige Veränderungen, z.B. Vergesslichkeit)"/>
        <designation>
          <language value="en-US"/>
          <use>
            <system value="http://snomed.info/sct"/>
            <code value="900000000000003001"/>
          </use>
          <value value="Impaired cognition (finding)"/>
        </designation>
      </concept>
      <concept>
        <code value="315245004"/>
        <display value="Rückgang der Leistungen in Schule"/>
        <designation>
          <language value="en-US"/>
          <use>
            <system value="http://snomed.info/sct"/>
            <code value="900000000000003001"/>
          </use>
          <value value="Deterioration in school performance (finding)"/>
        </designation>
      </concept>
      <concept>
        <code value="224398005"/>
        <display value="Rückgang der Leistungen in Ausbildung oder Beruf"/>
        <designation>
          <language value="en-US"/>
          <use>
            <system value="http://snomed.info/sct"/>
            <code value="900000000000003001"/>
          </use>
          <value value="Restricted work performance (finding)"/>
        </designation>
      </concept>
      <concept>
        <code value="17450006"/>
        <display value="Myoklonien"/>
        <designation>
          <language value="en-US"/>
          <use>
            <system value="http://snomed.info/sct"/>
            <code value="900000000000003001"/>
          </use>
          <value value="Myoclonus (finding)"/>
        </designation>
      </concept>
      <concept>
        <code value="91175000"/>
        <display value="Krampfanfälle"/>
        <designation>
          <language value="en-US"/>
          <use>
            <system value="http://snomed.info/sct"/>
            <code value="900000000000003001"/>
          </use>
          <value value="Seizure (finding)"/>
        </designation>
      </concept>
      <concept>
        <code value="397540003"/>
        <display value="Sehstörung"/>
        <designation>
          <language value="en-US"/>
          <use>
            <system value="http://snomed.info/sct"/>
            <code value="900000000000003001"/>
          </use>
          <value value="Visual impairment (disorder)"/>
        </designation>
      </concept>
      <concept>
        <code value="52448006"/>
        <display value="Demenz"/>
        <designation>
          <language value="en-US"/>
          <use>
            <system value="http://snomed.info/sct"/>
            <code value="900000000000003001"/>
          </use>
          <value value="Dementia (disorder)"/>
        </designation>
      </concept>
      <concept>
        <code value="20602000"/>
        <display value="Teilnahmslosigkeit"/>
        <designation>
          <language value="en-US"/>
          <use>
            <system value="http://snomed.info/sct"/>
            <code value="900000000000003001"/>
          </use>
          <value value="Indifference (finding)"/>
        </designation>
      </concept>
      <concept>
        <code value="371632003"/>
        <display value="Koma"/>
        <designation>
          <language value="en-US"/>
          <use>
            <system value="http://snomed.info/sct"/>
            <code value="900000000000003001"/>
          </use>
          <value value="Coma (disorder)"/>
        </designation>
      </concept>
      <concept>
        <code value="24473007"/>
        <display value="Apallisches Syndrom"/>
        <designation>
          <language value="en-US"/>
          <use>
            <system value="http://snomed.info/sct"/>
            <code value="900000000000003001"/>
          </use>
          <value value="Persistent vegetative state (disorder)"/>
        </designation>
      </concept>
      <concept>
        <code value="441781003:{47429007=710476004}"/>
        <display value="stark erhöhter Masern-IgG-Antikörpertiter im Serum"/>
        <designation>
          <language value="en-US"/>
          <use>
            <system value="http://snomed.info/sct"/>
            <code value="1119454002"/>
          </use>
          <value value="441781003 | Antibody titer above reference range (finding) | : {47429007 | Associated with (attribute) | = 710476004 | Immunoglobulin G antibody to Measles virus (substance) |}"/>
        </designation>
      </concept>
      <concept>
        <code value="441781003:{47429007=55347007}{47429007=315149000}"/>
        <display value="sehr hoch intrathekale Gesamt-IgG-Synthese (Reiberschema)"/>
        <designation>
          <language value="en-US"/>
          <use>
            <system value="http://snomed.info/sct"/>
            <code value="1119454002"/>
          </use>
          <value value="441781003 | Antibody titer above reference range (finding) | : {47429007 | Associated with (attribute) | = 55347007 | Cerebrospinal fluid immunoglobulin G synthesis rate (procedure) |}, {47429007 | Associated with (attribute) | = 315149000 | Measles immunoglobulin G level (procedure) |}"/>
        </designation>
      </concept>
      <concept>
        <code value="441781003:{418775008=1324000}{418775008=315149000}"/>
        <display value="erhöhter IgG-Masern-Antikörper-Index (Liquor/Serum)"/>
        <designation>
          <language value="en-US"/>
          <use>
            <system value="http://snomed.info/sct"/>
            <code value="1119454002"/>
          </use>
          <value value="441781003 | Antibody titer above reference range (finding) | : {418775008 | Finding method (attribute) | = 315149000 | Measles immunoglobulin G level (procedure) |}, {418775008 | Finding method (attribute) | = 1324000 | Cerebrospinal fluid immunoglobulin G ratio and immunoglobulin G index (procedure) |}"/>
        </designation>
      </concept>
    </include>
  </compose>
</ValueSet>
