<?xml version="1.0" encoding="UTF-8"?>
<ValueSet xmlns="http://hl7.org/fhir">
  <id value="answerSetInfectionPathOPXD"/>
  <url value="https://demis.rki.de/fhir/ValueSet/answerSetInfectionPathOPXD"/>
  <version value="1.3.1"/>
  <name value="AnswerSetInfectionPathOPXD"/>
  <title value="Antwort zum Infektionsweg bei Orthopocken, andere"/>
  <status value="active"/>
  <date value="2024-08-30"/>
  <description value="Das ValueSet AnswerSetInfectionPathOPXD enthält die Codes der Antwortmöglichkeiten für den Infektionsweg bei Orthopocken, andere."/>
  <compose>
    <include>
      <system value="http://snomed.info/sct"/>
      <version value="http://snomed.info/sct/900000000000207008/version/20230901"/>
      <concept>
        <code value="409699001"/>
        <display value="Mensch-zu-Mensch-Übertragung"/>
        <designation>
          <language value="en-US"/>
          <use>
            <system value="http://snomed.info/sct"/>
            <code value="900000000000003001"/>
          </use>
          <value value="Human to human transmission (qualifier value)"/>
        </designation>
      </concept>
      <concept>
        <code value="409496000:{704326004=424681004}"/>
        <display value="Kontakt zu infiziertem Tier"/>
        <designation>
          <language value="en-US"/>
          <use>
            <system value="http://snomed.info/sct"/>
            <code value="1119454002"/>
          </use>
          <value value="409496000 | Mode of transmission (observable entity) | : {704326004 | Precondition (attribute) | = 424681004 | Environment contains infected animal (finding) |}"/>
        </designation>
      </concept>
      <concept>
        <code value="74964007"/>
        <display value="-andere/sonstige-"/>
        <designation>
          <language value="en-US"/>
          <use>
            <system value="http://snomed.info/sct"/>
            <code value="900000000000003001"/>
          </use>
          <value value="Other (qualifier value)"/>
        </designation>
      </concept>
    </include>
    <include>
      <system value="http://terminology.hl7.org/CodeSystem/v3-NullFlavor"/>
      <version value="2.1.0"/>
      <concept>
        <code value="ASKU"/>
        <display value="asked but unknown"/>
      </concept>
      <concept>
        <code value="NASK"/>
        <display value="not asked"/>
      </concept>
    </include>
  </compose>
</ValueSet>
