<?xml version="1.0" encoding="UTF-8"?>
<ValueSet xmlns="http://hl7.org/fhir">
  <id value="answerSetMajorSiteMYTD"/>
  <url value="https://demis.rki.de/fhir/ValueSet/answerSetMajorSiteMYTD"/>
  <version value="1.2.0"/>
  <name value="AnswerSetMajorSiteMYTD"/>
  <title value="Anwort hauptsächlich betroffene Organ bei Tuberkulose"/>
  <status value="active"/>
  <date value="2024-05-28"/>
  <description value="Das ValueSet AnswerSetMajorSiteMYTD enthält die Codes der Antwortmöglichkeiten für das hauptsächlich betroffene Organ bei Tuberkulose."/>
  <compose>
    <include>
      <system value="http://snomed.info/sct"/>
      <version value="http://snomed.info/sct/900000000000207008/version/20230901"/>
      <concept>
        <extension url="http://hl7.org/fhir/StructureDefinition/valueset-conceptOrder">
          <valueInteger value="12"/>
        </extension>
        <code value="154283005"/>
        <display value="Lunge (Lungenparenchym,Tracheobronchialbaum, Kehlkopf)"/>
        <designation>
          <language value="en-US"/>
          <use>
            <system value="http://snomed.info/sct"/>
            <code value="900000000000003001"/>
          </use>
          <value value="Pulmonary tuberculosis (disorder)"/>
        </designation>
      </concept>
      <concept>
        <extension url="http://hl7.org/fhir/StructureDefinition/valueset-conceptOrder">
          <valueInteger value="11"/>
        </extension>
        <code value="186182003"/>
        <display value="Pleura"/>
        <designation>
          <language value="en-US"/>
          <use>
            <system value="http://snomed.info/sct"/>
            <code value="900000000000003001"/>
          </use>
          <value value="Tuberculosis of pleura (disorder)"/>
        </designation>
      </concept>
      <concept>
        <extension url="http://hl7.org/fhir/StructureDefinition/valueset-conceptOrder">
          <valueInteger value="10"/>
        </extension>
        <code value="78436002"/>
        <display value="Lymphknoten, intrathorakal"/>
        <designation>
          <language value="en-US"/>
          <use>
            <system value="http://snomed.info/sct"/>
            <code value="900000000000003001"/>
          </use>
          <value value="Tuberculosis of intrathoracic lymph nodes (disorder)"/>
        </designation>
      </concept>
      <concept>
        <extension url="http://hl7.org/fhir/StructureDefinition/valueset-conceptOrder">
          <valueInteger value="9"/>
        </extension>
        <code value="82495004"/>
        <display value="Lymphknoten, extrathorakal"/>
        <designation>
          <language value="en-US"/>
          <use>
            <system value="http://snomed.info/sct"/>
            <code value="900000000000003001"/>
          </use>
          <value value="Tuberculosis of mediastinal lymph nodes (disorder)"/>
        </designation>
      </concept>
      <concept>
        <extension url="http://hl7.org/fhir/StructureDefinition/valueset-conceptOrder">
          <valueInteger value="8"/>
        </extension>
        <code value="35984006"/>
        <display value="Wirbelsäule"/>
        <designation>
          <language value="en-US"/>
          <use>
            <system value="http://snomed.info/sct"/>
            <code value="900000000000003001"/>
          </use>
          <value value="Tuberculosis of vertebral column (disorder)"/>
        </designation>
      </concept>
      <concept>
        <extension url="http://hl7.org/fhir/StructureDefinition/valueset-conceptOrder">
          <valueInteger value="7"/>
        </extension>
        <code value="17653001"/>
        <display value="sonstige Knochen und Gelenke"/>
        <designation>
          <language value="en-US"/>
          <use>
            <system value="http://snomed.info/sct"/>
            <code value="900000000000003001"/>
          </use>
          <value value="Tuberculosis of bones and/or joints (disorder)"/>
        </designation>
      </concept>
      <concept>
        <extension url="http://hl7.org/fhir/StructureDefinition/valueset-conceptOrder">
          <valueInteger value="6"/>
        </extension>
        <code value="90302003"/>
        <display value="Hirnhaut"/>
        <designation>
          <language value="en-US"/>
          <use>
            <system value="http://snomed.info/sct"/>
            <code value="900000000000003001"/>
          </use>
          <value value="Tuberculosis of cerebral meninges (disorder)"/>
        </designation>
      </concept>
      <concept>
        <extension url="http://hl7.org/fhir/StructureDefinition/valueset-conceptOrder">
          <valueInteger value="5"/>
        </extension>
        <code value="10706006"/>
        <display value="sonstiges ZNS"/>
        <designation>
          <language value="en-US"/>
          <use>
            <system value="http://snomed.info/sct"/>
            <code value="900000000000003001"/>
          </use>
          <value value="Tuberculosis of central nervous system (disorder)"/>
        </designation>
      </concept>
      <concept>
        <extension url="http://hl7.org/fhir/StructureDefinition/valueset-conceptOrder">
          <valueInteger value="4"/>
        </extension>
        <code value="4445009"/>
        <display value="Urogenitaltrakt"/>
        <designation>
          <language value="en-US"/>
          <use>
            <system value="http://snomed.info/sct"/>
            <code value="900000000000003001"/>
          </use>
          <value value="Tuberculosis of genitourinary system (disorder)"/>
        </designation>
      </concept>
      <concept>
        <extension url="http://hl7.org/fhir/StructureDefinition/valueset-conceptOrder">
          <valueInteger value="3"/>
        </extension>
        <code value="186225008"/>
        <display value="Peritoneum, Verdauungstrakt"/>
        <designation>
          <language value="en-US"/>
          <use>
            <system value="http://snomed.info/sct"/>
            <code value="900000000000003001"/>
          </use>
          <value value="Tuberculosis of intestines, peritoneum and mesenteric glands (disorder)"/>
        </designation>
      </concept>
      <concept>
        <extension url="http://hl7.org/fhir/StructureDefinition/valueset-conceptOrder">
          <valueInteger value="2"/>
        </extension>
        <code value="182159002"/>
        <display value="Disseminierte Tuberkulose"/>
        <designation>
          <language value="en-US"/>
          <use>
            <system value="http://snomed.info/sct"/>
            <code value="900000000000003001"/>
          </use>
          <value value="Disseminated tuberculosis (disorder)"/>
        </designation>
      </concept>
      <concept>
        <extension url="http://hl7.org/fhir/StructureDefinition/valueset-conceptOrder">
          <valueInteger value="1"/>
        </extension>
        <code value="74964007"/>
        <display value="-andere/sonstige-"/>
        <designation>
          <language value="en-US"/>
          <use>
            <system value="http://snomed.info/sct"/>
            <code value="900000000000003001"/>
          </use>
          <value value="Other (qualifier value)"/>
        </designation>
      </concept>
    </include>
    <include>
      <system value="http://terminology.hl7.org/CodeSystem/v3-NullFlavor"/>
      <version value="2.1.0"/>
      <concept>
        <extension url="http://hl7.org/fhir/StructureDefinition/valueset-conceptOrder">
          <valueInteger value="99"/>
        </extension>
        <code value="ASKU"/>
        <display value="asked but unknown"/>
      </concept>
      <concept>
        <extension url="http://hl7.org/fhir/StructureDefinition/valueset-conceptOrder">
          <valueInteger value="100"/>
        </extension>
        <code value="NASK"/>
        <display value="not asked"/>
      </concept>
    </include>
  </compose>
</ValueSet>
