<?xml version="1.0" encoding="UTF-8"?>
<ValueSet xmlns="http://hl7.org/fhir">
  <id value="answerSetMethodCDFD"/>
  <url value="https://demis.rki.de/fhir/ValueSet/answerSetMethodCDFD"/>
  <version value="1.2.1"/>
  <name value="AnswerSetMethodCDFD"/>
  <title value="Anwort Nachweismethode Clostridioides-difficile-Erkrankung, schwere Verlaufsform"/>
  <status value="active"/>
  <date value="2024-08-30"/>
  <description value="Das ValueSet AnswerSetMethodCDFD enthält die Codes der Antwortmöglichkeiten für die Nachweismethode für Clostridioides-difficile-Erkrankung, schwere Verlaufsform."/>
  <compose>
    <include>
      <system value="http://snomed.info/sct"/>
      <version value="http://snomed.info/sct/900000000000207008/version/20230901"/>
      <concept>
        <code value="117963005:{363701004=39477002}"/>
        <display value="Nachweis von C.-difficile-Toxin A und/oder B aus Stuhl"/>
        <designation>
          <language value="en-US"/>
          <use>
            <system value="http://snomed.info/sct"/>
            <code value="1119454002"/>
          </use>
          <value value="117963005 | Clostridium difficile toxin A AND B assay (procedure) | : {363701004 | Direct substance (attribute) | = 39477002 | Feces (substance) |}"/>
        </designation>
      </concept>
      <concept>
        <code value="117963005+398545005:{363701004=39477002}"/>
        <display value="Nukleinsäure-Nachweis des C.-difficile-Toxin A- und/oder B-Gens aus Stuhl"/>
        <designation>
          <language value="en-US"/>
          <use>
            <system value="http://snomed.info/sct"/>
            <code value="1119454002"/>
          </use>
          <value value="117963005 | Clostridium difficile toxin A AND B assay (procedure) | + 398545005 | Nucleic acid assay (procedure) | : {363701004 | Direct substance (attribute) | = 39477002 | Feces (substance) |}"/>
        </designation>
      </concept>
      <concept>
        <code value="714797009"/>
        <display value="Histologischer Nachweis einer C.-difficile-Infektion aus Gewebe (Endoskopie, Kolektomie oder Autopsie)"/>
        <designation>
          <language value="en-US"/>
          <use>
            <system value="http://snomed.info/sct"/>
            <code value="900000000000003001"/>
          </use>
          <value value="Histologic test (procedure)"/>
        </designation>
      </concept>
      <concept>
        <code value="423590009:{418775008=423827005}"/>
        <display value="Endoskopischer Nachweis einer pseudomembranösen Kolitis"/>
        <designation>
          <language value="en-US"/>
          <use>
            <system value="http://snomed.info/sct"/>
            <code value="1119454002"/>
          </use>
          <value value="423590009 | Clostridium difficile colitis (disorder) | : {418775008 | Finding method (attribute) | = 423827005 | Endoscopy (procedure) |}"/>
        </designation>
      </concept>
      <concept>
        <code value="117963005:{363701004=386126001}"/>
        <display value="Nachweis von C.-difficile-Toxin A und/oder B aus dem Isolat"/>
        <designation>
          <language value="en-US"/>
          <use>
            <system value="http://snomed.info/sct"/>
            <code value="1119454002"/>
          </use>
          <value value="117963005 | Clostridium difficile toxin A AND B assay (procedure) | : {363701004 | Direct substance (attribute) | = 386126001 | Microbial isolate (substance) |}"/>
        </designation>
      </concept>
      <concept>
        <code value="117963005+398545005:{363701004=386126001}"/>
        <display value="Nukleinsäure-Nachweis des C.-difficile-Toxin A- und/oder B-Gens aus dem Isolat"/>
        <designation>
          <language value="en-US"/>
          <use>
            <system value="http://snomed.info/sct"/>
            <code value="1119454002"/>
          </use>
          <value value="117963005 | Clostridium difficile toxin A AND B assay (procedure) | + 398545005 | Nucleic acid assay (procedure) | : {363701004 | Direct substance (attribute) | = 386126001 | Microbial isolate (substance) |}"/>
        </designation>
      </concept>
      <concept>
        <code value="74964007"/>
        <display value="andere Labormethode"/>
        <designation>
          <language value="en-US"/>
          <use>
            <system value="http://snomed.info/sct"/>
            <code value="900000000000003001"/>
          </use>
          <value value="Other (qualifier value)"/>
        </designation>
      </concept>
    </include>
    <include>
      <system value="http://terminology.hl7.org/CodeSystem/v3-NullFlavor"/>
      <version value="2.1.0"/>
      <concept>
        <code value="ASKU"/>
        <display value="asked but unknown"/>
      </concept>
      <concept>
        <code value="NASK"/>
        <display value="not asked"/>
      </concept>
    </include>
  </compose>
</ValueSet>
