<?xml version="1.0" encoding="UTF-8"?>
<ValueSet xmlns="http://hl7.org/fhir">
  <id value="evidenceVZZD"/>
  <url value="https://demis.rki.de/fhir/ValueSet/evidenceVZZD"/>
  <version value="1.3.1"/>
  <name value="EvidenceVZZD"/>
  <title value="Herpes Zoster-Symptom und -Manifestation"/>
  <status value="active"/>
  <date value="2024-08-20"/>
  <description value="Das ValueSet EvidenceVZZD enthält die Codes der Herpes Zoster-Symptome und -Manifestationen."/>
  <compose>
    <include>
      <system value="http://snomed.info/sct"/>
      <version value="http://snomed.info/sct/900000000000207008/version/20230901"/>
      <concept>
        <code value="233604007"/>
        <display value="Lungenentzündung (Pneumonie)"/>
        <designation>
          <language value="en-US"/>
          <use>
            <system value="http://snomed.info/sct"/>
            <code value="900000000000003001"/>
          </use>
          <value value="Pneumonia (disorder)"/>
        </designation>
      </concept>
      <concept>
        <code value="193198003"/>
        <display value="bakterielle Superinfektion"/>
        <designation>
          <language value="en-US"/>
          <use>
            <system value="http://snomed.info/sct"/>
            <code value="900000000000003001"/>
          </use>
          <value value="Superimposed infection (disorder)"/>
        </designation>
      </concept>
      <concept>
        <code value="65363002"/>
        <display value="Entzündung des Mittelohrs (Otitis media)"/>
        <designation>
          <language value="en-US"/>
          <use>
            <system value="http://snomed.info/sct"/>
            <code value="900000000000003001"/>
          </use>
          <value value="Otitis media (disorder)"/>
        </designation>
      </concept>
      <concept>
        <code value="7180009"/>
        <display value="Meningitis"/>
        <designation>
          <language value="en-US"/>
          <use>
            <system value="http://snomed.info/sct"/>
            <code value="900000000000003001"/>
          </use>
          <value value="Meningitis (disorder)"/>
        </designation>
      </concept>
      <concept>
        <code value="45170000"/>
        <display value="Gehirnentzündung (Enzephalitis)"/>
        <designation>
          <language value="en-US"/>
          <use>
            <system value="http://snomed.info/sct"/>
            <code value="900000000000003001"/>
          </use>
          <value value="Encephalitis (disorder)"/>
        </designation>
      </concept>
      <concept>
        <code value="271807003:{363698007=244023005}{116676008=53788007}"/>
        <display value="Ausschlag, einseitig auf Hautsegment beschränkt, bläschenförmig"/>
        <designation>
          <language value="en-US"/>
          <use>
            <system value="http://snomed.info/sct"/>
            <code value="1119454002"/>
          </use>
          <value value="271807003 | Eruption of skin (disorder) | : {363698007 | Finding site (attribute) | = 244023005 | Dermatome (body structure) |}, {116676008 | Associated morphology (attribute) | = 53788007 | Vesicular rash (morphologic abnormality) |}"/>
        </designation>
      </concept>
      <concept>
        <code value="418290006"/>
        <display value="Jucken"/>
        <designation>
          <language value="en-US"/>
          <use>
            <system value="http://snomed.info/sct"/>
            <code value="900000000000003001"/>
          </use>
          <value value="Itching (finding)"/>
        </designation>
      </concept>
      <concept>
        <code value="90673000"/>
        <display value="Brennen"/>
        <designation>
          <language value="en-US"/>
          <use>
            <system value="http://snomed.info/sct"/>
            <code value="900000000000003001"/>
          </use>
          <value value="Burning sensation (finding)"/>
        </designation>
      </concept>
      <concept>
        <code value="386661006"/>
        <display value="Fieber"/>
        <designation>
          <language value="en-US"/>
          <use>
            <system value="http://snomed.info/sct"/>
            <code value="900000000000003001"/>
          </use>
          <value value="Fever (finding)"/>
        </designation>
      </concept>
      <concept>
        <code value="90834002"/>
        <display value="Gliederschmerzen"/>
        <designation>
          <language value="en-US"/>
          <use>
            <system value="http://snomed.info/sct"/>
            <code value="900000000000003001"/>
          </use>
          <value value="Pain in limb (finding)"/>
        </designation>
      </concept>
      <concept>
        <code value="423628002"/>
        <display value="Schmerzen im betroffenen Bereich (Zosterneuralgie)"/>
        <designation>
          <language value="en-US"/>
          <use>
            <system value="http://snomed.info/sct"/>
            <code value="900000000000003001"/>
          </use>
          <value value="Acute herpes zoster neuropathy (disorder)"/>
        </designation>
      </concept>
      <concept>
        <code value="112104007:{363698007=39937001}"/>
        <display value="Schmerzen, einseitig auf ein Hautsegment lokalisiert, ohne Ausschlag "/>
        <designation>
          <language value="en-US"/>
          <use>
            <system value="http://snomed.info/sct"/>
            <code value="1119454002"/>
          </use>
          <value value="112104007 | Localized pain (finding) | : {363698007 | Finding site (attribute) | = 39937001 | Skin structure (body structure) |}"/>
        </designation>
      </concept>
    </include>
  </compose>
</ValueSet>