<?xml version="1.0" encoding="UTF-8"?>
<ValueSet xmlns="http://hl7.org/fhir">
  <id value="answerSetFormCDFD"/>
  <url value="https://demis.rki.de/fhir/ValueSet/answerSetFormCDFD"/>
  <version value="1.2.1"/>
  <name value="AnswerSetFormCDFD"/>
  <title value="Antwort Clostridioides-difficile-Erkrankung, schwere Verlaufsform-Krankheitsform"/>
  <status value="active"/>
  <date value="2024-08-30"/>
  <description value="Das ValueSet AnswerSetFormCDFD enthält die Codes der Antwortmöglichkeiten für die Clostridioides-difficile-Erkrankung, schwere Verlaufsform-Krankheitsform."/>
  <compose>
    <include>
      <system value="http://snomed.info/sct"/>
      <version value="http://snomed.info/sct/900000000000207008/version/20230901"/>
      <concept>
        <code value="186431008:{288556008=305351004}"/>
        <display value="Aufnahme auf eine Intensivstation aufgrund einer C.-difficile-Infektion oder ihrer Komplikationen"/>
        <designation>
          <language value="en-US"/>
          <use>
            <system value="http://snomed.info/sct"/>
            <code value="1119454002"/>
          </use>
          <value value="186431008 | Infection caused by Clostridioides difficile (disorder) | : {288556008 | Before (attribute) | = 305351004 | Admission to intensive care unit (procedure) |}"/>
        </designation>
      </concept>
      <concept>
        <code value="186431008:{288556008=397821002}"/>
        <display value="Verlegung auf eine Intensivstation aufgrund einer C.-difficile-Infektion oder ihrer Komplikationen"/>
        <designation>
          <language value="en-US"/>
          <use>
            <system value="http://snomed.info/sct"/>
            <code value="1119454002"/>
          </use>
          <value value="186431008 | Infection caused by Clostridioides difficile (disorder) | : {288556008 | Before (attribute) | = 397821002 | Patient transfer to intensive care unit (procedure) |}"/>
        </designation>
      </concept>
      <concept>
        <code value="23968004"/>
        <display value="Chirurgischer Eingriff (Kolektomie) aufgrund eines Megakolons, einer Perforation oder einer refraktären Kolitis"/>
        <designation>
          <language value="en-US"/>
          <use>
            <system value="http://snomed.info/sct"/>
            <code value="900000000000003001"/>
          </use>
          <value value="Excision of colon (procedure)"/>
        </designation>
      </concept>
      <concept>
        <code value="419620001:{42752001=186431008}"/>
        <display value="Tod innerhalb von 30 Tage nach Diagnosestellung einer C.-difficile-Infektion in Zusammenhang mit der Erkrankung"/>
        <designation>
          <language value="en-US"/>
          <use>
            <system value="http://snomed.info/sct"/>
            <code value="1119454002"/>
          </use>
          <value value="419620001 | Death (event) | : {42752001 | Due to (attribute) | = 186431008 | Infection caused by Clostridioides difficile (disorder) |}"/>
        </designation>
      </concept>
      <concept>
        <code value="186431008:{288556008=32485007}"/>
        <display value="Aufnahme in eine medizinische Einrichtung zur Behandlung einer ambulant erworbenen C.-difficile-Erkrankung"/>
        <designation>
          <language value="en-US"/>
          <use>
            <system value="http://snomed.info/sct"/>
            <code value="1119454002"/>
          </use>
          <value value="186431008 | Infection caused by Clostridioides difficile (disorder) | : {288556008 | Before (attribute) | = 32485007 | Hospital admission (procedure) |}"/>
        </designation>
      </concept>
    </include>
    <include>
      <system value="http://terminology.hl7.org/CodeSystem/v3-NullFlavor"/>
      <version value="2.1.0"/>
      <concept>
        <code value="ASKU"/>
        <display value="asked but unknown"/>
      </concept>
      <concept>
        <code value="NASK"/>
        <display value="not asked"/>
      </concept>
    </include>
  </compose>
</ValueSet>
