<?xml version="1.0" encoding="UTF-8"?>
<ValueSet xmlns="http://hl7.org/fhir">
  <id value="answerSetInfectionRiskJobHTVD"/>
  <url value="https://demis.rki.de/fhir/ValueSet/answerSetInfectionRiskJobHTVD"/>
  <version value="1.2.1"/>
  <name value="AnswerSetInfectionRiskJobHTVD"/>
  <title value="Antwort zu Beruflichen Risiken bei Hantavirus-Erkrankung, hämorrhagischer Verlauf"/>
  <status value="active"/>
  <date value="2024-08-30"/>
  <description value="Das ValueSet AnswerSetInfectionRiskJobHTVD enthält die Codes der Antwortmöglichkeiten für die Beruflichen Risiken bei Hantavirus-Erkrankung, hämorrhagischer Verlauf."/>
  <compose>
    <include>
      <system value="http://snomed.info/sct"/>
      <version value="http://snomed.info/sct/900000000000207008/version/20230901"/>
      <concept>
        <code value="106524008"/>
        <display value="Bauarbeiter/-in"/>
        <designation>
          <language value="en-US"/>
          <use>
            <system value="http://snomed.info/sct"/>
            <code value="900000000000003001"/>
          </use>
          <value value="Construction worker (occupation)"/>
        </designation>
      </concept>
      <concept>
        <code value="106400003"/>
        <display value="Fischer/-in, Angler/-in"/>
        <designation>
          <language value="en-US"/>
          <use>
            <system value="http://snomed.info/sct"/>
            <code value="900000000000003001"/>
          </use>
          <value value="Fisherman (occupation)"/>
        </designation>
      </concept>
      <concept>
        <code value="34024003"/>
        <display value="Gärtner/in"/>
        <designation>
          <language value="en-US"/>
          <use>
            <system value="http://snomed.info/sct"/>
            <code value="900000000000003001"/>
          </use>
          <value value="Gardener (occupation)"/>
        </designation>
      </concept>
      <concept>
        <code value="159116001"/>
        <display value="Florist/in"/>
        <designation>
          <language value="en-US"/>
          <use>
            <system value="http://snomed.info/sct"/>
            <code value="900000000000003001"/>
          </use>
          <value value="Florist (occupation)"/>
        </designation>
      </concept>
      <concept>
        <code value="34484007"/>
        <display value="Förster/-in, Waldarbeiter /-in"/>
        <designation>
          <language value="en-US"/>
          <use>
            <system value="http://snomed.info/sct"/>
            <code value="900000000000003001"/>
          </use>
          <value value="Forestry worker (occupation)"/>
        </designation>
      </concept>
      <concept>
        <code value="72867000"/>
        <display value="Jäger/-in"/>
        <designation>
          <language value="en-US"/>
          <use>
            <system value="http://snomed.info/sct"/>
            <code value="900000000000003001"/>
          </use>
          <value value="Trapper and hunter (occupation)"/>
        </designation>
      </concept>
      <concept>
        <code value="160157004"/>
        <display value="Kanalarbeiter/-in"/>
        <designation>
          <language value="en-US"/>
          <use>
            <system value="http://snomed.info/sct"/>
            <code value="900000000000003001"/>
          </use>
          <value value="Sewerman (occupation)"/>
        </designation>
      </concept>
      <concept>
        <code value="160209004"/>
        <display value="Müllarbeiter/-in"/>
        <designation>
          <language value="en-US"/>
          <use>
            <system value="http://snomed.info/sct"/>
            <code value="900000000000003001"/>
          </use>
          <value value="Refuse collector/dustman (occupation)"/>
        </designation>
      </concept>
      <concept>
        <code value="106388008"/>
        <display value="Landwirt/-in"/>
        <designation>
          <language value="en-US"/>
          <use>
            <system value="http://snomed.info/sct"/>
            <code value="900000000000003001"/>
          </use>
          <value value="Farmer (occupation)"/>
        </designation>
      </concept>
      <concept>
        <code value="106390009"/>
        <display value="Landarbeiter/-in"/>
        <designation>
          <language value="en-US"/>
          <use>
            <system value="http://snomed.info/sct"/>
            <code value="900000000000003001"/>
          </use>
          <value value="Agricultural/animal husbandry worker (occupation)"/>
        </designation>
      </concept>
      <concept>
        <code value="308228003"/>
        <display value="Schäfer/-in"/>
        <designation>
          <language value="en-US"/>
          <use>
            <system value="http://snomed.info/sct"/>
            <code value="900000000000003001"/>
          </use>
          <value value="Shepherd (occupation)"/>
        </designation>
      </concept>
      <concept>
        <code value="106440009"/>
        <display value="Schlachthofmitarbeiter/-in; Metzger/-in"/>
        <designation>
          <language value="en-US"/>
          <use>
            <system value="http://snomed.info/sct"/>
            <code value="900000000000003001"/>
          </use>
          <value value="Butcher/meat preparer (occupation)"/>
        </designation>
      </concept>
      <concept>
        <code value="106290006"/>
        <display value="Tierarzt/Tierärztin"/>
        <designation>
          <language value="en-US"/>
          <use>
            <system value="http://snomed.info/sct"/>
            <code value="900000000000003001"/>
          </use>
          <value value="Veterinarian (occupation)"/>
        </designation>
      </concept>
      <concept>
        <code value="53216000"/>
        <display value="Tierarzthelfer/-in"/>
        <designation>
          <language value="en-US"/>
          <use>
            <system value="http://snomed.info/sct"/>
            <code value="900000000000003001"/>
          </use>
          <value value="Veterinary assistant (occupation)"/>
        </designation>
      </concept>
      <concept>
        <code value="224152001"/>
        <display value="Tierhalter/-in"/>
        <designation>
          <language value="en-US"/>
          <use>
            <system value="http://snomed.info/sct"/>
            <code value="900000000000003001"/>
          </use>
          <value value="Keeps pets (finding)"/>
        </designation>
      </concept>
      <concept>
        <code value="159462004"/>
        <display value="Tierhändler/-in"/>
        <designation>
          <language value="en-US"/>
          <use>
            <system value="http://snomed.info/sct"/>
            <code value="900000000000003001"/>
          </use>
          <value value="Animal trader (occupation)"/>
        </designation>
      </concept>
      <concept>
        <code value="74964007"/>
        <display value="-andere/sonstige-"/>
        <designation>
          <language value="en-US"/>
          <use>
            <system value="http://snomed.info/sct"/>
            <code value="900000000000003001"/>
          </use>
          <value value="Other (qualifier value)"/>
        </designation>
      </concept>
    </include>
    <include>
      <system value="http://terminology.hl7.org/CodeSystem/v3-NullFlavor"/>
      <version value="2.1.0"/>
      <concept>
        <code value="ASKU"/>
        <display value="asked but unknown"/>
      </concept>
      <concept>
        <code value="NASK"/>
        <display value="not asked"/>
      </concept>
    </include>
  </compose>
</ValueSet>
