<?xml version="1.0" encoding="UTF-8"?>
<ValueSet xmlns="http://hl7.org/fhir">
  <id value="answerSetCauseDiagnosisMYTD"/>
  <url value="https://demis.rki.de/fhir/ValueSet/answerSetCauseDiagnosisMYTD"/>
  <version value="1.3.0"/>
  <name value="AnswerSetCauseDiagnosisMYTD"/>
  <title value="Anwort Anlass der Diagnose bei Tuberkulose"/>
  <status value="active"/>
  <date value="2024-05-28"/>
  <description value="Das ValueSet AnswerSetCauseDiagnosisMYTD enthält die Codes der Antwortmöglichkeiten für den Anlass der Diagnosebei bei Tuberkulose."/>
  <compose>
    <include>
      <system value="http://snomed.info/sct"/>
      <version value="http://snomed.info/sct/900000000000207008/version/20230901"/>
      <concept>
        <extension url="http://hl7.org/fhir/StructureDefinition/valueset-conceptOrder">
          <valueInteger value="13"/>
        </extension>
        <code value="41769001:{246090004=404684003}"/>
        <display value="Abklärung tuberkulosebedingter Symptome"/>
        <designation>
          <language value="en-US"/>
          <use>
            <system value="http://snomed.info/sct"/>
            <code value="1119454002"/>
          </use>
          <value value="41769001 | Disease suspected (situation) | : {246090004 | Associated finding (attribute) | = 404684003 | Clinical finding (finding) |}"/>
        </designation>
      </concept>
      <concept>
        <extension url="http://hl7.org/fhir/StructureDefinition/valueset-conceptOrder">
          <valueInteger value="12"/>
        </extension>
        <code value="225058007"/>
        <display value="Umgebungsuntersuchung"/>
        <designation>
          <language value="en-US"/>
          <use>
            <system value="http://snomed.info/sct"/>
            <code value="900000000000003001"/>
          </use>
          <value value="Well person screening (procedure)"/>
        </designation>
      </concept>
      <concept>
        <extension url="http://hl7.org/fhir/StructureDefinition/valueset-conceptOrder">
          <valueInteger value="11"/>
        </extension>
        <code value="11999007+308537004"/>
        <display value="Überwachung gesunder Befundträger nach früherer Tuberkulose"/>
        <designation>
          <language value="en-US"/>
          <use>
            <system value="http://snomed.info/sct"/>
            <code value="1119454002"/>
          </use>
          <value value="11999007 | Inactive tuberculosis (disorder) | + 308537004 | Monitoring status (finding) |"/>
        </designation>
      </concept>
      <concept>
        <extension url="http://hl7.org/fhir/StructureDefinition/valueset-conceptOrder">
          <valueInteger value="10"/>
        </extension>
        <code value="281685003:{363702006=160734000}"/>
        <display value="Aufnahme in ein Alten- oder Pflegeheim"/>
        <designation>
          <language value="en-US"/>
          <use>
            <system value="http://snomed.info/sct"/>
            <code value="1119454002"/>
          </use>
          <value value="281685003 | Admission for care (procedure) | : {363702006 | Has focus (attribute) | = 160734000 | Lives in nursing home (finding) |}"/>
        </designation>
      </concept>
      <concept>
        <extension url="http://hl7.org/fhir/StructureDefinition/valueset-conceptOrder">
          <valueInteger value="9"/>
        </extension>
        <code value="313331005:{363702006=160736003}"/>
        <display value="Aufnahme in ein Obdachlosenheim"/>
        <designation>
          <language value="en-US"/>
          <use>
            <system value="http://snomed.info/sct"/>
            <code value="1119454002"/>
          </use>
          <value value="313331005 | Admission for social reasons (procedure) | : {363702006 | Has focus (attribute) | = 160736003 | Lives in a welfare home (finding) |}"/>
        </designation>
      </concept>
      <concept>
        <extension url="http://hl7.org/fhir/StructureDefinition/valueset-conceptOrder">
          <valueInteger value="8"/>
        </extension>
        <code value="45361006"/>
        <display value="Aufnahme in eine Justizvollzugsanstalt"/>
        <designation>
          <language value="en-US"/>
          <use>
            <system value="http://snomed.info/sct"/>
            <code value="900000000000003001"/>
          </use>
          <value value="Imprisonment (finding)"/>
        </designation>
      </concept>
      <concept>
        <extension url="http://hl7.org/fhir/StructureDefinition/valueset-conceptOrder">
          <valueInteger value="6"/>
        </extension>
        <code value="313331005:{370131001=390790000}"/>
        <display value="Asylbewerber/in, Aufnahme in eine Gemeinschaftsunterkunft"/>
        <designation>
          <language value="en-US"/>
          <use>
            <system value="http://snomed.info/sct"/>
            <code value="1119454002"/>
          </use>
          <value value="313331005 | Admission for social reasons (procedure) | : {370131001 | Recipient category (attribute) | = 390790000 | Asylum seeker (person) |}"/>
        </designation>
      </concept>
      <concept>
        <extension url="http://hl7.org/fhir/StructureDefinition/valueset-conceptOrder">
          <valueInteger value="5"/>
        </extension>
        <code value="313331005:{370131001=161158003}"/>
        <display value="Aussiedler/in, Aufnahme in eine Gemeinschaftsunterkunft"/>
        <designation>
          <language value="en-US"/>
          <use>
            <system value="http://snomed.info/sct"/>
            <code value="1119454002"/>
          </use>
          <value value="313331005 | Admission for social reasons (procedure) | : {370131001 | Recipient category (attribute) | = 161158003 | Immigrant (person) |}"/>
        </designation>
      </concept>
      <concept>
        <extension url="http://hl7.org/fhir/StructureDefinition/valueset-conceptOrder">
          <valueInteger value="4"/>
        </extension>
        <code value="313331005:{370131001=446654005}"/>
        <display value="Geflüchteter/-Geflüchtete, Aufnahme in eine Gemeinschaftsunterkunft"/>
        <designation>
          <language value="en-US"/>
          <use>
            <system value="http://snomed.info/sct"/>
            <code value="1119454002"/>
          </use>
          <value value="313331005 | Admission for social reasons (procedure) | : {370131001 | Recipient category (attribute) | = 446654005 | Refugee (person) |}"/>
        </designation>
      </concept>
      <concept>
        <extension url="http://hl7.org/fhir/StructureDefinition/valueset-conceptOrder">
          <valueInteger value="3"/>
        </extension>
        <code value="29240004"/>
        <display value="Obduktion"/>
        <designation>
          <language value="en-US"/>
          <use>
            <system value="http://snomed.info/sct"/>
            <code value="900000000000003001"/>
          </use>
          <value value="Autopsy examination (procedure)"/>
        </designation>
      </concept>
      <concept>
        <extension url="http://hl7.org/fhir/StructureDefinition/valueset-conceptOrder">
          <valueInteger value="2"/>
        </extension>
        <code value="168461002"/>
        <display value="Andere postmortale Untersuchung"/>
        <designation>
          <language value="en-US"/>
          <use>
            <system value="http://snomed.info/sct"/>
            <code value="900000000000003001"/>
          </use>
          <value value="Postmortem examination (procedure)"/>
        </designation>
      </concept>
      <concept>
        <extension url="http://hl7.org/fhir/StructureDefinition/valueset-conceptOrder">
          <valueInteger value="1"/>
        </extension>
        <code value="74964007"/>
        <display value="-andere/sonstige-"/>
        <designation>
          <language value="en-US"/>
          <use>
            <system value="http://snomed.info/sct"/>
            <code value="900000000000003001"/>
          </use>
          <value value="Other (qualifier value)"/>
        </designation>
      </concept>
    </include>
    <include>
      <system value="http://terminology.hl7.org/CodeSystem/v3-NullFlavor"/>
      <version value="2.1.0"/>
      <concept>
        <extension url="http://hl7.org/fhir/StructureDefinition/valueset-conceptOrder">
          <valueInteger value="99"/>
        </extension>
        <code value="ASKU"/>
        <display value="asked but unknown"/>
      </concept>
      <concept>
        <extension url="http://hl7.org/fhir/StructureDefinition/valueset-conceptOrder">
          <valueInteger value="100"/>
        </extension>
        <code value="NASK"/>
        <display value="not asked"/>
      </concept>
    </include>
  </compose>
</ValueSet>
