<?xml version="1.0" encoding="utf-8"?>
<CodeSystem xmlns="http://hl7.org/fhir">
  <id value="demisIdentifier" />
  <url value="https://demis.rki.de/fhir/CodeSystem/demisIdentifier" />
  <version value="1.0.0" />
  <name value="DemisIdentifier" />
  <title value="Demis-Identifier" />
  <status value="active" />
  <experimental value="false" />
  <date value="2025-03-28" />
  <publisher value="Robert Koch-Institut" />
  <contact>
    <telecom>
      <system value="email" />
      <value value="demis-support@rki.de" />
    </telecom>
  </contact>
  <description value="Das CodeSystem Demis-Identifier enthält die Codes der Demis-Identifier." />
  <jurisdiction>
    <coding>
      <system value="urn:iso:std:iso:3166" />
      <version value="ALPHA-2" />
      <code value="DE" />
    </coding>
  </jurisdiction>
  <copyright value="(C) 2021-2025 Robert Koch-Institut" />
  <caseSensitive value="false" />
  <valueSet value="https://demis.rki.de/fhir/ValueSet/demisIdentifier" />
  <content value="complete" />
  <count value="2" />
  <concept>
    <code value="notifcationBundleID" />
    <display value="Meldevorgangs-ID" />
  </concept>
  <concept>
    <code value="notificationID" />
    <display value="Meldungs-ID" />
  </concept>
</CodeSystem>