<?xml version="1.0" encoding="utf-8"?>
<StructureDefinition xmlns="http://hl7.org/fhir">
  <id value="PathogenDetectionSequence" />
  <url value="https://demis.rki.de/fhir/igs/StructureDefinition/PathogenDetectionSequence" />
  <version value="2.0.0" />
  <name value="PathogenDetectionSequence" />
  <title value="Sequenz-Erregernachweis" />
  <status value="active" />
  <date value="2024-07-24" />
  <description value="Der Sequenz-Erregernachweis enthält die Angaben über die erfolgte Sequenzierung mit dem Ergebnis der Spezies- oder Variantenbestimmung. Für die Übermittlung sind die für die DEMIS-Labormeldung (https://simplifier.net/rki.demis.laboratory) erregerspezifischen ValueSets zu verwenden." />
  <fhirVersion value="4.0.1" />
  <mapping>
    <identity value="sct-concept" />
    <uri value="http://snomed.info/conceptdomain" />
    <name value="SNOMED CT Concept Domain Binding" />
  </mapping>
  <mapping>
    <identity value="sct-attr" />
    <uri value="http://snomed.org/attributebinding" />
    <name value="SNOMED CT Attribute Binding" />
  </mapping>
  <kind value="resource" />
  <abstract value="true" />
  <type value="Observation" />
  <baseDefinition value="https://demis.rki.de/fhir/StructureDefinition/PathogenDetection" />
  <derivation value="constraint" />
  <differential>
    <element id="Observation.meta">
      <path value="Observation.meta" />
      <min value="1" />
      <mustSupport value="true" />
    </element>
    <element id="Observation.meta.profile">
      <path value="Observation.meta.profile" />
      <min value="1" />
      <max value="1" />
      <fixedCanonical value="https://demis.rki.de/fhir/igs/StructureDefinition/PathogenDetectionSequence" />
      <mustSupport value="true" />
    </element>
    <element id="Observation.subject">
      <path value="Observation.subject" />
      <short value="Betroffene Person (nichtnamentlich)" />
      <definition value="Betroffene Person (nichtnamentlich)" />
      <type>
        <code value="Reference" />
        <targetProfile value="https://demis.rki.de/fhir/StructureDefinition/NotifiedPersonNotByName" />
        <aggregation value="bundled" />
      </type>
    </element>
    <element id="Observation.specimen">
      <path value="Observation.specimen" />
      <short value="Verweis auf die dem Labortest zugrundeliegende Sequenz-Probe" />
      <definition value="Verweis auf die dem Labortest zugrundeliegende Sequenz-Probe." />
      <type>
        <code value="Reference" />
        <targetProfile value="https://demis.rki.de/fhir/igs/StructureDefinition/SpecimenSequence" />
        <aggregation value="bundled" />
      </type>
    </element>
    <element id="Observation.device">
      <path value="Observation.device" />
      <short value="Verweis auf das Sequenzierungsgerät" />
      <definition value="Verweis auf das Sequenzierungsgerät" />
      <min value="1" />
      <type>
        <code value="Reference" />
        <targetProfile value="https://demis.rki.de/fhir/igs/StructureDefinition/SequencingDevice" />
      </type>
      <mustSupport value="true" />
    </element>
    <element id="Observation.device.reference">
      <path value="Observation.device.reference" />
      <min value="1" />
      <mustSupport value="true" />
    </element>
    <element id="Observation.derivedFrom">
      <path value="Observation.derivedFrom" />
      <short value="Verweis auf die Sequenz" />
      <definition value="Verweis auf die Sequenz" />
      <min value="1" />
      <max value="1" />
      <type>
        <code value="Reference" />
        <targetProfile value="https://demis.rki.de/fhir/igs/StructureDefinition/Sequence" />
      </type>
      <mustSupport value="true" />
    </element>
    <element id="Observation.derivedFrom.reference">
      <path value="Observation.derivedFrom.reference" />
      <min value="1" />
      <mustSupport value="true" />
    </element>
  </differential>
</StructureDefinition>