<?xml version="1.0" encoding="UTF-8"?>
<ValueSet xmlns="http://hl7.org/fhir">
  <id value="postalCode"/>
  <url value="https://demis.rki.de/fhir/ValueSet/postalCode"/>
  <version value="1.2.0"/>
  <name value="PostalCode"/>
  <title value="Postleitzahl"/>
  <status value="retired" />
  <experimental value="false"/>
  <date value="2025-04-10" />
  <publisher value="Robert Koch-Institut"/>
  <description value="Das ValueSet PostalCode enthält die Codes der Postleitzahlen."/>
  <jurisdiction>
    <coding>
      <system value="urn:iso:std:iso:3166"/>
      <version value="ALPHA-2"/>
      <code value="DE"/>
    </coding>
  </jurisdiction>
  <compose>
    <include>
      <system value="https://demis.rki.de/fhir/CodeSystem/postalCode"/>
      <version value="1.1.0"/>
    </include>
  </compose>
</ValueSet>
