<?xml version="1.0" encoding="utf-8"?>
<ValueSet xmlns="http://hl7.org/fhir">
  <id value="organizationType" />
  <url value="https://demis.rki.de/fhir/ValueSet/organizationType" />
  <version value="1.5.2" />
  <name value="OrganizationType" />
  <title value="Einrichtungsart" />
  <status value="active" />
  <experimental value="false" />
  <date value="2025-03-18" />
  <publisher value="Robert Koch-Institut" />
  <contact>
    <telecom>
      <system value="email" />
      <value value="demis-support@rki.de" />
    </telecom>
  </contact>
  <description value="Das ValueSet OrganizationType enthält die Codes der Einrichtungsarten." />
  <jurisdiction>
    <coding>
      <system value="urn:iso:std:iso:3166" />
      <version value="ALPHA-2" />
      <code value="DE" />
    </coding>
  </jurisdiction>
  <copyright value="(C) 2021-2025 Robert Koch-Institut" />
  <compose>
    <include>
      <system value="https://demis.rki.de/fhir/CodeSystem/organizationType" />
      <version value="1.4.2" />
    </include>
  </compose>
</ValueSet>