<?xml version="1.0" encoding="utf-8"?>
<ValueSet xmlns="http://hl7.org/fhir">
  <id value="answerSetCORP" />
  <url value="https://demis.rki.de/fhir/ValueSet/answerSetCORP" />
  <version value="1.8.0" />
  <name value="AnswerSetCORP" />
  <title value="AnswerSet für Corynebacterium spp. (Toxin bildend)" />
  <status value="active" />
  <experimental value="false" />
  <date value="2024-09-30" />
  <publisher value="Robert Koch-Institut" />
  <description value="Das ValueSet AnswerSetCORP enthält die Codes der Answer-Codes für Corynebacterium spp. (Toxin bildend)." />
  <copyright value="This material includes SNOMED Clinical Terms® (SNOMED CT®) which is used by permission of the International Health Terminology Standards Development Organisation (IHTSDO). All rights reserved. SNOMED CT®, was originally created by The College of American Pathologists. “SNOMED” and “SNOMED CT” are registered trademarks of the IHTSDO.&#xD;&#xA;&#xD;&#xA;Dieses Material enthält SNOMED Clinical Terms® (SNOMED CT®), die mit Genehmigung der International Health Terminology Standards Development Organisation (IHTSDO) verwendet werden. Alle Rechte vorbehalten. SNOMED CT® wurde ursprünglich vom College of American Pathologists entwickelt. &quot;SNOMED&quot; und &quot;SNOMED CT&quot; sind eingetragene Warenzeichen der IHTSDO.&#xD;&#xA;&#xD;&#xA;Downloadbedingungen für SNOMED-CT&#xD;&#xA;&#xD;&#xA;Enthält durch SNOMED International urheberrechtlich geschützte Information. Jede Verwendung von SNOMED CT in Deutschland erfordert eine vollgültige Affiliate Lizenz oder eine Sublizenz. Die entsprechende Lizenz ist kostenlos, vorausgesetzt die Verwendung findet nur in Deutschland statt und erfüllt die Bedingungen des Affiliate License Agreements. Affiliate Lizenzen können über das Mitglieder-Lizenzierungs- und Distributions-Service (MLDS) direkt beim jeweiligen NRC beantragt werden. https://mlds.ihtsdotools.org/#/landing/DE?lang=de&#xD;&#xA;&#xD;&#xA;Contains information protected by copyright of SNOMED International. Any use of SNOMED CT in Austria requires a valid affiliate license or sublicense. The corresponding license is free of charge, provided that the use only takes place in Austria and fulfills the conditions of the Affiliate License Agreement. Affiliate licenses can be requested directly from the respective NRC via the Member Licensing and Distribution Service (MLDS). ttps://mlds.ihtsdotools.org/#/landing/DE?lang=de" />
  <compose>
    <include>
      <system value="http://snomed.info/sct" />
      <version value="http://snomed.info/sct/11000274103/version/20240515" />
      <concept>
        <extension url="http://hl7.org/fhir/StructureDefinition/valueset-conceptOrder">
          <valueInteger value="1" />
        </extension>
        <code value="103428000" />
        <display value="Corynebacterium ulcerans (organism)" />
        <designation>
          <language value="en-US" />
          <use>
            <system value="http://snomed.info/sct" />
            <code value="900000000000003001" />
          </use>
          <value value="Corynebacterium ulcerans (organism)" />
        </designation>
        <designation>
          <language value="de-DE" />
          <value value="Corynebacterium ulcerans" />
        </designation>
      </concept>
      <concept>
        <extension url="http://hl7.org/fhir/StructureDefinition/valueset-conceptOrder">
          <valueInteger value="1" />
        </extension>
        <code value="13755001" />
        <display value="Corynebacterium diphtheriae type mitis (organism)" />
        <designation>
          <language value="en-US" />
          <use>
            <system value="http://snomed.info/sct" />
            <code value="900000000000003001" />
          </use>
          <value value="Corynebacterium diphtheriae type mitis (organism)" />
        </designation>
        <designation>
          <language value="de-DE" />
          <value value="Corynebacterium diphtheriae, Typ mitis" />
        </designation>
      </concept>
      <concept>
        <extension url="http://hl7.org/fhir/StructureDefinition/valueset-conceptOrder">
          <valueInteger value="0" />
        </extension>
        <code value="443377006" />
        <display value="Toxigenic Corynebacterium diphtheriae (organism)" />
        <designation>
          <language value="en-US" />
          <use>
            <system value="http://snomed.info/sct" />
            <code value="900000000000003001" />
          </use>
          <value value="Toxigenic Corynebacterium diphtheriae (organism)" />
        </designation>
        <designation>
          <language value="de-DE" />
          <value value="Toxigene Corynebacterium diphtheriae" />
        </designation>
      </concept>
      <concept>
        <extension url="http://hl7.org/fhir/StructureDefinition/valueset-conceptOrder">
          <valueInteger value="1" />
        </extension>
        <code value="55084001" />
        <display value="Corynebacterium pseudotuberculosis (organism)" />
        <designation>
          <language value="en-US" />
          <use>
            <system value="http://snomed.info/sct" />
            <code value="900000000000003001" />
          </use>
          <value value="Corynebacterium pseudotuberculosis (organism)" />
        </designation>
        <designation>
          <language value="de-DE" />
          <value value="Corynebacterium pseudotuberculosis" />
        </designation>
      </concept>
      <concept>
        <extension url="http://hl7.org/fhir/StructureDefinition/valueset-conceptOrder">
          <valueInteger value="1" />
        </extension>
        <code value="5851001" />
        <display value="Corynebacterium diphtheriae (organism)" />
        <designation>
          <language value="en-US" />
          <use>
            <system value="http://snomed.info/sct" />
            <code value="900000000000003001" />
          </use>
          <value value="Corynebacterium diphtheriae (organism)" />
        </designation>
        <designation>
          <language value="de-DE" />
          <value value="Corynebacterium diphtheriae" />
        </designation>
      </concept>
      <concept>
        <extension url="http://hl7.org/fhir/StructureDefinition/valueset-conceptOrder">
          <valueInteger value="0" />
        </extension>
        <code value="70876001" />
        <display value="Corynebacterium diphtheriae type intermedius (organism)" />
        <designation>
          <language value="en-US" />
          <use>
            <system value="http://snomed.info/sct" />
            <code value="900000000000003001" />
          </use>
          <value value="Corynebacterium diphtheriae type intermedius (organism)" />
        </designation>
        <designation>
          <language value="de-DE" />
          <value value="Corynebacterium diphtheriae, Typ intermedius" />
        </designation>
      </concept>
      <concept>
        <extension url="http://hl7.org/fhir/StructureDefinition/valueset-conceptOrder">
          <valueInteger value="0" />
        </extension>
        <code value="719913002" />
        <display value="Toxigenic Corynebacterium ulcerans (organism)" />
        <designation>
          <language value="en-US" />
          <use>
            <system value="http://snomed.info/sct" />
            <code value="900000000000003001" />
          </use>
          <value value="Toxigenic Corynebacterium ulcerans (organism)" />
        </designation>
        <designation>
          <language value="de-DE" />
          <value value="Toxigene Corynebacterium ulcerans" />
        </designation>
      </concept>
      <concept>
        <extension url="http://hl7.org/fhir/StructureDefinition/valueset-conceptOrder">
          <valueInteger value="0" />
        </extension>
        <code value="722246003" />
        <display value="Toxigenic Corynebacterium pseudotuberculosis (organism)" />
        <designation>
          <language value="en-US" />
          <use>
            <system value="http://snomed.info/sct" />
            <code value="900000000000003001" />
          </use>
          <value value="Toxigenic Corynebacterium pseudotuberculosis (organism)" />
        </designation>
        <designation>
          <language value="de-DE" />
          <value value="Toxigene Corynebacterium pseudotuberculosis" />
        </designation>
      </concept>
      <concept>
        <extension url="http://hl7.org/fhir/StructureDefinition/valueset-conceptOrder">
          <valueInteger value="1" />
        </extension>
        <code value="77086004" />
        <display value="Genus Corynebacterium (organism)" />
        <designation>
          <language value="en-US" />
          <use>
            <system value="http://snomed.info/sct" />
            <code value="900000000000003001" />
          </use>
          <value value="Genus Corynebacterium (organism)" />
        </designation>
        <designation>
          <language value="de-DE" />
          <value value="Gattung Corynebacterium" />
        </designation>
      </concept>
      <concept>
        <extension url="http://hl7.org/fhir/StructureDefinition/valueset-conceptOrder">
          <valueInteger value="1" />
        </extension>
        <code value="83675005" />
        <display value="Corynebacterium diphtheriae type gravis (organism)" />
        <designation>
          <language value="en-US" />
          <use>
            <system value="http://snomed.info/sct" />
            <code value="900000000000003001" />
          </use>
          <value value="Corynebacterium diphtheriae type gravis (organism)" />
        </designation>
        <designation>
          <language value="de-DE" />
          <value value="Corynebacterium diphtheriae, Typ gravis" />
        </designation>
      </concept>
    </include>
    <include>
      <valueSet value="https://demis.rki.de/fhir/ValueSet/substanceCORP" />
    </include>
    <include>
      <valueSet value="https://demis.rki.de/fhir/ValueSet/answerSetLaboratoryTest-SNOMED" />
    </include>
    <include>
      <valueSet value="https://demis.rki.de/fhir/ValueSet/answerSetResistance-SNOMED" />
    </include>
  </compose>
</ValueSet>