<CodeSystem xmlns="http://hl7.org/fhir">
  <id value="noCountry" />
  <url value="https://demis.rki.de/fhir/CodeSystem/noCountry" />
  <version value="1.1.0" />
  <name value="NoCountry" />
  <title value="Staatenlos oder Ausland" />
  <status value="active" />
  <date value="2024-05-28" />
  <description value="Das CodeSystem NoCountry enthält die Codes zur Angabe für staatenlos und Ausland." />
  <caseSensitive value="false" />
  <valueSet value="https://demis.rki.de/fhir/ValueSet/noCountry" />
  <content value="complete" />
  <count value="2" />
  <concept>
    <extension url="http://hl7.org/fhir/StructureDefinition/codesystem-conceptOrder">
      <valueInteger value="98"/>
    </extension>
    <code value="31099997" />
    <display value="staatenlos" />
  </concept>
  <concept>
    <extension url="http://hl7.org/fhir/StructureDefinition/codesystem-conceptOrder">
      <valueInteger value="97"/>
    </extension>
    <code value="31099999" />
    <display value="Ausland (Land unbekannt)" />
  </concept>
</CodeSystem>
