<QuestionnaireResponse xmlns="http://hl7.org/fhir">
   <id value="3554cafb-cb2e-3c16-942a-f3124e19b6ed"></id>
   <meta>
      <profile value="https://demis.rki.de/fhir/StructureDefinition/DiseaseInformationRBVD"></profile>
   </meta>
   <questionnaire value="https://demis.rki.de/fhir/Questionnaire/DiseaseQuestionsRBVD"></questionnaire>
   <status value="completed"></status>
   <subject>
      <reference value="Patient/ebf5c161-e375-3a62-9608-f0a6c69bc902"></reference>
   </subject>
   <item>
      <linkId value="immunization"></linkId>
      <answer>
         <valueCoding>
            <system value="https://demis.rki.de/fhir/CodeSystem/yesOrNoAnswer"></system>
            <code value="yes"></code>
            <display value="Ja"></display>
         </valueCoding>
         <item>
            <linkId value="immunizationRef"></linkId>
            <answer>
               <valueReference>
                  <reference value="Immunization/99a998f5-aa3d-3042-9ccb-ff8798e517f9"></reference>
               </valueReference>
            </answer>
         </item>
         <item>
            <linkId value="immunizationRef"></linkId>
            <answer>
               <valueReference>
                  <reference value="Immunization/23326f19-53e0-3019-80ea-2daeef9197a3"></reference>
               </valueReference>
            </answer>
         </item>
         <item>
            <linkId value="immunizationRef"></linkId>
            <answer>
               <valueReference>
                  <reference value="Immunization/aae576e0-531d-3135-9c5f-32c19edb86f3"></reference>
               </valueReference>
            </answer>
         </item>
         <item>
            <linkId value="immunizationRef"></linkId>
            <answer>
               <valueReference>
                  <reference value="Immunization/dacb1cce-6d3f-326b-9607-a5f84615effa"></reference>
               </valueReference>
            </answer>
         </item>
         <item>
            <linkId value="immunizationRef"></linkId>
            <answer>
               <valueReference>
                  <reference value="Immunization/4912a0c2-32d2-38fd-a19e-cfa06737d9b6"></reference>
               </valueReference>
            </answer>
         </item>
      </answer>
   </item>
   <item>
      <linkId value="infectionRiskKindAnimal"></linkId>
      <answer>
         <valueCoding>
            <system value="http://snomed.info/sct"></system>
            <code value="448771007"></code>
            <display value="Hund"></display>
         </valueCoding>
      </answer>
   </item>
   <item>
      <linkId value="outbreak"></linkId>
      <answer>
         <valueCoding>
            <system value="https://demis.rki.de/fhir/CodeSystem/yesOrNoAnswer"></system>
            <code value="no"></code>
            <display value="Nein"></display>
         </valueCoding>
      </answer>
   </item>
</QuestionnaireResponse>