<DocumentReference xmlns="http://hl7.org/fhir">
   <meta>
      <profile value="https://demis.rki.de/fhir/igs/StructureDefinition/SequenceDocument"></profile>
   </meta>
   <status value="current"></status>
   <type>
      <coding>
         <system value="http://snomed.info/sct"></system>
         <code value="41482005"></code>
         <display value="Molecular sequence data (finding)"></display>
      </coding>
   </type>
   <content>
      <attachment>
         <contentType value="chemical/seq-na-fastq-gzip"></contentType>
         <title value="20004726_lib32570_nextseq_n0270_151bp_cleaned_R1.fastq.gz"></title>
      </attachment>
   </content>
</DocumentReference>