<Bundle xmlns="http://hl7.org/fhir">
   <meta>
      <lastUpdated value="2023-01-14T08:16:01.000+01:00"></lastUpdated>
      <profile value="https://demis.rki.de/fhir/igs/StructureDefinition/NotificationBundleSequence"></profile>
   </meta>
   <identifier>
      <system value="https://demis.rki.de/fhir/NamingSystem/NotificationBundleId"></system>
      <value value="fb8d651b-3305-34b9-9e7f-a7809b62767d"></value>
   </identifier>
   <type value="document"></type>
   <timestamp value="2023-01-14T08:16:01.000+01:00"></timestamp>
   <entry>
      <fullUrl value="https://demis.rki.de/fhir/igs/Composition/4a19589d-3ae8-3439-baea-b2e0f60a98b2"></fullUrl>
      <resource>
         <Composition xmlns="http://hl7.org/fhir">
            <id value="4a19589d-3ae8-3439-baea-b2e0f60a98b2"></id>
            <meta>
               <profile value="https://demis.rki.de/fhir/igs/StructureDefinition/NotificationSequence"></profile>
            </meta>
            <identifier>
               <system value="https://demis.rki.de/fhir/NamingSystem/NotificationId"></system>
               <value value="d1c9252a-9809-4f17-bc59-16d6b2abaaae"></value>
            </identifier>
            <status value="final"></status>
            <type>
               <coding>
                  <system value="http://loinc.org"></system>
                  <code value="34782-3"></code>
                  <display value="Infectious disease Note"></display>
               </coding>
            </type>
            <category>
               <coding>
                  <system value="http://loinc.org"></system>
                  <code value="11502-2"></code>
                  <display value="Laboratory report"></display>
               </coding>
            </category>
            <subject>
               <reference value="Patient/3661f735-d3db-3c22-909d-3a16a7334c1d"></reference>
            </subject>
            <date value="2023-01-14T08:16:00.000+01:00"></date>
            <author>
               <reference value="PractitionerRole/c92c9646-e0c8-3c3d-840c-33e505648a5c"></reference>
            </author>
            <title value="Sequenzmeldung"></title>
            <relatesTo>
               <code value="appends"></code>
               <targetReference>
                  <type value="Composition"></type>
                  <identifier>
                     <system value="https://demis.rki.de/fhir/NamingSystem/NotificationId"></system>
                     <value value="f8585efb-1872-4a4f-b88d-8c889e93487b"></value>
                  </identifier>
               </targetReference>
            </relatesTo>
            <section>
               <code>
                  <coding>
                     <system value="http://loinc.org"></system>
                     <code value="11502-2"></code>
                     <display value="Laboratory report"></display>
                  </coding>
               </code>
               <entry>
                  <reference value="DiagnosticReport/2e24f26e-c450-301c-ac1e-da2205a69e39"></reference>
               </entry>
            </section>
         </Composition>
      </resource>
   </entry>
   <entry>
      <fullUrl value="https://demis.rki.de/fhir/igs/Patient/3661f735-d3db-3c22-909d-3a16a7334c1d"></fullUrl>
      <resource>
         <Patient xmlns="http://hl7.org/fhir">
            <id value="3661f735-d3db-3c22-909d-3a16a7334c1d"></id>
            <meta>
               <profile value="https://demis.rki.de/fhir/StructureDefinition/NotifiedPersonNotByName"></profile>
            </meta>
            <gender value="male"></gender>
            <birthDate value="1978-12"></birthDate>
            <address>
               <extension url="https://demis.rki.de/fhir/StructureDefinition/AddressUse">
                  <valueCoding>
                     <system value="https://demis.rki.de/fhir/CodeSystem/addressUse"></system>
                     <code value="primary"></code>
                  </valueCoding>
               </extension>
               <postalCode value="130"></postalCode>
            </address>
         </Patient>
      </resource>
   </entry>
   <entry>
      <fullUrl value="https://demis.rki.de/fhir/igs/PractitionerRole/c92c9646-e0c8-3c3d-840c-33e505648a5c"></fullUrl>
      <resource>
         <PractitionerRole xmlns="http://hl7.org/fhir">
            <id value="c92c9646-e0c8-3c3d-840c-33e505648a5c"></id>
            <meta>
               <profile value="https://demis.rki.de/fhir/StructureDefinition/NotifierRole"></profile>
            </meta>
            <organization>
               <reference value="Organization/227a66a4-a2fe-34b9-ad24-55981d0d1d82"></reference>
            </organization>
         </PractitionerRole>
      </resource>
   </entry>
   <entry>
      <fullUrl value="https://demis.rki.de/fhir/igs/Organization/227a66a4-a2fe-34b9-ad24-55981d0d1d82"></fullUrl>
      <resource>
         <Organization xmlns="http://hl7.org/fhir">
            <id value="227a66a4-a2fe-34b9-ad24-55981d0d1d82"></id>
            <meta>
               <profile value="https://demis.rki.de/fhir/StructureDefinition/NotifierFacility"></profile>
            </meta>
            <identifier>
               <system value="https://demis.rki.de/fhir/NamingSystem/DemisLaboratoryId"></system>
               <value value="10285"></value>
            </identifier>
            <type>
               <coding>
                  <system value="https://demis.rki.de/fhir/CodeSystem/organizationType"></system>
                  <code value="refLab"></code>
                  <display value="Einrichtung der Spezialdiagnostik"></display>
               </coding>
            </type>
            <name value="Nationales Referenzzentrum für Influenza, FG17, RKI"></name>
            <telecom>
               <system value="email"></system>
               <value value="NRZ-Influenza@rki.de"></value>
               <use value="work"></use>
            </telecom>
            <address>
               <line value="Seestr. 10"></line>
               <city value="Berlin"></city>
               <postalCode value="13353"></postalCode>
               <country value="DE"></country>
            </address>
         </Organization>
      </resource>
   </entry>
   <entry>
      <fullUrl value="https://demis.rki.de/fhir/igs/PractitionerRole/d1b92d45-3811-3064-bad7-b3336e70e08c"></fullUrl>
      <resource>
         <PractitionerRole xmlns="http://hl7.org/fhir">
            <id value="d1b92d45-3811-3064-bad7-b3336e70e08c"></id>
            <meta>
               <profile value="https://demis.rki.de/fhir/StructureDefinition/SubmittingRole"></profile>
            </meta>
            <organization>
               <reference value="Organization/a42f380e-b23a-3f50-a096-26665a6e4257"></reference>
            </organization>
         </PractitionerRole>
      </resource>
   </entry>
   <entry>
      <fullUrl value="https://demis.rki.de/fhir/igs/Organization/a42f380e-b23a-3f50-a096-26665a6e4257"></fullUrl>
      <resource>
         <Organization xmlns="http://hl7.org/fhir">
            <id value="a42f380e-b23a-3f50-a096-26665a6e4257"></id>
            <meta>
               <profile value="https://demis.rki.de/fhir/StructureDefinition/SubmittingFacility"></profile>
            </meta>
            <identifier>
               <system value="https://fhir.kbv.de/NamingSystem/KBV_NS_Base_BSNR"></system>
               <value value="987654321"></value>
            </identifier>
            <name value="Primärlabor"></name>
            <telecom>
               <system value="phone"></system>
               <value value="03098765410"></value>
               <use value="work"></use>
            </telecom>
            <telecom>
               <system value="fax"></system>
               <value value="03098765411"></value>
               <use value="work"></use>
            </telecom>
            <telecom>
               <system value="email"></system>
               <value value="ifsg@primaerlabor-gibt-es-nicht.de"></value>
               <use value="work"></use>
            </telecom>
            <telecom>
               <system value="url"></system>
               <value value="http://primaerlabor-gibt-es-nicht.de"></value>
               <use value="work"></use>
            </telecom>
            <address>
               <line value="Dingsweg 321"></line>
               <city value="Berlin"></city>
               <postalCode value="13055"></postalCode>
               <country value="DE"></country>
            </address>
            <contact>
               <name>
                  <use value="official"></use>
                  <family value="Kontakt"></family>
                  <given value="Caroline"></given>
               </name>
            </contact>
         </Organization>
      </resource>
   </entry>
   <entry>
      <fullUrl value="https://demis.rki.de/fhir/igs/DiagnosticReport/2e24f26e-c450-301c-ac1e-da2205a69e39"></fullUrl>
      <resource>
         <DiagnosticReport xmlns="http://hl7.org/fhir">
            <id value="2e24f26e-c450-301c-ac1e-da2205a69e39"></id>
            <meta>
               <profile value="https://demis.rki.de/fhir/igs/StructureDefinition/LaboratoryReportSequence"></profile>
            </meta>
            <status value="final"></status>
            <code>
               <coding>
                  <system value="https://demis.rki.de/fhir/CodeSystem/notificationCategory"></system>
                  <code value="cvdp"></code>
                  <display value="Severe-Acute-Respiratory-Syndrome-Coronavirus-2 (SARS-CoV-2)"></display>
               </coding>
            </code>
            <subject>
               <reference value="Patient/3661f735-d3db-3c22-909d-3a16a7334c1d"></reference>
            </subject>
            <issued value="2023-01-14T08:15:00.000+01:00"></issued>
            <result>
               <reference value="Observation/30aefd63-f71c-39b2-9191-8c162310c9c2"></reference>
            </result>
            <conclusion value="NACHWEIS eines meldepflichtigen Erregers"></conclusion>
            <conclusionCode>
               <coding>
                  <system value="https://demis.rki.de/fhir/CodeSystem/conclusionCode"></system>
                  <code value="pathogenDetected"></code>
                  <display value="Meldepflichtiger Erreger nachgewiesen"></display>
               </coding>
            </conclusionCode>
         </DiagnosticReport>
      </resource>
   </entry>
   <entry>
      <fullUrl value="https://demis.rki.de/fhir/igs/Observation/30aefd63-f71c-39b2-9191-8c162310c9c2"></fullUrl>
      <resource>
         <Observation xmlns="http://hl7.org/fhir">
            <id value="30aefd63-f71c-39b2-9191-8c162310c9c2"></id>
            <meta>
               <profile value="https://demis.rki.de/fhir/igs/StructureDefinition/PathogenDetectionSequence"></profile>
            </meta>
            <status value="final"></status>
            <category>
               <coding>
                  <system value="http://terminology.hl7.org/CodeSystem/observation-category"></system>
                  <code value="laboratory"></code>
               </coding>
            </category>
            <code>
               <coding>
                  <system value="http://loinc.org"></system>
                  <code value="96741-4"></code>
                  <display value="SARS-CoV-2 (COVID-19) variant Sequencing Nom (Specimen)"></display>
               </coding>
            </code>
            <subject>
               <reference value="Patient/3661f735-d3db-3c22-909d-3a16a7334c1d"></reference>
            </subject>
            <valueString value="BA.5.1.28"></valueString>
            <interpretation>
               <coding>
                  <system value="http://terminology.hl7.org/CodeSystem/v3-ObservationInterpretation"></system>
                  <code value="POS"></code>
               </coding>
            </interpretation>
            <method>
               <coding>
                  <system value="http://snomed.info/sct"></system>
                  <code value="117040002"></code>
                  <display value="Nucleic acid sequencing (procedure)"></display>
               </coding>
            </method>
            <specimen>
               <reference value="Specimen/43b3b82f-656f-3e3d-a510-0109771c9e97"></reference>
            </specimen>
            <device>
               <reference value="Device/b075aba8-edcb-38f7-973a-6ba64b240a3e"></reference>
            </device>
            <derivedFrom>
               <reference value="MolecularSequence/26038f18-8c2d-3ad7-90e6-f52cfd779262"></reference>
            </derivedFrom>
         </Observation>
      </resource>
   </entry>
   <entry>
      <fullUrl value="https://demis.rki.de/fhir/igs/Specimen/43b3b82f-656f-3e3d-a510-0109771c9e97"></fullUrl>
      <resource>
         <Specimen xmlns="http://hl7.org/fhir">
            <id value="43b3b82f-656f-3e3d-a510-0109771c9e97"></id>
            <meta>
               <profile value="https://demis.rki.de/fhir/igs/StructureDefinition/SpecimenSequence"></profile>
            </meta>
            <status value="available"></status>
            <type>
               <coding>
                  <system value="http://snomed.info/sct"></system>
                  <code value="258604001"></code>
                  <display value="Upper respiratory specimen (specimen)"></display>
               </coding>
            </type>
            <subject>
               <reference value="Patient/3661f735-d3db-3c22-909d-3a16a7334c1d"></reference>
            </subject>
            <receivedTime value="2022-12-29T15:40:00.000+01:00"></receivedTime>
            <collection>
               <collector>
                  <reference value="PractitionerRole/d1b92d45-3811-3064-bad7-b3336e70e08c"></reference>
               </collector>
               <collectedDateTime value="2022-12-29T09:50:00.000+01:00"></collectedDateTime>
            </collection>
            <processing>
               <description value="ARTICv4"></description>
               <procedure>
                  <coding>
                     <system value="https://demis.rki.de/fhir/igs/CodeSystem/sequencingStrategy"></system>
                     <code value="amplicon"></code>
                  </coding>
               </procedure>
               <timeDateTime value="2023-01-13T10:40:00.000+01:00"></timeDateTime>
            </processing>
         </Specimen>
      </resource>
   </entry>
   <entry>
      <fullUrl value="https://demis.rki.de/fhir/igs/Device/b075aba8-edcb-38f7-973a-6ba64b240a3e"></fullUrl>
      <resource>
         <Device xmlns="http://hl7.org/fhir">
            <id value="b075aba8-edcb-38f7-973a-6ba64b240a3e"></id>
            <meta>
               <profile value="https://demis.rki.de/fhir/igs/StructureDefinition/SequencingDevice"></profile>
            </meta>
            <deviceName>
               <name value="GridION"></name>
               <type value="model-name"></type>
            </deviceName>
            <type>
               <coding>
                  <system value="https://demis.rki.de/fhir/igs/CodeSystem/sequencingPlatform"></system>
                  <code value="oxford_nanopore"></code>
                  <display value="Oxford Nanopore platform type. nanopore-based electronic single molecule analysis."></display>
               </coding>
            </type>
         </Device>
      </resource>
   </entry>
   <entry>
      <fullUrl value="https://demis.rki.de/fhir/igs/MolecularSequence/26038f18-8c2d-3ad7-90e6-f52cfd779262"></fullUrl>
      <resource>
         <MolecularSequence xmlns="http://hl7.org/fhir">
            <id value="26038f18-8c2d-3ad7-90e6-f52cfd779262"></id>
            <meta>
               <profile value="https://demis.rki.de/fhir/igs/StructureDefinition/Sequence"></profile>
            </meta>
            <extension url="https://demis.rki.de/fhir/igs/StructureDefinition/SequenceAuthor">
               <valueString value="Ralf Dürrwald, Stephan Fuchs, Stefan Kroeger, Marianne Wedde, Oliver Drechsel, Aleksandar Radonic, Rene Kmiecinski, Thorsten Wolff"></valueString>
            </extension>
            <extension url="https://demis.rki.de/fhir/igs/StructureDefinition/SequencingReason">
               <valueCoding>
                  <system value="http://snomed.info/sct"></system>
                  <code value="255226008"></code>
                  <display value="Random (qualifier value)"></display>
               </valueCoding>
            </extension>
            <extension url="https://demis.rki.de/fhir/igs/StructureDefinition/SequenceDocumentReference">
               <valueReference>
                  <reference value="https://demis.rki.de/fhir/igs/DocumentReference/ecd3f1f0-b6b6-46e0-b721-2d9869ab8195"></reference>
                  <type value="DocumentReference"></type>
               </valueReference>
            </extension>
            <identifier>
               <value value="A384"></value>
            </identifier>
            <type value="dna"></type>
            <coordinateSystem value="0"></coordinateSystem>
            <specimen>
               <reference value="Specimen/43b3b82f-656f-3e3d-a510-0109771c9e97"></reference>
            </specimen>
            <device>
               <reference value="Device/b075aba8-edcb-38f7-973a-6ba64b240a3e"></reference>
            </device>
            <performer>
               <reference value="Organization/227a66a4-a2fe-34b9-ad24-55981d0d1d82"></reference>
            </performer>
            <repository>
               <extension url="https://demis.rki.de/fhir/igs/StructureDefinition/SequenceUploadDate">
                  <valueDateTime value="2023-02-10"></valueDateTime>
               </extension>
               <extension url="https://demis.rki.de/fhir/igs/StructureDefinition/SequenceUploadSubmitter">
                  <valueString value="O Drechsel"></valueString>
               </extension>
               <extension url="https://demis.rki.de/fhir/igs/StructureDefinition/SequenceUploadStatus">
                  <valueCoding>
                     <system value="http://snomed.info/sct"></system>
                     <code value="385645004"></code>
                  </valueCoding>
               </extension>
               <type value="other"></type>
               <name value="gisaid"></name>
               <datasetId value="EPI_ISL_16883504"></datasetId>
            </repository>
         </MolecularSequence>
      </resource>
   </entry>
</Bundle>