<?xml version="1.0" encoding="UTF-8"?>
<StructureDefinition xmlns="http://hl7.org/fhir">
  <id value="SpecimenCVSP"/>
  <url value="https://demis.rki.de/fhir/StructureDefinition/SpecimenCVSP"/>
  <version value="2.0.0"/>
  <name value="SpecimenCVSP"/>
  <title value="Probe für Severe-Acute-Respiratory-Syndrome-Coronavirus-1 (SARS-CoV-1) (2003)"/>
  <status value="active"/>
  <date value="2024-08-05"/>
  <description value="Die Probe für Severe-Acute-Respiratory-Syndrome-Coronavirus-1 (SARS-CoV-1) (2003) spezifiziert die Probe hinsichtlich des Probenmaterials für Severe-Acute-Respiratory-Syndrome-Coronavirus-1 (SARS-CoV-1) (2003)."/>
  <fhirVersion value="4.0.1"/>
  <kind value="resource"/>
  <abstract value="false"/>
  <type value="Specimen"/>
  <baseDefinition value="https://demis.rki.de/fhir/StructureDefinition/Specimen"/>
  <derivation value="constraint"/>
  <differential>
    <element id="Specimen.meta">
      <path value="Specimen.meta"/>
      <min value="1"/>
      <mustSupport value="true"/>
    </element>
    <element id="Specimen.meta.profile">
      <path value="Specimen.meta.profile"/>
      <min value="1"/>
      <max value="1"/>
      <fixedCanonical value="https://demis.rki.de/fhir/StructureDefinition/SpecimenCVSP"/>
      <mustSupport value="true"/>
    </element>
    <element id="Specimen.type">
      <path value="Specimen.type"/>
      <definition value="Art des Probenmaterials. Der Wert muss entsprechend des vom RKI definierten ValueSets (https://demis.rki.de/fhir/ValueSet/materialCVSP) im coding Element dargestellt werden."/>
    </element>
    <element id="Specimen.type.coding">
      <path value="Specimen.type.coding"/>
      <binding>
        <strength value="required"/>
        <valueSet value="https://demis.rki.de/fhir/ValueSet/materialCVSP"/>
      </binding>
    </element>
  </differential>
</StructureDefinition>