<?xml version="1.0" encoding="UTF-8"?>
<CodeSystem xmlns="http://hl7.org/fhir">
  <id value="repositoryName"/>
  <url value="https://demis.rki.de/fhir/CodeSystem/repositoryName"/>
  <version value="1.1.0"/>
  <name value="RepositoryName"/>
  <title value="Name des Repository"/>
  <status value="active"/>
  <experimental value="false"/>
  <date value="2023-12-28"/>
  <publisher value="Robert Koch-Institut"/>
  <description value="Das CodeSystem RepositoryName enthält die Codes der Namen der Online-Datenbanken (Repositories)."/>
  <caseSensitive value="false"/>
  <valueSet value="https://demis.rki.de/fhir/ValueSet/repositoryName"/>
  <content value="complete"/>
  <count value="6"/>
  <concept>
    <code value="gisaid"/>
    <display value="GISAID"/>
  </concept>
  <concept>
    <code value="ena"/>
    <display value="ENA"/>
  </concept>
  <concept>
    <code value="sra"/>
    <display value="SRA"/>
  </concept>
  <concept>
    <code value="pubmlst"/>
    <display value="PubMLST"/>
  </concept>
  <concept>
    <code value="genbank"/>
    <display value="GenBank"/>
  </concept>
  <concept>
    <code value="other"/>
    <display value="OTHER"/>
  </concept>
</CodeSystem>
