<?xml version="1.0" encoding="UTF-8"?>
<CodeSystem xmlns="http://hl7.org/fhir">
  <id value="sequencingSubstances"/>
  <url value="https://demis.rki.de/fhir/CodeSystem/sequencingSubstances"/>
  <version value="1.1.0"/>
  <name value="SequencingSubstances"/>
  <title value="Sequenziermaterial"/>
  <status value="active"/>
  <experimental value="false"/>
  <date value="2023-12-28"/>
  <publisher value="Robert Koch-Institut"/>
  <description value="Das CodeSystem SequencingSubstances enthält die Codes der Sequenziermaterialien."/>
  <caseSensitive value="false"/>
  <valueSet value="https://demis.rki.de/fhir/ValueSet/sequencingSubstances"/>
  <content value="complete"/>
  <count value="2"/>
  <concept>
    <code value="primer"/>
    <display value="Primer-Scheme"/>
  </concept>
  <concept>
    <code value="adapter"/>
    <display value="Adapter"/>
  </concept>
</CodeSystem>
