<?xml version="1.0" encoding="utf-8"?>
<ValueSet xmlns="http://hl7.org/fhir">
  <id value="answerSetLaboratoryTest-LOINC" />
  <url value="https://demis.rki.de/fhir/ValueSet/answerSetLaboratoryTest-LOINC" />
  <version value="1.0.2" />
  <name value="AnswerSetLaboratoryTest-LOINC" />
  <title value="LOINC-AnswerSet für Labortest" />
  <status value="active" />
  <experimental value="false" />
  <date value="2025-02-27" />
  <publisher value="Robert Koch-Institut" />
  <description value="Das ValueSet AnswerSetLaboratoryTest-LOINC enthält die LOINC-Answer-Codes für Labortests." />
  <copyright value="This material contains content from LOINC (http://loinc.org/). LOINC is copyright © 1995-2023, Regenstrief Institute, Inc. and the Logical Observation Identifiers Names and Codes (LOINC) Committee and is available at no cost under the license at http://loinc.org/license. LOINC® is a registered United States trademark of Regenstrief Institute, Inc.&#xD;&#xA;&#xD;&#xA;Dieses Material enthält Inhalte von LOINC (http://loinc.org/). LOINC ist urheberrechtlich geschützt © 1995-2023, Regenstrief Institute, Inc. und das Logical Observation Identifiers Names and Codes (LOINC) Committee und ist unter der Lizenz http://loinc.org/license kostenlos erhältlich. LOINC® ist eine eingetragene US-amerikanische Marke des Regenstrief Institute, Inc.&#xD;&#xA;&#xD;&#xA;Downloadbedingungen für LOINC-Übersetzungen für Anwendungszwecke in Deutschland&#xD;&#xA;Übersetzungen in verschiedenen Sprachen werden von &quot;LOINC® Adopters&quot;, meistens Behörden oder Forschungsinstituten verschiedener Länder, erstellt und an das Regenstrief Institute weitergegeben. Das Copyright für die Übersetzungen liegt beim Regenstrief Institute. Für Deutschland wird die LOINC®-Übersetzung durch das BfArM bereitgestellt. Die Übersetzungen werden durch das Regenstrief Institute als &quot;Linguistic Variants&quot; in den halbjährlichen LOINC®-Releases (Februar und August) veröffentlicht.&#xD;&#xA;&#xD;&#xA;Das Copyright für die Übersetzungen liegt beim Regenstrief Institute, 1101 W 10th St, Indianapolis, IN 46202, USA.&#xD;&#xA;&#xD;&#xA;Mit dem Download von Dateien kommt ein Nutzungsvertrag zwischen Ihnen und dem Regenstrief Institute zustande. Sie verpflichten sich, die unten verlinkten Nutzungs- und Abgabebedingungen für LOINC vom Regenstrief Institute einzuhalten." />
  <compose>
    <include>
      <system value="http://loinc.org" />
      <version value="2.79" />
      <concept>
        <code value="LA11882-0" />
        <display value="Detected" />
        <designation>
          <language value="de-DE" />
          <value value="Nachgewiesen" />
        </designation>
      </concept>
      <concept>
        <code value="LA11883-8" />
        <display value="Not detected" />
        <designation>
          <language value="de-DE" />
          <value value="Nicht nachgewiesen" />
        </designation>
      </concept>
      <concept>
        <code value="LA11884-6" />
        <display value="Indeterminate" />
        <designation>
          <language value="de-DE" />
          <value value="Uneindeutig" />
        </designation>
      </concept>
      <concept>
        <code value="LA11885-3" />
        <display value="Equivocal" />
        <designation>
          <language value="de-DE" />
          <value value="Grenzwertig" />
        </designation>
      </concept>
      <concept>
        <code value="LA19422-7" />
        <display value="Weak positive" />
        <designation>
          <language value="de-DE" />
          <value value="Schwach positiv" />
        </designation>
      </concept>
      <concept>
        <code value="LA6576-8" />
        <display value="Positive" />
        <designation>
          <language value="de-DE" />
          <value value="Positiv" />
        </designation>
      </concept>
      <concept>
        <code value="LA6577-6" />
        <display value="Negative" />
        <designation>
          <language value="de-DE" />
          <value value="Negative" />
        </designation>
      </concept>
    </include>
  </compose>
</ValueSet>