<?xml version="1.0" encoding="utf-8"?>
<ValueSet xmlns="http://hl7.org/fhir">
  <id value="answerSetRBVP" />
  <url value="https://demis.rki.de/fhir/ValueSet/answerSetRBVP" />
  <version value="1.5.2" />
  <name value="AnswerSetRBVP" />
  <title value="AnswerSet für Rabiesvirus" />
  <status value="active" />
  <experimental value="false" />
  <date value="2025-02-25" />
  <publisher value="Robert Koch-Institut" />
  <description value="Das ValueSet AnswerSetRBVP enthält die Codes der Answer-Codes für Rabiesvirus." />
  <copyright value="This material includes SNOMED Clinical Terms® (SNOMED CT®) which is used by permission of the International Health Terminology Standards Development Organisation (IHTSDO). All rights reserved. SNOMED CT®, was originally created by The College of American Pathologists. “SNOMED” and “SNOMED CT” are registered trademarks of the IHTSDO.&#xD;&#xA;&#xD;&#xA;Dieses Material enthält SNOMED Clinical Terms® (SNOMED CT®), die mit Genehmigung der International Health Terminology Standards Development Organisation (IHTSDO) verwendet werden. Alle Rechte vorbehalten. SNOMED CT® wurde ursprünglich vom College of American Pathologists entwickelt. &quot;SNOMED&quot; und &quot;SNOMED CT&quot; sind eingetragene Warenzeichen der IHTSDO.&#xD;&#xA;&#xD;&#xA;Downloadbedingungen für SNOMED-CT&#xD;&#xA;&#xD;&#xA;Enthält durch SNOMED International urheberrechtlich geschützte Information. Jede Verwendung von SNOMED CT in Deutschland erfordert eine vollgültige Affiliate Lizenz oder eine Sublizenz. Die entsprechende Lizenz ist kostenlos, vorausgesetzt die Verwendung findet nur in Deutschland statt und erfüllt die Bedingungen des Affiliate License Agreements. Affiliate Lizenzen können über das Mitglieder-Lizenzierungs- und Distributions-Service (MLDS) direkt beim jeweiligen NRC beantragt werden. https://mlds.ihtsdotools.org/#/landing/DE?lang=de&#xD;&#xA;&#xD;&#xA;Contains information protected by copyright of SNOMED International. Any use of SNOMED CT in Austria requires a valid affiliate license or sublicense. The corresponding license is free of charge, provided that the use only takes place in Austria and fulfills the conditions of the Affiliate License Agreement. Affiliate licenses can be requested directly from the respective NRC via the Member Licensing and Distribution Service (MLDS). ttps://mlds.ihtsdotools.org/#/landing/DE?lang=de" />
  <compose>
    <include>
      <system value="http://snomed.info/sct" />
      <version value="http://snomed.info/sct/11000274103/version/20241115" />
      <concept>
        <extension url="http://hl7.org/fhir/StructureDefinition/valueset-conceptOrder">
          <valueInteger value="0" />
        </extension>
        <code value="112368004" />
        <display value="Genus Lyssavirus (organism)" />
        <designation>
          <language value="en-US" />
          <use>
            <system value="http://snomed.info/sct" />
            <code value="900000000000003001" />
          </use>
          <value value="Genus Lyssavirus (organism)" />
        </designation>
        <designation>
          <language value="de-DE" />
          <value value="Gattung Lyssavirus" />
        </designation>
      </concept>
      <concept>
        <extension url="http://hl7.org/fhir/StructureDefinition/valueset-conceptOrder">
          <valueInteger value="0" />
        </extension>
        <code value="12551003" />
        <display value="Mokola virus (organism)" />
        <designation>
          <language value="en-US" />
          <use>
            <system value="http://snomed.info/sct" />
            <code value="900000000000003001" />
          </use>
          <value value="Mokola virus (organism)" />
        </designation>
        <designation>
          <language value="de-DE" />
          <value value="Mokola-Virus" />
        </designation>
      </concept>
      <concept>
        <extension url="http://hl7.org/fhir/StructureDefinition/valueset-conceptOrder">
          <valueInteger value="0" />
        </extension>
        <code value="32052006" />
        <display value="Lagos bat virus (organism)" />
        <designation>
          <language value="en-US" />
          <use>
            <system value="http://snomed.info/sct" />
            <code value="900000000000003001" />
          </use>
          <value value="Lagos bat virus (organism)" />
        </designation>
        <designation>
          <language value="de-DE" />
          <value value="Lagos-Fledermaus-Virus" />
        </designation>
      </concept>
      <concept>
        <extension url="http://hl7.org/fhir/StructureDefinition/valueset-conceptOrder">
          <valueInteger value="0" />
        </extension>
        <code value="426972006" />
        <display value="Australian bat lyssavirus (organism)" />
        <designation>
          <language value="en-US" />
          <use>
            <system value="http://snomed.info/sct" />
            <code value="900000000000003001" />
          </use>
          <value value="Australian bat lyssavirus (organism)" />
        </designation>
        <designation>
          <language value="de-DE" />
          <value value="Australisches Fledermaus-Lyssavirus" />
        </designation>
      </concept>
      <concept>
        <extension url="http://hl7.org/fhir/StructureDefinition/valueset-conceptOrder">
          <valueInteger value="1" />
        </extension>
        <code value="450805000" />
        <display value="European bat lyssavirus 1 (organism)" />
        <designation>
          <language value="en-US" />
          <use>
            <system value="http://snomed.info/sct" />
            <code value="900000000000003001" />
          </use>
          <value value="European bat lyssavirus 1 (organism)" />
        </designation>
        <designation>
          <language value="de-DE" />
          <value value="Europäisches Fledermaus-Lyssavirus 1" />
        </designation>
      </concept>
      <concept>
        <extension url="http://hl7.org/fhir/StructureDefinition/valueset-conceptOrder">
          <valueInteger value="1" />
        </extension>
        <code value="450806004" />
        <display value="European bat lyssavirus 2 (organism)" />
        <designation>
          <language value="en-US" />
          <use>
            <system value="http://snomed.info/sct" />
            <code value="900000000000003001" />
          </use>
          <value value="European bat lyssavirus 2 (organism)" />
        </designation>
        <designation>
          <language value="de-DE" />
          <value value="Europäisches Fledermaus-Lyssavirus 2" />
        </designation>
      </concept>
      <concept>
        <extension url="http://hl7.org/fhir/StructureDefinition/valueset-conceptOrder">
          <valueInteger value="90" />
        </extension>
        <code value="59881000" />
        <display value="Rabies virus (organism)" />
        <designation>
          <language value="en-US" />
          <use>
            <system value="http://snomed.info/sct" />
            <code value="900000000000003001" />
          </use>
          <value value="Rabies virus (organism)" />
        </designation>
        <designation>
          <language value="de-DE" />
          <value value="Tollwut-Virus" />
        </designation>
      </concept>
      <concept>
        <extension url="http://hl7.org/fhir/StructureDefinition/valueset-conceptOrder">
          <valueInteger value="0" />
        </extension>
        <code value="72296007" />
        <display value="Duvenhage virus (organism)" />
        <designation>
          <language value="en-US" />
          <use>
            <system value="http://snomed.info/sct" />
            <code value="900000000000003001" />
          </use>
          <value value="Duvenhage virus (organism)" />
        </designation>
        <designation>
          <language value="de-DE" />
          <value value="Duvenhage-Virus" />
        </designation>
      </concept>
    </include>
    <include>
      <valueSet value="https://demis.rki.de/fhir/ValueSet/answerSetLaboratoryTest-SNOMED" />
    </include>
    <include>
      <valueSet value="https://demis.rki.de/fhir/ValueSet/answerSetResistance-SNOMED" />
    </include>
  </compose>
</ValueSet>