<?xml version="1.0" encoding="utf-8"?>
<ValueSet xmlns="http://hl7.org/fhir">
  <id value="laboratoryTestRUVP" />
  <url value="https://demis.rki.de/fhir/ValueSet/laboratoryTestRUVP" />
  <version value="1.7.1" />
  <name value="LaboratoryTestRUVP" />
  <title value="Labortest für Rubellavirus" />
  <status value="active" />
  <experimental value="false" />
  <date value="2025-02-26" />
  <publisher value="Robert Koch-Institut" />
  <description value="Das ValueSet LaboratoryTestRUVP enthält die Codes der Labortests für Rubellavirus." />
  <copyright value="This material contains content from LOINC (http://loinc.org/). LOINC is copyright © 1995-2023, Regenstrief Institute, Inc. and the Logical Observation Identifiers Names and Codes (LOINC) Committee and is available at no cost under the license at http://loinc.org/license. LOINC® is a registered United States trademark of Regenstrief Institute, Inc.&#xD;&#xA;&#xD;&#xA;Dieses Material enthält Inhalte von LOINC (http://loinc.org/). LOINC ist urheberrechtlich geschützt © 1995-2023, Regenstrief Institute, Inc. und das Logical Observation Identifiers Names and Codes (LOINC) Committee und ist unter der Lizenz http://loinc.org/license kostenlos erhältlich. LOINC® ist eine eingetragene US-amerikanische Marke des Regenstrief Institute, Inc.&#xD;&#xA;&#xD;&#xA;Downloadbedingungen für LOINC-Übersetzungen für Anwendungszwecke in Deutschland&#xD;&#xA;Übersetzungen in verschiedenen Sprachen werden von &quot;LOINC® Adopters&quot;, meistens Behörden oder Forschungsinstituten verschiedener Länder, erstellt und an das Regenstrief Institute weitergegeben. Das Copyright für die Übersetzungen liegt beim Regenstrief Institute. Für Deutschland wird die LOINC®-Übersetzung durch das BfArM bereitgestellt. Die Übersetzungen werden durch das Regenstrief Institute als &quot;Linguistic Variants&quot; in den halbjährlichen LOINC®-Releases (Februar und August) veröffentlicht.&#xD;&#xA;&#xD;&#xA;Das Copyright für die Übersetzungen liegt beim Regenstrief Institute, 1101 W 10th St, Indianapolis, IN 46202, USA.&#xD;&#xA;&#xD;&#xA;Mit dem Download von Dateien kommt ein Nutzungsvertrag zwischen Ihnen und dem Regenstrief Institute zustande. Sie verpflichten sich, die unten verlinkten Nutzungs- und Abgabebedingungen für LOINC vom Regenstrief Institute einzuhalten." />
  <compose>
    <include>
      <system value="http://loinc.org" />
      <version value="2.79" />
      <concept>
        <code value="100341-7" />
        <display value="Rubella virus IgG Ab index [Units/volume] in Serum and CSF" />
        <designation>
          <language value="de-DE" />
          <use>
            <system value="http://loinc.org" />
            <code value="LONG_COMMON_NAME" />
          </use>
          <value value="Röteln-Virus IgG-Antikörperindex [Einheiten/Volumen] in Serum und Liquor" />
        </designation>
      </concept>
      <concept>
        <code value="13281-1" />
        <display value="Rubella virus IgG Ab [Units/volume] in Cerebral spinal fluid" />
        <designation>
          <language value="de-DE" />
          <use>
            <system value="http://loinc.org" />
            <code value="LONG_COMMON_NAME" />
          </use>
          <value value="Röteln-Virus IgG-Antikörper [Einheiten/Volumen] in Liquor" />
        </designation>
      </concept>
      <concept>
        <code value="13282-9" />
        <display value="Rubella virus IgM Ab [Units/volume] in Cerebral spinal fluid" />
        <designation>
          <language value="de-DE" />
          <use>
            <system value="http://loinc.org" />
            <code value="LONG_COMMON_NAME" />
          </use>
          <value value="Röteln-Virus IgM-Antikörper [Einheiten/Volumen] in Liquor" />
        </designation>
      </concept>
      <concept>
        <code value="17551-3" />
        <display value="Rubella virus IgG Ab [Units/volume] in Cerebral spinal fluid by Immunoassay" />
        <designation>
          <language value="de-DE" />
          <use>
            <system value="http://loinc.org" />
            <code value="LONG_COMMON_NAME" />
          </use>
          <value value="Röteln-Virus IgG-Antikörper [Einheiten/Volumen] in Liquor mittels Immunoassay" />
        </designation>
      </concept>
      <concept>
        <code value="17552-1" />
        <display value="Rubella virus IgM Ab [Presence] in Cerebral spinal fluid" />
        <designation>
          <language value="de-DE" />
          <use>
            <system value="http://loinc.org" />
            <code value="LONG_COMMON_NAME" />
          </use>
          <value value="Röteln-Virus IgM-Antikörper [Nachweis] in Liquor" />
        </designation>
      </concept>
      <concept>
        <code value="24116-6" />
        <display value="Rubella virus IgM Ab [Presence] in Serum or Plasma by Immunoassay" />
        <designation>
          <language value="de-DE" />
          <use>
            <system value="http://loinc.org" />
            <code value="LONG_COMMON_NAME" />
          </use>
          <value value="Röteln-Virus IgM-Antikörper [Nachweis] in Serum oder Plasma mittels Immunoassay" />
        </designation>
      </concept>
      <concept>
        <code value="25514-1" />
        <display value="Rubella virus IgG Ab [Presence] in Serum" />
        <designation>
          <language value="de-DE" />
          <use>
            <system value="http://loinc.org" />
            <code value="LONG_COMMON_NAME" />
          </use>
          <value value="Röteln-Virus IgG-Antikörper [Nachweis] in Serum" />
        </designation>
      </concept>
      <concept>
        <code value="31616-6" />
        <display value="Rubella virus IgM Ab [Presence] in Serum" />
        <designation>
          <language value="de-DE" />
          <use>
            <system value="http://loinc.org" />
            <code value="LONG_COMMON_NAME" />
          </use>
          <value value="Röteln-Virus IgM-Antikörper [Nachweis] in Serum" />
        </designation>
      </concept>
      <concept>
        <code value="31966-5" />
        <display value="Rubella virus Ag [Presence] in Specimen" />
      </concept>
      <concept>
        <code value="34421-8" />
        <display value="Rubella virus IgG Ab avidity [Ratio] in Serum" />
      </concept>
      <concept>
        <code value="39013-8" />
        <display value="Rubella virus IgG Ab [Presence] in Cerebral spinal fluid" />
        <designation>
          <language value="de-DE" />
          <use>
            <system value="http://loinc.org" />
            <code value="LONG_COMMON_NAME" />
          </use>
          <value value="Röteln-Virus IgG-Antikörper [Nachweis] in Liquor" />
        </designation>
      </concept>
      <concept>
        <code value="40667-8" />
        <display value="Rubella virus IgG Ab [Presence] in Serum or Plasma by Immunoassay" />
        <designation>
          <language value="de-DE" />
          <use>
            <system value="http://loinc.org" />
            <code value="LONG_COMMON_NAME" />
          </use>
          <value value="Röteln-Virus IgG-Antikörper [Nachweis] in Serum oder Plasma mittels Immunoassay" />
        </designation>
      </concept>
      <concept>
        <code value="41763-4" />
        <display value="Rubella virus IgG Ab [Titer] in Serum" />
        <designation>
          <language value="de-DE" />
          <use>
            <system value="http://loinc.org" />
            <code value="LONG_COMMON_NAME" />
          </use>
          <value value="Röteln-Virus IgG-Antikörper [Titer] in Serum" />
        </designation>
      </concept>
      <concept>
        <code value="41852-5" />
        <display value="Microorganism or agent identified in Specimen" />
        <designation>
          <language value="de-DE" />
          <use>
            <system value="http://loinc.org" />
            <code value="LONG_COMMON_NAME" />
          </use>
          <value value="Mikroorganismus oder Erreger identifiziert in Probenmaterial" />
        </designation>
      </concept>
      <concept>
        <code value="46109-5" />
        <display value="Rubella virus IgM Ab [Titer] in Cerebral spinal fluid" />
        <designation>
          <language value="de-DE" />
          <use>
            <system value="http://loinc.org" />
            <code value="LONG_COMMON_NAME" />
          </use>
          <value value="Röteln-Virus IgM-Antikörper [Titer] in Liquor" />
        </designation>
      </concept>
      <concept>
        <code value="46110-3" />
        <display value="Rubella virus IgG Ab [Titer] in Cerebral spinal fluid" />
        <designation>
          <language value="de-DE" />
          <use>
            <system value="http://loinc.org" />
            <code value="LONG_COMMON_NAME" />
          </use>
          <value value="Röteln-Virus IgG-Antikörper [Titer] in Liquor" />
        </designation>
      </concept>
      <concept>
        <code value="49107-6" />
        <display value="Rubella virus IgM Ab [Titer] in Serum" />
        <designation>
          <language value="de-DE" />
          <use>
            <system value="http://loinc.org" />
            <code value="LONG_COMMON_NAME" />
          </use>
          <value value="Röteln-Virus IgM-Antikörper [Titer] in Serum" />
        </designation>
      </concept>
      <concept>
        <code value="5334-8" />
        <display value="Rubella virus IgG Ab [Units/volume] in Serum or Plasma by Immunoassay" />
        <designation>
          <language value="de-DE" />
          <use>
            <system value="http://loinc.org" />
            <code value="LONG_COMMON_NAME" />
          </use>
          <value value="Röteln-Virus IgG-Antikörper [Einheiten/Volumen] in Serum oder Plasma mittels Immunoassay" />
        </designation>
      </concept>
      <concept>
        <code value="5335-5" />
        <display value="Rubella virus IgM Ab [Units/volume] in Serum by Immunoassay" />
        <designation>
          <language value="de-DE" />
          <use>
            <system value="http://loinc.org" />
            <code value="LONG_COMMON_NAME" />
          </use>
          <value value="Röteln-Virus IgM-Antikörper [Einheiten/Volumen] in Serum mittels Immunoassay" />
        </designation>
      </concept>
      <concept>
        <code value="54091-4" />
        <display value="Rubella virus RNA [Presence] in Specimen by NAA with probe detection" />
        <designation>
          <language value="de-DE" />
          <use>
            <system value="http://loinc.org" />
            <code value="LONG_COMMON_NAME" />
          </use>
          <value value="Röteln-Virus RNA [Nachweis] in Probenmaterial mittels Nukleinsäureamplifikation mit Sondendetektion" />
        </designation>
      </concept>
      <concept>
        <code value="8014-3" />
        <display value="Rubella virus IgG Ab [Units/volume] in Serum" />
        <designation>
          <language value="de-DE" />
          <use>
            <system value="http://loinc.org" />
            <code value="LONG_COMMON_NAME" />
          </use>
          <value value="Röteln-Virus IgG-Antikörper [Einheiten/Volumen] in Serum" />
        </designation>
      </concept>
      <concept>
        <code value="8015-0" />
        <display value="Rubella virus IgM Ab [Units/volume] in Serum" />
        <designation>
          <language value="de-DE" />
          <use>
            <system value="http://loinc.org" />
            <code value="LONG_COMMON_NAME" />
          </use>
          <value value="Röteln-Virus IgM-Antikörper [Einheiten/Volumen] in Serum" />
        </designation>
      </concept>
    </include>
  </compose>
</ValueSet>