<?xml version="1.0" encoding="utf-8"?>
<ValueSet xmlns="http://hl7.org/fhir">
  <id value="answerSetACBP" />
  <url value="https://demis.rki.de/fhir/ValueSet/answerSetACBP" />
  <version value="1.6.1" />
  <name value="AnswerSetACBP" />
  <title value="AnswerSet für Acinetobacter spp. bei Nachweis einer Carbapenemase-Determinante oder mit verminderter Empfindlichkeit gegenüber Carbapenemen außer bei natürlicher Resistenz; Meldepflicht nur bei Infektion oder Kolonisation" />
  <status value="active" />
  <experimental value="false" />
  <date value="2025-02-25" />
  <publisher value="Robert Koch-Institut" />
  <description value="Das ValueSet AnswerSetACBP enthält die Codes der Answer-Codes für Acinetobacter spp. bei Nachweis einer Carbapenemase-Determinante oder mit verminderter Empfindlichkeit gegenüber Carbapenemen außer bei natürlicher Resistenz; Meldepflicht nur bei Infektion oder Kolonisation." />
  <copyright value="This material includes SNOMED Clinical Terms® (SNOMED CT®) which is used by permission of the International Health Terminology Standards Development Organisation (IHTSDO). All rights reserved. SNOMED CT®, was originally created by The College of American Pathologists. “SNOMED” and “SNOMED CT” are registered trademarks of the IHTSDO.&#xD;&#xA;&#xD;&#xA;Dieses Material enthält SNOMED Clinical Terms® (SNOMED CT®), die mit Genehmigung der International Health Terminology Standards Development Organisation (IHTSDO) verwendet werden. Alle Rechte vorbehalten. SNOMED CT® wurde ursprünglich vom College of American Pathologists entwickelt. &quot;SNOMED&quot; und &quot;SNOMED CT&quot; sind eingetragene Warenzeichen der IHTSDO.&#xD;&#xA;&#xD;&#xA;Downloadbedingungen für SNOMED-CT&#xD;&#xA;&#xD;&#xA;Enthält durch SNOMED International urheberrechtlich geschützte Information. Jede Verwendung von SNOMED CT in Deutschland erfordert eine vollgültige Affiliate Lizenz oder eine Sublizenz. Die entsprechende Lizenz ist kostenlos, vorausgesetzt die Verwendung findet nur in Deutschland statt und erfüllt die Bedingungen des Affiliate License Agreements. Affiliate Lizenzen können über das Mitglieder-Lizenzierungs- und Distributions-Service (MLDS) direkt beim jeweiligen NRC beantragt werden. https://mlds.ihtsdotools.org/#/landing/DE?lang=de&#xD;&#xA;&#xD;&#xA;Contains information protected by copyright of SNOMED International. Any use of SNOMED CT in Austria requires a valid affiliate license or sublicense. The corresponding license is free of charge, provided that the use only takes place in Austria and fulfills the conditions of the Affiliate License Agreement. Affiliate licenses can be requested directly from the respective NRC via the Member Licensing and Distribution Service (MLDS). ttps://mlds.ihtsdotools.org/#/landing/DE?lang=de" />
  <compose>
    <include>
      <system value="http://snomed.info/sct" />
      <version value="http://snomed.info/sct/11000274103/version/20241115" />
      <concept>
        <extension url="http://hl7.org/fhir/StructureDefinition/valueset-conceptOrder">
          <valueInteger value="0" />
        </extension>
        <code value="1003795002" />
        <display value="Acinetobacter baumannii group (organism)" />
        <designation>
          <language value="en-US" />
          <use>
            <system value="http://snomed.info/sct" />
            <code value="900000000000003001" />
          </use>
          <value value="Acinetobacter baumannii group (organism)" />
        </designation>
        <designation>
          <language value="de-DE" />
          <value value="Acinetobacter-baumannii-Gruppe" />
        </designation>
      </concept>
      <concept>
        <extension url="http://hl7.org/fhir/StructureDefinition/valueset-conceptOrder">
          <valueInteger value="1" />
        </extension>
        <code value="1085301000112105" />
        <display value="Carbapenemase-producing Acinetobacter calcoaceticus (organism)" />
        <designation>
          <language value="en-US" />
          <use>
            <system value="http://snomed.info/sct" />
            <code value="900000000000003001" />
          </use>
          <value value="Carbapenemase-producing Acinetobacter calcoaceticus (organism)" />
        </designation>
        <designation>
          <language value="de-DE" />
          <value value="Carbapenemase-produzierende Acinetobacter calcoaceticus" />
        </designation>
      </concept>
      <concept>
        <extension url="http://hl7.org/fhir/StructureDefinition/valueset-conceptOrder">
          <valueInteger value="1" />
        </extension>
        <code value="1085401000112103" />
        <display value="Carbapenemase-producing Acinetobacter baumannii-Acinetobacter calcoaceticus complex (organism)" />
        <designation>
          <language value="en-US" />
          <use>
            <system value="http://snomed.info/sct" />
            <code value="900000000000003001" />
          </use>
          <value value="Carbapenemase-producing Acinetobacter baumannii-Acinetobacter calcoaceticus complex (organism)" />
        </designation>
        <designation>
          <language value="de-DE" />
          <value value="Carbapenemase-produzierende-Acinetobacter-baumannii-Acinetobacter-calcoaceticus-Komplex" />
        </designation>
      </concept>
      <concept>
        <extension url="http://hl7.org/fhir/StructureDefinition/valueset-conceptOrder">
          <valueInteger value="100" />
        </extension>
        <code value="1085501000112104" />
        <display value="Carbapenemase-producing Acinetobacter (organism)" />
        <designation>
          <language value="en-US" />
          <use>
            <system value="http://snomed.info/sct" />
            <code value="900000000000003001" />
          </use>
          <value value="Carbapenemase-producing Acinetobacter (organism)" />
        </designation>
        <designation>
          <language value="de-DE" />
          <value value="Carbapenemase-produzierende Acinetobacter" />
        </designation>
      </concept>
      <concept>
        <extension url="http://hl7.org/fhir/StructureDefinition/valueset-conceptOrder">
          <valueInteger value="1" />
        </extension>
        <code value="1085701000112109" />
        <display value="Carbapenemase-producing Acinetobacter johnsonii (organism)" />
        <designation>
          <language value="en-US" />
          <use>
            <system value="http://snomed.info/sct" />
            <code value="900000000000003001" />
          </use>
          <value value="Carbapenemase-producing Acinetobacter johnsonii (organism)" />
        </designation>
        <designation>
          <language value="de-DE" />
          <value value="Carbapenemase-produzierende Acinetobacter johnsonii" />
        </designation>
      </concept>
      <concept>
        <extension url="http://hl7.org/fhir/StructureDefinition/valueset-conceptOrder">
          <valueInteger value="1" />
        </extension>
        <code value="1085801000112101" />
        <display value="Carbapenemase-producing Acinetobacter junii (organism)" />
        <designation>
          <language value="en-US" />
          <use>
            <system value="http://snomed.info/sct" />
            <code value="900000000000003001" />
          </use>
          <value value="Carbapenemase-producing Acinetobacter junii (organism)" />
        </designation>
        <designation>
          <language value="de-DE" />
          <value value="Carbapenemase-produzierende Acinetobacter junii" />
        </designation>
      </concept>
      <concept>
        <extension url="http://hl7.org/fhir/StructureDefinition/valueset-conceptOrder">
          <valueInteger value="1" />
        </extension>
        <code value="1085901000112106" />
        <display value="Carbapenemase-producing Acinetobacter lwoffii (organism)" />
        <designation>
          <language value="en-US" />
          <use>
            <system value="http://snomed.info/sct" />
            <code value="900000000000003001" />
          </use>
          <value value="Carbapenemase-producing Acinetobacter lwoffii (organism)" />
        </designation>
        <designation>
          <language value="de-DE" />
          <value value="Carbapenemase-produzierende Acinetobacter lwoffii" />
        </designation>
      </concept>
      <concept>
        <extension url="http://hl7.org/fhir/StructureDefinition/valueset-conceptOrder">
          <valueInteger value="1" />
        </extension>
        <code value="1086001000112103" />
        <display value="Carbapenemase-producing Acinetobacter nosocomialis (organism)" />
        <designation>
          <language value="en-US" />
          <use>
            <system value="http://snomed.info/sct" />
            <code value="900000000000003001" />
          </use>
          <value value="Carbapenemase-producing Acinetobacter nosocomialis (organism)" />
        </designation>
        <designation>
          <language value="de-DE" />
          <value value="Carbapenemase-produzierende Acinetobacter nosocomialis" />
        </designation>
      </concept>
      <concept>
        <extension url="http://hl7.org/fhir/StructureDefinition/valueset-conceptOrder">
          <valueInteger value="1" />
        </extension>
        <code value="1086101000112102" />
        <display value="Carbapenemase-producing Acinetobacter radioresistens (organism)" />
        <designation>
          <language value="en-US" />
          <use>
            <system value="http://snomed.info/sct" />
            <code value="900000000000003001" />
          </use>
          <value value="Carbapenemase-producing Acinetobacter radioresistens (organism)" />
        </designation>
        <designation>
          <language value="de-DE" />
          <value value="Carbapenemase-produzierende Acinetobacter radioresistens" />
        </designation>
      </concept>
      <concept>
        <extension url="http://hl7.org/fhir/StructureDefinition/valueset-conceptOrder">
          <valueInteger value="1" />
        </extension>
        <code value="1086201000112108" />
        <display value="Carbapenemase-producing Acinetobacter ursingii (organism)" />
        <designation>
          <language value="en-US" />
          <use>
            <system value="http://snomed.info/sct" />
            <code value="900000000000003001" />
          </use>
          <value value="Carbapenemase-producing Acinetobacter ursingii (organism)" />
        </designation>
        <designation>
          <language value="de-DE" />
          <value value="Carbapenemase-produzierende Acinetobacter ursingii" />
        </designation>
      </concept>
      <concept>
        <extension url="http://hl7.org/fhir/StructureDefinition/valueset-conceptOrder">
          <valueInteger value="0" />
        </extension>
        <code value="113376007" />
        <display value="Acinetobacter calcoaceticus-Acinetobacter baumannii complex (organism)" />
        <designation>
          <language value="en-US" />
          <use>
            <system value="http://snomed.info/sct" />
            <code value="900000000000003001" />
          </use>
          <value value="Acinetobacter calcoaceticus-Acinetobacter baumannii complex (organism)" />
        </designation>
        <designation>
          <language value="de-DE" />
          <value value="Acinetobacter-calcoaceticus-Acinetobacter-baumannii-Komplex" />
        </designation>
      </concept>
      <concept>
        <extension url="http://hl7.org/fhir/StructureDefinition/valueset-conceptOrder">
          <valueInteger value="0" />
        </extension>
        <code value="113377003" />
        <display value="Acinetobacter genospecies 3 (organism)" />
        <designation>
          <language value="en-US" />
          <use>
            <system value="http://snomed.info/sct" />
            <code value="900000000000003001" />
          </use>
          <value value="Acinetobacter genospecies 3 (organism)" />
        </designation>
        <designation>
          <language value="de-DE" />
          <value value="Acinetobacter Genospecies 3" />
        </designation>
      </concept>
      <concept>
        <extension url="http://hl7.org/fhir/StructureDefinition/valueset-conceptOrder">
          <valueInteger value="0" />
        </extension>
        <code value="113378008" />
        <display value="Acinetobacter genospecies 6 (organism)" />
        <designation>
          <language value="en-US" />
          <use>
            <system value="http://snomed.info/sct" />
            <code value="900000000000003001" />
          </use>
          <value value="Acinetobacter genospecies 6 (organism)" />
        </designation>
        <designation>
          <language value="de-DE" />
          <value value="Acinetobacter Genospecies 6" />
        </designation>
      </concept>
      <concept>
        <extension url="http://hl7.org/fhir/StructureDefinition/valueset-conceptOrder">
          <valueInteger value="0" />
        </extension>
        <code value="113381003" />
        <display value="Acinetobacter radioresistens (organism)" />
        <designation>
          <language value="en-US" />
          <use>
            <system value="http://snomed.info/sct" />
            <code value="900000000000003001" />
          </use>
          <value value="Acinetobacter radioresistens (organism)" />
        </designation>
        <designation>
          <language value="de-DE" />
          <value value="Acinetobacter radioresistens" />
        </designation>
      </concept>
      <concept>
        <extension url="http://hl7.org/fhir/StructureDefinition/valueset-conceptOrder">
          <valueInteger value="0" />
        </extension>
        <code value="113383000" />
        <display value="Acinetobacter genospecies 14 (organism)" />
        <designation>
          <language value="en-US" />
          <use>
            <system value="http://snomed.info/sct" />
            <code value="900000000000003001" />
          </use>
          <value value="Acinetobacter genospecies 14 (organism)" />
        </designation>
        <designation>
          <language value="de-DE" />
          <value value="Acinetobacter Genospecies 14" />
        </designation>
      </concept>
      <concept>
        <extension url="http://hl7.org/fhir/StructureDefinition/valueset-conceptOrder">
          <valueInteger value="0" />
        </extension>
        <code value="113384006" />
        <display value="Acinetobacter variabilis (organism)" />
        <designation>
          <language value="en-US" />
          <use>
            <system value="http://snomed.info/sct" />
            <code value="900000000000003001" />
          </use>
          <value value="Acinetobacter variabilis (organism)" />
        </designation>
        <designation>
          <language value="de-DE" />
          <value value="Acinetobacter variabilis" />
        </designation>
      </concept>
      <concept>
        <extension url="http://hl7.org/fhir/StructureDefinition/valueset-conceptOrder">
          <valueInteger value="0" />
        </extension>
        <code value="113385007" />
        <display value="Acinetobacter genospecies 16 (organism)" />
        <designation>
          <language value="en-US" />
          <use>
            <system value="http://snomed.info/sct" />
            <code value="900000000000003001" />
          </use>
          <value value="Acinetobacter genospecies 16 (organism)" />
        </designation>
        <designation>
          <language value="de-DE" />
          <value value="Acinetobacter Genospecies 16" />
        </designation>
      </concept>
      <concept>
        <extension url="http://hl7.org/fhir/StructureDefinition/valueset-conceptOrder">
          <valueInteger value="0" />
        </extension>
        <code value="115391000146107" />
        <display value="Acinetobacter rudis (organism)" />
        <designation>
          <language value="en-US" />
          <use>
            <system value="http://snomed.info/sct" />
            <code value="900000000000003001" />
          </use>
          <value value="Acinetobacter rudis (organism)" />
        </designation>
        <designation>
          <language value="de-DE" />
          <value value="Acinetobacter rudis" />
        </designation>
      </concept>
      <concept>
        <extension url="http://hl7.org/fhir/StructureDefinition/valueset-conceptOrder">
          <valueInteger value="0" />
        </extension>
        <code value="131203002" />
        <display value="Acinetobacter genospecies (organism)" />
        <designation>
          <language value="en-US" />
          <use>
            <system value="http://snomed.info/sct" />
            <code value="900000000000003001" />
          </use>
          <value value="Acinetobacter genospecies (organism)" />
        </designation>
        <designation>
          <language value="de-DE" />
          <value value="Acinetobacter Genospecies" />
        </designation>
      </concept>
      <concept>
        <extension url="http://hl7.org/fhir/StructureDefinition/valueset-conceptOrder">
          <valueInteger value="0" />
        </extension>
        <code value="13879009" />
        <display value="Acinetobacter junii (organism)" />
        <designation>
          <language value="en-US" />
          <use>
            <system value="http://snomed.info/sct" />
            <code value="900000000000003001" />
          </use>
          <value value="Acinetobacter junii (organism)" />
        </designation>
        <designation>
          <language value="de-DE" />
          <value value="Acinetobacter junii" />
        </designation>
      </concept>
      <concept>
        <extension url="http://hl7.org/fhir/StructureDefinition/valueset-conceptOrder">
          <valueInteger value="0" />
        </extension>
        <code value="252000" />
        <display value="Acinetobacter johnsonii (organism)" />
        <designation>
          <language value="en-US" />
          <use>
            <system value="http://snomed.info/sct" />
            <code value="900000000000003001" />
          </use>
          <value value="Acinetobacter johnsonii (organism)" />
        </designation>
        <designation>
          <language value="de-DE" />
          <value value="Acinetobacter johnsonii" />
        </designation>
      </concept>
      <concept>
        <extension url="http://hl7.org/fhir/StructureDefinition/valueset-conceptOrder">
          <valueInteger value="0" />
        </extension>
        <code value="28931000087103" />
        <display value="Acinetobacter venetianus (organism)" />
        <designation>
          <language value="en-US" />
          <use>
            <system value="http://snomed.info/sct" />
            <code value="900000000000003001" />
          </use>
          <value value="Acinetobacter venetianus (organism)" />
        </designation>
        <designation>
          <language value="de-DE" />
          <value value="Acinetobacter venetianus" />
        </designation>
      </concept>
      <concept>
        <extension url="http://hl7.org/fhir/StructureDefinition/valueset-conceptOrder">
          <valueInteger value="0" />
        </extension>
        <code value="418688000" />
        <display value="Saccharolytic Acinetobacter (organism)" />
        <designation>
          <language value="en-US" />
          <use>
            <system value="http://snomed.info/sct" />
            <code value="900000000000003001" />
          </use>
          <value value="Saccharolytic Acinetobacter (organism)" />
        </designation>
        <designation>
          <language value="de-DE" />
          <value value="Saccharolytischer Acinetobacter" />
        </designation>
      </concept>
      <concept>
        <extension url="http://hl7.org/fhir/StructureDefinition/valueset-conceptOrder">
          <valueInteger value="0" />
        </extension>
        <code value="419589005" />
        <display value="Asaccharolytic acinetobacter (organism)" />
        <designation>
          <language value="en-US" />
          <use>
            <system value="http://snomed.info/sct" />
            <code value="900000000000003001" />
          </use>
          <value value="Asaccharolytic acinetobacter (organism)" />
        </designation>
        <designation>
          <language value="de-DE" />
          <value value="Asaccharolytischer Acinetobacter" />
        </designation>
      </concept>
      <concept>
        <extension url="http://hl7.org/fhir/StructureDefinition/valueset-conceptOrder">
          <valueInteger value="0" />
        </extension>
        <code value="423329001" />
        <display value="Acinetobacter grimontii (organism)" />
        <designation>
          <language value="en-US" />
          <use>
            <system value="http://snomed.info/sct" />
            <code value="900000000000003001" />
          </use>
          <value value="Acinetobacter grimontii (organism)" />
        </designation>
        <designation>
          <language value="de-DE" />
          <value value="Acinetobacter grimontii" />
        </designation>
      </concept>
      <concept>
        <extension url="http://hl7.org/fhir/StructureDefinition/valueset-conceptOrder">
          <valueInteger value="0" />
        </extension>
        <code value="423516002" />
        <display value="Acinetobacter parvus (organism)" />
        <designation>
          <language value="en-US" />
          <use>
            <system value="http://snomed.info/sct" />
            <code value="900000000000003001" />
          </use>
          <value value="Acinetobacter parvus (organism)" />
        </designation>
        <designation>
          <language value="de-DE" />
          <value value="Acinetobacter parvus" />
        </designation>
      </concept>
      <concept>
        <extension url="http://hl7.org/fhir/StructureDefinition/valueset-conceptOrder">
          <valueInteger value="0" />
        </extension>
        <code value="423732001" />
        <display value="Acinetobacter schindleri (organism)" />
        <designation>
          <language value="en-US" />
          <use>
            <system value="http://snomed.info/sct" />
            <code value="900000000000003001" />
          </use>
          <value value="Acinetobacter schindleri (organism)" />
        </designation>
        <designation>
          <language value="de-DE" />
          <value value="Acinetobacter schindleri" />
        </designation>
      </concept>
      <concept>
        <extension url="http://hl7.org/fhir/StructureDefinition/valueset-conceptOrder">
          <valueInteger value="0" />
        </extension>
        <code value="423974000" />
        <display value="Acinetobacter baylyi (organism)" />
        <designation>
          <language value="en-US" />
          <use>
            <system value="http://snomed.info/sct" />
            <code value="900000000000003001" />
          </use>
          <value value="Acinetobacter baylyi (organism)" />
        </designation>
        <designation>
          <language value="de-DE" />
          <value value="Acinetobacter baylyi" />
        </designation>
      </concept>
      <concept>
        <extension url="http://hl7.org/fhir/StructureDefinition/valueset-conceptOrder">
          <valueInteger value="0" />
        </extension>
        <code value="424021002" />
        <display value="Acinetobacter tandoii (organism)" />
        <designation>
          <language value="en-US" />
          <use>
            <system value="http://snomed.info/sct" />
            <code value="900000000000003001" />
          </use>
          <value value="Acinetobacter tandoii (organism)" />
        </designation>
        <designation>
          <language value="de-DE" />
          <value value="Acinetobacter tandoii" />
        </designation>
      </concept>
      <concept>
        <extension url="http://hl7.org/fhir/StructureDefinition/valueset-conceptOrder">
          <valueInteger value="0" />
        </extension>
        <code value="424539001" />
        <display value="Acinetobacter bouvetii (organism)" />
        <designation>
          <language value="en-US" />
          <use>
            <system value="http://snomed.info/sct" />
            <code value="900000000000003001" />
          </use>
          <value value="Acinetobacter bouvetii (organism)" />
        </designation>
        <designation>
          <language value="de-DE" />
          <value value="Acinetobacter bouvetii" />
        </designation>
      </concept>
      <concept>
        <extension url="http://hl7.org/fhir/StructureDefinition/valueset-conceptOrder">
          <valueInteger value="0" />
        </extension>
        <code value="424700008" />
        <display value="Acinetobacter gerneri (organism)" />
        <designation>
          <language value="en-US" />
          <use>
            <system value="http://snomed.info/sct" />
            <code value="900000000000003001" />
          </use>
          <value value="Acinetobacter gerneri (organism)" />
        </designation>
        <designation>
          <language value="de-DE" />
          <value value="Acinetobacter gerneri" />
        </designation>
      </concept>
      <concept>
        <extension url="http://hl7.org/fhir/StructureDefinition/valueset-conceptOrder">
          <valueInteger value="0" />
        </extension>
        <code value="424791004" />
        <display value="Acinetobacter ursingii (organism)" />
        <designation>
          <language value="en-US" />
          <use>
            <system value="http://snomed.info/sct" />
            <code value="900000000000003001" />
          </use>
          <value value="Acinetobacter ursingii (organism)" />
        </designation>
        <designation>
          <language value="de-DE" />
          <value value="Acinetobacter ursingii" />
        </designation>
      </concept>
      <concept>
        <extension url="http://hl7.org/fhir/StructureDefinition/valueset-conceptOrder">
          <valueInteger value="0" />
        </extension>
        <code value="424930007" />
        <display value="Acinetobacter towneri (organism)" />
        <designation>
          <language value="en-US" />
          <use>
            <system value="http://snomed.info/sct" />
            <code value="900000000000003001" />
          </use>
          <value value="Acinetobacter towneri (organism)" />
        </designation>
        <designation>
          <language value="de-DE" />
          <value value="Acinetobacter towneri" />
        </designation>
      </concept>
      <concept>
        <extension url="http://hl7.org/fhir/StructureDefinition/valueset-conceptOrder">
          <valueInteger value="0" />
        </extension>
        <code value="425109008" />
        <display value="Acinetobacter tjernbergiae (organism)" />
        <designation>
          <language value="en-US" />
          <use>
            <system value="http://snomed.info/sct" />
            <code value="900000000000003001" />
          </use>
          <value value="Acinetobacter tjernbergiae (organism)" />
        </designation>
        <designation>
          <language value="de-DE" />
          <value value="Acinetobacter tjernbergiae" />
        </designation>
      </concept>
      <concept>
        <extension url="http://hl7.org/fhir/StructureDefinition/valueset-conceptOrder">
          <valueInteger value="0" />
        </extension>
        <code value="445480005" />
        <display value="Acinetobacter genomospecies 9 (organism)" />
        <designation>
          <language value="en-US" />
          <use>
            <system value="http://snomed.info/sct" />
            <code value="900000000000003001" />
          </use>
          <value value="Acinetobacter genomospecies 9 (organism)" />
        </designation>
        <designation>
          <language value="de-DE" />
          <value value="Acinetobacter Genomospecies 9" />
        </designation>
      </concept>
      <concept>
        <extension url="http://hl7.org/fhir/StructureDefinition/valueset-conceptOrder">
          <valueInteger value="1" />
        </extension>
        <code value="445721008" />
        <display value="Carbapenem resistant Acinetobacter (organism)" />
        <designation>
          <language value="en-US" />
          <use>
            <system value="http://snomed.info/sct" />
            <code value="900000000000003001" />
          </use>
          <value value="Carbapenem resistant Acinetobacter (organism)" />
        </designation>
        <designation>
          <language value="de-DE" />
          <value value="Carbapenem-resistente Acinetobacter" />
        </designation>
      </concept>
      <concept>
        <extension url="http://hl7.org/fhir/StructureDefinition/valueset-conceptOrder">
          <valueInteger value="0" />
        </extension>
        <code value="446157004" />
        <display value="Multidrug-resistant Acinetobacter (organism)" />
        <designation>
          <language value="en-US" />
          <use>
            <system value="http://snomed.info/sct" />
            <code value="900000000000003001" />
          </use>
          <value value="Multidrug-resistant Acinetobacter (organism)" />
        </designation>
        <designation>
          <language value="de-DE" />
          <value value="Multidrug-resistente Acinetobacter" />
        </designation>
      </concept>
      <concept>
        <extension url="http://hl7.org/fhir/StructureDefinition/valueset-conceptOrder">
          <valueInteger value="0" />
        </extension>
        <code value="450384008" />
        <display value="Acinetobacter gyllenbergii (organism)" />
        <designation>
          <language value="en-US" />
          <use>
            <system value="http://snomed.info/sct" />
            <code value="900000000000003001" />
          </use>
          <value value="Acinetobacter gyllenbergii (organism)" />
        </designation>
        <designation>
          <language value="de-DE" />
          <value value="Acinetobacter gyllenbergii" />
        </designation>
      </concept>
      <concept>
        <extension url="http://hl7.org/fhir/StructureDefinition/valueset-conceptOrder">
          <valueInteger value="0" />
        </extension>
        <code value="698244000" />
        <display value="Acinetobacter pittii (organism)" />
        <designation>
          <language value="en-US" />
          <use>
            <system value="http://snomed.info/sct" />
            <code value="900000000000003001" />
          </use>
          <value value="Acinetobacter pittii (organism)" />
        </designation>
        <designation>
          <language value="de-DE" />
          <value value="Acinetobacter pittii" />
        </designation>
      </concept>
      <concept>
        <extension url="http://hl7.org/fhir/StructureDefinition/valueset-conceptOrder">
          <valueInteger value="0" />
        </extension>
        <code value="700396001" />
        <display value="Acinetobacter soli (organism)" />
        <designation>
          <language value="en-US" />
          <use>
            <system value="http://snomed.info/sct" />
            <code value="900000000000003001" />
          </use>
          <value value="Acinetobacter soli (organism)" />
        </designation>
        <designation>
          <language value="de-DE" />
          <value value="Acinetobacter soli" />
        </designation>
      </concept>
      <concept>
        <extension url="http://hl7.org/fhir/StructureDefinition/valueset-conceptOrder">
          <valueInteger value="0" />
        </extension>
        <code value="700397005" />
        <display value="Acinetobacter guillouiae (organism)" />
        <designation>
          <language value="en-US" />
          <use>
            <system value="http://snomed.info/sct" />
            <code value="900000000000003001" />
          </use>
          <value value="Acinetobacter guillouiae (organism)" />
        </designation>
        <designation>
          <language value="de-DE" />
          <value value="Acinetobacter guillouiae" />
        </designation>
      </concept>
      <concept>
        <extension url="http://hl7.org/fhir/StructureDefinition/valueset-conceptOrder">
          <valueInteger value="0" />
        </extension>
        <code value="700398000" />
        <display value="Acinetobacter bereziniae (organism)" />
        <designation>
          <language value="en-US" />
          <use>
            <system value="http://snomed.info/sct" />
            <code value="900000000000003001" />
          </use>
          <value value="Acinetobacter bereziniae (organism)" />
        </designation>
        <designation>
          <language value="de-DE" />
          <value value="Acinetobacter bereziniae" />
        </designation>
      </concept>
      <concept>
        <extension url="http://hl7.org/fhir/StructureDefinition/valueset-conceptOrder">
          <valueInteger value="0" />
        </extension>
        <code value="708566008" />
        <display value="Acinetobacter indicus (organism)" />
        <designation>
          <language value="en-US" />
          <use>
            <system value="http://snomed.info/sct" />
            <code value="900000000000003001" />
          </use>
          <value value="Acinetobacter indicus (organism)" />
        </designation>
        <designation>
          <language value="de-DE" />
          <value value="Acinetobacter indicus" />
        </designation>
      </concept>
      <concept>
        <extension url="http://hl7.org/fhir/StructureDefinition/valueset-conceptOrder">
          <valueInteger value="0" />
        </extension>
        <code value="708859003" />
        <display value="Acinetobacter nosocomialis (organism)" />
        <designation>
          <language value="en-US" />
          <use>
            <system value="http://snomed.info/sct" />
            <code value="900000000000003001" />
          </use>
          <value value="Acinetobacter nosocomialis (organism)" />
        </designation>
        <designation>
          <language value="de-DE" />
          <value value="Acinetobacter nosocomialis" />
        </designation>
      </concept>
      <concept>
        <extension url="http://hl7.org/fhir/StructureDefinition/valueset-conceptOrder">
          <valueInteger value="1" />
        </extension>
        <code value="715174007" />
        <display value="Carbapenem resistant Acinetobacter baumannii (organism)" />
        <designation>
          <language value="en-US" />
          <use>
            <system value="http://snomed.info/sct" />
            <code value="900000000000003001" />
          </use>
          <value value="Carbapenem resistant Acinetobacter baumannii (organism)" />
        </designation>
        <designation>
          <language value="de-DE" />
          <value value="Carbapenem-resistente Acinetobacter baumannii" />
        </designation>
      </concept>
      <concept>
        <extension url="http://hl7.org/fhir/StructureDefinition/valueset-conceptOrder">
          <valueInteger value="0" />
        </extension>
        <code value="715353004" />
        <display value="Multiple drug-resistant Acinetobacter baumannii (organism)" />
        <designation>
          <language value="en-US" />
          <use>
            <system value="http://snomed.info/sct" />
            <code value="900000000000003001" />
          </use>
          <value value="Multiple drug-resistant Acinetobacter baumannii (organism)" />
        </designation>
        <designation>
          <language value="de-DE" />
          <value value="Mehrfach Arzneimittel-resistenter Acinetobacter baumannii" />
        </designation>
      </concept>
      <concept>
        <extension url="http://hl7.org/fhir/StructureDefinition/valueset-conceptOrder">
          <valueInteger value="0" />
        </extension>
        <code value="719027009" />
        <display value="Asaccharolytic non-hemolytic Acinetobacter (organism)" />
        <designation>
          <language value="en-US" />
          <use>
            <system value="http://snomed.info/sct" />
            <code value="900000000000003001" />
          </use>
          <value value="Asaccharolytic non-hemolytic Acinetobacter (organism)" />
        </designation>
        <designation>
          <language value="de-DE" />
          <value value="Asaccharolytischer nicht-hämolytischer Acinetobacter" />
        </designation>
      </concept>
      <concept>
        <extension url="http://hl7.org/fhir/StructureDefinition/valueset-conceptOrder">
          <valueInteger value="0" />
        </extension>
        <code value="719030002" />
        <display value="Asaccharolytic hemolytic Acinetobacter (organism)" />
        <designation>
          <language value="en-US" />
          <use>
            <system value="http://snomed.info/sct" />
            <code value="900000000000003001" />
          </use>
          <value value="Asaccharolytic hemolytic Acinetobacter (organism)" />
        </designation>
        <designation>
          <language value="de-DE" />
          <value value="Asaccharolytischer hämolytischer Acinetobacter" />
        </designation>
      </concept>
      <concept>
        <extension url="http://hl7.org/fhir/StructureDefinition/valueset-conceptOrder">
          <valueInteger value="0" />
        </extension>
        <code value="719031003" />
        <display value="Saccharolytic hemolytic Acinetobacter (organism)" />
        <designation>
          <language value="en-US" />
          <use>
            <system value="http://snomed.info/sct" />
            <code value="900000000000003001" />
          </use>
          <value value="Saccharolytic hemolytic Acinetobacter (organism)" />
        </designation>
        <designation>
          <language value="de-DE" />
          <value value="Saccharolytische, hämolytische Acinetobacter" />
        </designation>
      </concept>
      <concept>
        <extension url="http://hl7.org/fhir/StructureDefinition/valueset-conceptOrder">
          <valueInteger value="0" />
        </extension>
        <code value="719032005" />
        <display value="Saccharolytic non-hemolytic Acinetobacter (organism)" />
        <designation>
          <language value="en-US" />
          <use>
            <system value="http://snomed.info/sct" />
            <code value="900000000000003001" />
          </use>
          <value value="Saccharolytic non-hemolytic Acinetobacter (organism)" />
        </designation>
        <designation>
          <language value="de-DE" />
          <value value="Saccharolytische, nicht-hämolytische Acinetobacter" />
        </designation>
      </concept>
      <concept>
        <extension url="http://hl7.org/fhir/StructureDefinition/valueset-conceptOrder">
          <valueInteger value="0" />
        </extension>
        <code value="723323008" />
        <display value="Acinetobacter nectaris (organism)" />
        <designation>
          <language value="en-US" />
          <use>
            <system value="http://snomed.info/sct" />
            <code value="900000000000003001" />
          </use>
          <value value="Acinetobacter nectaris (organism)" />
        </designation>
        <designation>
          <language value="de-DE" />
          <value value="Acinetobacter nectaris" />
        </designation>
      </concept>
      <concept>
        <extension url="http://hl7.org/fhir/StructureDefinition/valueset-conceptOrder">
          <valueInteger value="1" />
        </extension>
        <code value="737526007" />
        <display value="Carbapenemase-producing Acinetobacter baumannii (organism)" />
        <designation>
          <language value="en-US" />
          <use>
            <system value="http://snomed.info/sct" />
            <code value="900000000000003001" />
          </use>
          <value value="Carbapenemase-producing Acinetobacter baumannii (organism)" />
        </designation>
        <designation>
          <language value="de-DE" />
          <value value="Carbapenemase-produzierende Acinetobacter baumannii" />
        </designation>
      </concept>
      <concept>
        <extension url="http://hl7.org/fhir/StructureDefinition/valueset-conceptOrder">
          <valueInteger value="0" />
        </extension>
        <code value="77045006" />
        <display value="Acinetobacter haemolyticus (organism)" />
        <designation>
          <language value="en-US" />
          <use>
            <system value="http://snomed.info/sct" />
            <code value="900000000000003001" />
          </use>
          <value value="Acinetobacter haemolyticus (organism)" />
        </designation>
        <designation>
          <language value="de-DE" />
          <value value="Acinetobacter haemolyticus" />
        </designation>
      </concept>
      <concept>
        <extension url="http://hl7.org/fhir/StructureDefinition/valueset-conceptOrder">
          <valueInteger value="0" />
        </extension>
        <code value="771547006" />
        <display value="Acinetobacter beijerinckii (organism)" />
        <designation>
          <language value="en-US" />
          <use>
            <system value="http://snomed.info/sct" />
            <code value="900000000000003001" />
          </use>
          <value value="Acinetobacter beijerinckii (organism)" />
        </designation>
        <designation>
          <language value="de-DE" />
          <value value="Acinetobacter beijerinckii" />
        </designation>
      </concept>
      <concept>
        <extension url="http://hl7.org/fhir/StructureDefinition/valueset-conceptOrder">
          <valueInteger value="0" />
        </extension>
        <code value="7757008" />
        <display value="Genus Acinetobacter (organism)" />
        <designation>
          <language value="en-US" />
          <use>
            <system value="http://snomed.info/sct" />
            <code value="900000000000003001" />
          </use>
          <value value="Genus Acinetobacter (organism)" />
        </designation>
        <designation>
          <language value="de-DE" />
          <value value="Gattung Acinetobacter" />
        </designation>
      </concept>
      <concept>
        <extension url="http://hl7.org/fhir/StructureDefinition/valueset-conceptOrder">
          <valueInteger value="0" />
        </extension>
        <code value="787183008" />
        <display value="Acinetobacter lactucae (organism)" />
        <designation>
          <language value="en-US" />
          <use>
            <system value="http://snomed.info/sct" />
            <code value="900000000000003001" />
          </use>
          <value value="Acinetobacter lactucae (organism)" />
        </designation>
        <designation>
          <language value="de-DE" />
          <value value="Acenitobacter dijkshoorniae" />
        </designation>
      </concept>
      <concept>
        <extension url="http://hl7.org/fhir/StructureDefinition/valueset-conceptOrder">
          <valueInteger value="0" />
        </extension>
        <code value="787184002" />
        <display value="Acinetobacter seifertii (organism)" />
        <designation>
          <language value="en-US" />
          <use>
            <system value="http://snomed.info/sct" />
            <code value="900000000000003001" />
          </use>
          <value value="Acinetobacter seifertii (organism)" />
        </designation>
        <designation>
          <language value="de-DE" />
          <value value="Acinetobacter seifertii" />
        </designation>
      </concept>
      <concept>
        <extension url="http://hl7.org/fhir/StructureDefinition/valueset-conceptOrder">
          <valueInteger value="0" />
        </extension>
        <code value="788668000" />
        <display value="Acinetobacter dispersus (organism)" />
        <designation>
          <language value="en-US" />
          <use>
            <system value="http://snomed.info/sct" />
            <code value="900000000000003001" />
          </use>
          <value value="Acinetobacter dispersus (organism)" />
        </designation>
        <designation>
          <language value="de-DE" />
          <value value="Acinetobacter dispersus" />
        </designation>
      </concept>
      <concept>
        <extension url="http://hl7.org/fhir/StructureDefinition/valueset-conceptOrder">
          <valueInteger value="0" />
        </extension>
        <code value="797934007" />
        <display value="Acinetobacter proteolyticus (organism)" />
        <designation>
          <language value="en-US" />
          <use>
            <system value="http://snomed.info/sct" />
            <code value="900000000000003001" />
          </use>
          <value value="Acinetobacter proteolyticus (organism)" />
        </designation>
        <designation>
          <language value="de-DE" />
          <value value="Acinetobacter proteolyticus" />
        </designation>
      </concept>
      <concept>
        <extension url="http://hl7.org/fhir/StructureDefinition/valueset-conceptOrder">
          <valueInteger value="1" />
        </extension>
        <code value="816084004" />
        <display value="Carbapenem-resistant Acinetobacter baumannii-calcoaceticus complex (organism)" />
        <designation>
          <language value="en-US" />
          <use>
            <system value="http://snomed.info/sct" />
            <code value="900000000000003001" />
          </use>
          <value value="Carbapenem-resistant Acinetobacter baumannii-calcoaceticus complex (organism)" />
        </designation>
        <designation>
          <language value="de-DE" />
          <value value="Carbapenem-resistente-Acinetobacter-baumannii-calcoaceticus-Komplex" />
        </designation>
      </concept>
      <concept>
        <extension url="http://hl7.org/fhir/StructureDefinition/valueset-conceptOrder">
          <valueInteger value="0" />
        </extension>
        <code value="82550008" />
        <display value="Acinetobacter calcoaceticus (organism)" />
        <designation>
          <language value="en-US" />
          <use>
            <system value="http://snomed.info/sct" />
            <code value="900000000000003001" />
          </use>
          <value value="Acinetobacter calcoaceticus (organism)" />
        </designation>
        <designation>
          <language value="de-DE" />
          <value value="Acinetobacter calcoaceticus" />
        </designation>
      </concept>
      <concept>
        <extension url="http://hl7.org/fhir/StructureDefinition/valueset-conceptOrder">
          <valueInteger value="0" />
        </extension>
        <code value="83088009" />
        <display value="Acinetobacter lwoffii (organism)" />
        <designation>
          <language value="en-US" />
          <use>
            <system value="http://snomed.info/sct" />
            <code value="900000000000003001" />
          </use>
          <value value="Acinetobacter lwoffii (organism)" />
        </designation>
        <designation>
          <language value="de-DE" />
          <value value="Acinetobacter lwoffii" />
        </designation>
      </concept>
      <concept>
        <extension url="http://hl7.org/fhir/StructureDefinition/valueset-conceptOrder">
          <valueInteger value="0" />
        </extension>
        <code value="890447005" />
        <display value="Acinetobacter courvalinii (organism)" />
        <designation>
          <language value="en-US" />
          <use>
            <system value="http://snomed.info/sct" />
            <code value="900000000000003001" />
          </use>
          <value value="Acinetobacter courvalinii (organism)" />
        </designation>
        <designation>
          <language value="de-DE" />
          <value value="Acinetobacter courvalinii" />
        </designation>
      </concept>
      <concept>
        <extension url="http://hl7.org/fhir/StructureDefinition/valueset-conceptOrder">
          <valueInteger value="0" />
        </extension>
        <code value="890448000" />
        <display value="Acinetobacter modestus (organism)" />
        <designation>
          <language value="en-US" />
          <use>
            <system value="http://snomed.info/sct" />
            <code value="900000000000003001" />
          </use>
          <value value="Acinetobacter modestus (organism)" />
        </designation>
        <designation>
          <language value="de-DE" />
          <value value="Acinetobacter modestus" />
        </designation>
      </concept>
      <concept>
        <extension url="http://hl7.org/fhir/StructureDefinition/valueset-conceptOrder">
          <valueInteger value="0" />
        </extension>
        <code value="91288006" />
        <display value="Acinetobacter baumannii (organism)" />
        <designation>
          <language value="en-US" />
          <use>
            <system value="http://snomed.info/sct" />
            <code value="900000000000003001" />
          </use>
          <value value="Acinetobacter baumannii (organism)" />
        </designation>
        <designation>
          <language value="de-DE" />
          <value value="Acinetobacter baumannii" />
        </designation>
      </concept>
    </include>
    <include>
      <valueSet value="https://demis.rki.de/fhir/ValueSet/answerSetLaboratoryTest-SNOMED" />
    </include>
    <include>
      <valueSet value="https://demis.rki.de/fhir/ValueSet/answerSetResistance-SNOMED" />
    </include>
  </compose>
</ValueSet>