<?xml version="1.0" encoding="utf-8"?>
<ValueSet xmlns="http://hl7.org/fhir">
  <id value="answerSetGBSP" />
  <url value="https://demis.rki.de/fhir/ValueSet/answerSetGBSP" />
  <version value="1.4.1" />
  <name value="AnswerSetGBSP" />
  <title value="AnswerSet für Gruppe-B-Streptokokken (GBS); Meldepflicht nur für den direkten Nachweis bei Schwangeren und Neugeborenen" />
  <status value="active" />
  <experimental value="false" />
  <date value="2025-02-25" />
  <publisher value="Robert Koch-Institut" />
  <description value="Das ValueSet AnswerSetGBSP enthält die Codes der Answer-Codes für Gruppe-B-Streptokokken (GBS); Meldepflicht nur für den direkten Nachweis bei Schwangeren und Neugeborenen." />
  <copyright value="This material includes SNOMED Clinical Terms® (SNOMED CT®) which is used by permission of the International Health Terminology Standards Development Organisation (IHTSDO). All rights reserved. SNOMED CT®, was originally created by The College of American Pathologists. “SNOMED” and “SNOMED CT” are registered trademarks of the IHTSDO.&#xD;&#xA;&#xD;&#xA;Dieses Material enthält SNOMED Clinical Terms® (SNOMED CT®), die mit Genehmigung der International Health Terminology Standards Development Organisation (IHTSDO) verwendet werden. Alle Rechte vorbehalten. SNOMED CT® wurde ursprünglich vom College of American Pathologists entwickelt. &quot;SNOMED&quot; und &quot;SNOMED CT&quot; sind eingetragene Warenzeichen der IHTSDO.&#xD;&#xA;&#xD;&#xA;Downloadbedingungen für SNOMED-CT&#xD;&#xA;&#xD;&#xA;Enthält durch SNOMED International urheberrechtlich geschützte Information. Jede Verwendung von SNOMED CT in Deutschland erfordert eine vollgültige Affiliate Lizenz oder eine Sublizenz. Die entsprechende Lizenz ist kostenlos, vorausgesetzt die Verwendung findet nur in Deutschland statt und erfüllt die Bedingungen des Affiliate License Agreements. Affiliate Lizenzen können über das Mitglieder-Lizenzierungs- und Distributions-Service (MLDS) direkt beim jeweiligen NRC beantragt werden. https://mlds.ihtsdotools.org/#/landing/DE?lang=de&#xD;&#xA;&#xD;&#xA;Contains information protected by copyright of SNOMED International. Any use of SNOMED CT in Austria requires a valid affiliate license or sublicense. The corresponding license is free of charge, provided that the use only takes place in Austria and fulfills the conditions of the Affiliate License Agreement. Affiliate licenses can be requested directly from the respective NRC via the Member Licensing and Distribution Service (MLDS). ttps://mlds.ihtsdotools.org/#/landing/DE?lang=de" />
  <compose>
    <include>
      <system value="http://snomed.info/sct" />
      <version value="http://snomed.info/sct/11000274103/version/20241115" />
      <concept>
        <extension url="http://hl7.org/fhir/StructureDefinition/valueset-conceptOrder">
          <valueInteger value="1" />
        </extension>
        <code value="413643004" />
        <display value="Beta-hemolytic Streptococcus, group A (organism)" />
        <designation>
          <language value="en-US" />
          <use>
            <system value="http://snomed.info/sct" />
            <code value="900000000000003001" />
          </use>
          <value value="Beta-hemolytic Streptococcus, group A (organism)" />
        </designation>
        <designation>
          <language value="de-DE" />
          <value value="Beta-hämolytischer Streptococcus, Gruppe A" />
        </designation>
      </concept>
      <concept>
        <extension url="http://hl7.org/fhir/StructureDefinition/valueset-conceptOrder">
          <valueInteger value="1" />
        </extension>
        <code value="43492007" />
        <display value="Streptococcus agalactiae (organism)" />
        <designation>
          <language value="en-US" />
          <use>
            <system value="http://snomed.info/sct" />
            <code value="900000000000003001" />
          </use>
          <value value="Streptococcus agalactiae (organism)" />
        </designation>
        <designation>
          <language value="de-DE" />
          <value value="Gruppe-B-Streptococcus" />
        </designation>
      </concept>
      <concept>
        <extension url="http://hl7.org/fhir/StructureDefinition/valueset-conceptOrder">
          <valueInteger value="1" />
        </extension>
        <code value="698164000" />
        <display value="Streptococcus agalactiae serotype Ia (organism)" />
        <designation>
          <language value="en-US" />
          <use>
            <system value="http://snomed.info/sct" />
            <code value="900000000000003001" />
          </use>
          <value value="Streptococcus agalactiae serotype Ia (organism)" />
        </designation>
        <designation>
          <language value="de-DE" />
          <value value="Streptococcus agalactiae, Serotyp Ia" />
        </designation>
      </concept>
      <concept>
        <extension url="http://hl7.org/fhir/StructureDefinition/valueset-conceptOrder">
          <valueInteger value="1" />
        </extension>
        <code value="698165004" />
        <display value="Streptococcus agalactiae serotype Ia/c (organism)" />
        <designation>
          <language value="en-US" />
          <use>
            <system value="http://snomed.info/sct" />
            <code value="900000000000003001" />
          </use>
          <value value="Streptococcus agalactiae serotype Ia/c (organism)" />
        </designation>
        <designation>
          <language value="de-DE" />
          <value value="Streptococcus agalactiae, Serotyp Ia/c" />
        </designation>
      </concept>
      <concept>
        <extension url="http://hl7.org/fhir/StructureDefinition/valueset-conceptOrder">
          <valueInteger value="1" />
        </extension>
        <code value="698166003" />
        <display value="Streptococcus agalactiae serotype Ib (organism)" />
        <designation>
          <language value="en-US" />
          <use>
            <system value="http://snomed.info/sct" />
            <code value="900000000000003001" />
          </use>
          <value value="Streptococcus agalactiae serotype Ib (organism)" />
        </designation>
        <designation>
          <language value="de-DE" />
          <value value="Streptococcus agalactiae, Serotyp Ib" />
        </designation>
      </concept>
      <concept>
        <extension url="http://hl7.org/fhir/StructureDefinition/valueset-conceptOrder">
          <valueInteger value="1" />
        </extension>
        <code value="698167007" />
        <display value="Streptococcus agalactiae serotype Ib/c (organism)" />
        <designation>
          <language value="en-US" />
          <use>
            <system value="http://snomed.info/sct" />
            <code value="900000000000003001" />
          </use>
          <value value="Streptococcus agalactiae serotype Ib/c (organism)" />
        </designation>
        <designation>
          <language value="de-DE" />
          <value value="Streptococcus agalactiae, Serotyp Ib/c" />
        </designation>
      </concept>
      <concept>
        <extension url="http://hl7.org/fhir/StructureDefinition/valueset-conceptOrder">
          <valueInteger value="1" />
        </extension>
        <code value="698168002" />
        <display value="Streptococcus agalactiae serotype II (organism)" />
        <designation>
          <language value="en-US" />
          <use>
            <system value="http://snomed.info/sct" />
            <code value="900000000000003001" />
          </use>
          <value value="Streptococcus agalactiae serotype II (organism)" />
        </designation>
        <designation>
          <language value="de-DE" />
          <value value="Streptococcus agalactiae, Serotyp II" />
        </designation>
      </concept>
      <concept>
        <extension url="http://hl7.org/fhir/StructureDefinition/valueset-conceptOrder">
          <valueInteger value="1" />
        </extension>
        <code value="698169005" />
        <display value="Streptococcus agalactiae serotype II/c (organism)" />
        <designation>
          <language value="en-US" />
          <use>
            <system value="http://snomed.info/sct" />
            <code value="900000000000003001" />
          </use>
          <value value="Streptococcus agalactiae serotype II/c (organism)" />
        </designation>
        <designation>
          <language value="de-DE" />
          <value value="Streptococcus agalactiae, Serotyp II/c" />
        </designation>
      </concept>
      <concept>
        <extension url="http://hl7.org/fhir/StructureDefinition/valueset-conceptOrder">
          <valueInteger value="1" />
        </extension>
        <code value="698170006" />
        <display value="Streptococcus agalactiae serotype II/R (organism)" />
        <designation>
          <language value="en-US" />
          <use>
            <system value="http://snomed.info/sct" />
            <code value="900000000000003001" />
          </use>
          <value value="Streptococcus agalactiae serotype II/R (organism)" />
        </designation>
        <designation>
          <language value="de-DE" />
          <value value="Streptococcus agalactiae, Serotyp II/R" />
        </designation>
      </concept>
      <concept>
        <extension url="http://hl7.org/fhir/StructureDefinition/valueset-conceptOrder">
          <valueInteger value="1" />
        </extension>
        <code value="698171005" />
        <display value="Streptococcus agalactiae serotype III (organism)" />
        <designation>
          <language value="en-US" />
          <use>
            <system value="http://snomed.info/sct" />
            <code value="900000000000003001" />
          </use>
          <value value="Streptococcus agalactiae serotype III (organism)" />
        </designation>
        <designation>
          <language value="de-DE" />
          <value value="Streptococcus agalactiae, Serotyp III" />
        </designation>
      </concept>
      <concept>
        <extension url="http://hl7.org/fhir/StructureDefinition/valueset-conceptOrder">
          <valueInteger value="1" />
        </extension>
        <code value="698172003" />
        <display value="Streptococcus agalactiae serotype III/c (organism)" />
        <designation>
          <language value="en-US" />
          <use>
            <system value="http://snomed.info/sct" />
            <code value="900000000000003001" />
          </use>
          <value value="Streptococcus agalactiae serotype III/c (organism)" />
        </designation>
        <designation>
          <language value="de-DE" />
          <value value="Streptococcus agalactiae, Serotyp III/c" />
        </designation>
      </concept>
      <concept>
        <extension url="http://hl7.org/fhir/StructureDefinition/valueset-conceptOrder">
          <valueInteger value="1" />
        </extension>
        <code value="698173008" />
        <display value="Streptococcus agalactiae serotype III/R (organism)" />
        <designation>
          <language value="en-US" />
          <use>
            <system value="http://snomed.info/sct" />
            <code value="900000000000003001" />
          </use>
          <value value="Streptococcus agalactiae serotype III/R (organism)" />
        </designation>
        <designation>
          <language value="de-DE" />
          <value value="Streptococcus agalactiae, Serotyp III/R" />
        </designation>
      </concept>
      <concept>
        <extension url="http://hl7.org/fhir/StructureDefinition/valueset-conceptOrder">
          <valueInteger value="1" />
        </extension>
        <code value="698174002" />
        <display value="Streptococcus agalactiae serotype IV (organism)" />
        <designation>
          <language value="en-US" />
          <use>
            <system value="http://snomed.info/sct" />
            <code value="900000000000003001" />
          </use>
          <value value="Streptococcus agalactiae serotype IV (organism)" />
        </designation>
        <designation>
          <language value="de-DE" />
          <value value="Streptococcus agalactiae, Serotyp IV" />
        </designation>
      </concept>
      <concept>
        <extension url="http://hl7.org/fhir/StructureDefinition/valueset-conceptOrder">
          <valueInteger value="1" />
        </extension>
        <code value="698177009" />
        <display value="Streptococcus agalactiae serotype V (organism)" />
        <designation>
          <language value="en-US" />
          <use>
            <system value="http://snomed.info/sct" />
            <code value="900000000000003001" />
          </use>
          <value value="Streptococcus agalactiae serotype V (organism)" />
        </designation>
        <designation>
          <language value="de-DE" />
          <value value="Streptococcus agalactiae, Serotyp V" />
        </designation>
      </concept>
      <concept>
        <extension url="http://hl7.org/fhir/StructureDefinition/valueset-conceptOrder">
          <valueInteger value="1" />
        </extension>
        <code value="698178004" />
        <display value="Streptococcus agalactiae serotype V/c (organism)" />
        <designation>
          <language value="en-US" />
          <use>
            <system value="http://snomed.info/sct" />
            <code value="900000000000003001" />
          </use>
          <value value="Streptococcus agalactiae serotype V/c (organism)" />
        </designation>
        <designation>
          <language value="de-DE" />
          <value value="Streptococcus agalactiae, Serotyp V/c" />
        </designation>
      </concept>
      <concept>
        <extension url="http://hl7.org/fhir/StructureDefinition/valueset-conceptOrder">
          <valueInteger value="1" />
        </extension>
        <code value="698179007" />
        <display value="Streptococcus agalactiae serotype V/R (organism)" />
        <designation>
          <language value="en-US" />
          <use>
            <system value="http://snomed.info/sct" />
            <code value="900000000000003001" />
          </use>
          <value value="Streptococcus agalactiae serotype V/R (organism)" />
        </designation>
        <designation>
          <language value="de-DE" />
          <value value="Streptococcus agalactiae, Serotyp V/R" />
        </designation>
      </concept>
      <concept>
        <extension url="http://hl7.org/fhir/StructureDefinition/valueset-conceptOrder">
          <valueInteger value="1" />
        </extension>
        <code value="698180005" />
        <display value="Streptococcus agalactiae serotype VII (organism)" />
        <designation>
          <language value="en-US" />
          <use>
            <system value="http://snomed.info/sct" />
            <code value="900000000000003001" />
          </use>
          <value value="Streptococcus agalactiae serotype VII (organism)" />
        </designation>
        <designation>
          <language value="de-DE" />
          <value value="Streptococcus agalactiae, Serotyp VII" />
        </designation>
      </concept>
      <concept>
        <extension url="http://hl7.org/fhir/StructureDefinition/valueset-conceptOrder">
          <valueInteger value="1" />
        </extension>
        <code value="698181009" />
        <display value="Streptococcus agalactiae serotype VIII (organism)" />
        <designation>
          <language value="en-US" />
          <use>
            <system value="http://snomed.info/sct" />
            <code value="900000000000003001" />
          </use>
          <value value="Streptococcus agalactiae serotype VIII (organism)" />
        </designation>
        <designation>
          <language value="de-DE" />
          <value value="Streptococcus agalactiae, Serotyp VIII" />
        </designation>
      </concept>
      <concept>
        <extension url="http://hl7.org/fhir/StructureDefinition/valueset-conceptOrder">
          <valueInteger value="1" />
        </extension>
        <code value="715357003" />
        <display value="Streptococcus agalactiae serotype VI (organism)" />
        <designation>
          <language value="en-US" />
          <use>
            <system value="http://snomed.info/sct" />
            <code value="900000000000003001" />
          </use>
          <value value="Streptococcus agalactiae serotype VI (organism)" />
        </designation>
        <designation>
          <language value="de-DE" />
          <value value="Streptococcus agalactiae, Serotyp VI" />
        </designation>
      </concept>
      <concept>
        <extension url="http://hl7.org/fhir/StructureDefinition/valueset-conceptOrder">
          <valueInteger value="1" />
        </extension>
        <code value="715358008" />
        <display value="Streptococcus agalactiae serotype IX (organism)" />
        <designation>
          <language value="en-US" />
          <use>
            <system value="http://snomed.info/sct" />
            <code value="900000000000003001" />
          </use>
          <value value="Streptococcus agalactiae serotype IX (organism)" />
        </designation>
        <designation>
          <language value="de-DE" />
          <value value="Streptococcus agalactiae, Serotyp IX" />
        </designation>
      </concept>
    </include>
    <include>
      <valueSet value="https://demis.rki.de/fhir/ValueSet/answerSetLaboratoryTest-SNOMED" />
    </include>
    <include>
      <valueSet value="https://demis.rki.de/fhir/ValueSet/answerSetResistance-SNOMED" />
    </include>
  </compose>
</ValueSet>