<?xml version="1.0" encoding="utf-8"?>
<ValueSet xmlns="http://hl7.org/fhir">
  <id value="answerSetSPNP" />
  <url value="https://demis.rki.de/fhir/ValueSet/answerSetSPNP" />
  <version value="1.7.1" />
  <name value="AnswerSetSPNP" />
  <title value="AnswerSet für Streptococcus pneumoniae; Meldepflicht nur für den direkten Nachweis aus Liquor, Blut, Gelenkpunktat oder anderen normalerweise sterilen Substraten" />
  <status value="active" />
  <experimental value="false" />
  <date value="2025-02-25" />
  <publisher value="Robert Koch-Institut" />
  <description value="Das ValueSet AnswerSetSPNP enthält die Codes der Answer-Codes für Streptococcus pneumoniae; Meldepflicht nur für den direkten Nachweis aus Liquor, Blut, Gelenkpunktat oder anderen normalerweise sterilen Substraten." />
  <copyright value="This material includes SNOMED Clinical Terms® (SNOMED CT®) which is used by permission of the International Health Terminology Standards Development Organisation (IHTSDO). All rights reserved. SNOMED CT®, was originally created by The College of American Pathologists. “SNOMED” and “SNOMED CT” are registered trademarks of the IHTSDO.&#xD;&#xA;&#xD;&#xA;Dieses Material enthält SNOMED Clinical Terms® (SNOMED CT®), die mit Genehmigung der International Health Terminology Standards Development Organisation (IHTSDO) verwendet werden. Alle Rechte vorbehalten. SNOMED CT® wurde ursprünglich vom College of American Pathologists entwickelt. &quot;SNOMED&quot; und &quot;SNOMED CT&quot; sind eingetragene Warenzeichen der IHTSDO.&#xD;&#xA;&#xD;&#xA;Downloadbedingungen für SNOMED-CT&#xD;&#xA;&#xD;&#xA;Enthält durch SNOMED International urheberrechtlich geschützte Information. Jede Verwendung von SNOMED CT in Deutschland erfordert eine vollgültige Affiliate Lizenz oder eine Sublizenz. Die entsprechende Lizenz ist kostenlos, vorausgesetzt die Verwendung findet nur in Deutschland statt und erfüllt die Bedingungen des Affiliate License Agreements. Affiliate Lizenzen können über das Mitglieder-Lizenzierungs- und Distributions-Service (MLDS) direkt beim jeweiligen NRC beantragt werden. https://mlds.ihtsdotools.org/#/landing/DE?lang=de&#xD;&#xA;&#xD;&#xA;Contains information protected by copyright of SNOMED International. Any use of SNOMED CT in Austria requires a valid affiliate license or sublicense. The corresponding license is free of charge, provided that the use only takes place in Austria and fulfills the conditions of the Affiliate License Agreement. Affiliate licenses can be requested directly from the respective NRC via the Member Licensing and Distribution Service (MLDS). ttps://mlds.ihtsdotools.org/#/landing/DE?lang=de" />
  <compose>
    <include>
      <system value="http://snomed.info/sct" />
      <version value="http://snomed.info/sct/11000274103/version/20241115" />
      <concept>
        <extension url="http://hl7.org/fhir/StructureDefinition/valueset-conceptOrder">
          <valueInteger value="1" />
        </extension>
        <code value="103497003" />
        <display value="Streptococcus pneumoniae Danish serotype 3 (organism)" />
        <designation>
          <language value="en-US" />
          <use>
            <system value="http://snomed.info/sct" />
            <code value="900000000000003001" />
          </use>
          <value value="Streptococcus pneumoniae Danish serotype 3 (organism)" />
        </designation>
        <designation>
          <language value="de-DE" />
          <value value="Streptococcus pneumoniae, dänischer Serotyp 3" />
        </designation>
      </concept>
      <concept>
        <extension url="http://hl7.org/fhir/StructureDefinition/valueset-conceptOrder">
          <valueInteger value="1" />
        </extension>
        <code value="103498008" />
        <display value="Streptococcus pneumoniae Danish serotype 14 (organism)" />
        <designation>
          <language value="en-US" />
          <use>
            <system value="http://snomed.info/sct" />
            <code value="900000000000003001" />
          </use>
          <value value="Streptococcus pneumoniae Danish serotype 14 (organism)" />
        </designation>
        <designation>
          <language value="de-DE" />
          <value value="Streptococcus pneumoniae, dänischer Serotyp 14" />
        </designation>
      </concept>
      <concept>
        <extension url="http://hl7.org/fhir/StructureDefinition/valueset-conceptOrder">
          <valueInteger value="1" />
        </extension>
        <code value="103499000" />
        <display value="Streptococcus pneumoniae Danish serotype 7F (organism)" />
        <designation>
          <language value="en-US" />
          <use>
            <system value="http://snomed.info/sct" />
            <code value="900000000000003001" />
          </use>
          <value value="Streptococcus pneumoniae Danish serotype 7F (organism)" />
        </designation>
        <designation>
          <language value="de-DE" />
          <value value="Streptococcus pneumoniae, dänischer Serotyp 7F" />
        </designation>
      </concept>
      <concept>
        <extension url="http://hl7.org/fhir/StructureDefinition/valueset-conceptOrder">
          <valueInteger value="1" />
        </extension>
        <code value="103500009" />
        <display value="Streptococcus pneumoniae Danish serotype 9N (organism)" />
        <designation>
          <language value="en-US" />
          <use>
            <system value="http://snomed.info/sct" />
            <code value="900000000000003001" />
          </use>
          <value value="Streptococcus pneumoniae Danish serotype 9N (organism)" />
        </designation>
        <designation>
          <language value="de-DE" />
          <value value="Streptococcus pneumoniae, dänischer Serotyp 9N" />
        </designation>
      </concept>
      <concept>
        <extension url="http://hl7.org/fhir/StructureDefinition/valueset-conceptOrder">
          <valueInteger value="1" />
        </extension>
        <code value="131363003" />
        <display value="Streptococcus pneumoniae Danish serotype 29 (organism)" />
        <designation>
          <language value="en-US" />
          <use>
            <system value="http://snomed.info/sct" />
            <code value="900000000000003001" />
          </use>
          <value value="Streptococcus pneumoniae Danish serotype 29 (organism)" />
        </designation>
        <designation>
          <language value="de-DE" />
          <value value="Streptococcus pneumoniae, dänischer Serotyp 29" />
        </designation>
      </concept>
      <concept>
        <extension url="http://hl7.org/fhir/StructureDefinition/valueset-conceptOrder">
          <valueInteger value="1" />
        </extension>
        <code value="415607008" />
        <display value="Streptococcus pneumoniae Danish serotype 1 (organism)" />
        <designation>
          <language value="en-US" />
          <use>
            <system value="http://snomed.info/sct" />
            <code value="900000000000003001" />
          </use>
          <value value="Streptococcus pneumoniae Danish serotype 1 (organism)" />
        </designation>
        <designation>
          <language value="de-DE" />
          <value value="Streptococcus pneumoniae, dänischer Serotyp 1" />
        </designation>
      </concept>
      <concept>
        <extension url="http://hl7.org/fhir/StructureDefinition/valueset-conceptOrder">
          <valueInteger value="1" />
        </extension>
        <code value="415608003" />
        <display value="Streptococcus pneumoniae Danish serotype 10A (organism)" />
        <designation>
          <language value="en-US" />
          <use>
            <system value="http://snomed.info/sct" />
            <code value="900000000000003001" />
          </use>
          <value value="Streptococcus pneumoniae Danish serotype 10A (organism)" />
        </designation>
        <designation>
          <language value="de-DE" />
          <value value="Streptococcus pneumoniae, dänischer Serotyp 10A" />
        </designation>
      </concept>
      <concept>
        <extension url="http://hl7.org/fhir/StructureDefinition/valueset-conceptOrder">
          <valueInteger value="1" />
        </extension>
        <code value="415610001" />
        <display value="Streptococcus pneumoniae Danish serotype 15B (organism)" />
        <designation>
          <language value="en-US" />
          <use>
            <system value="http://snomed.info/sct" />
            <code value="900000000000003001" />
          </use>
          <value value="Streptococcus pneumoniae Danish serotype 15B (organism)" />
        </designation>
        <designation>
          <language value="de-DE" />
          <value value="Streptococcus pneumoniae, dänischer Serotyp 15B" />
        </designation>
      </concept>
      <concept>
        <extension url="http://hl7.org/fhir/StructureDefinition/valueset-conceptOrder">
          <valueInteger value="1" />
        </extension>
        <code value="415611002" />
        <display value="Streptococcus pneumoniae Danish serotype 19A (organism)" />
        <designation>
          <language value="en-US" />
          <use>
            <system value="http://snomed.info/sct" />
            <code value="900000000000003001" />
          </use>
          <value value="Streptococcus pneumoniae Danish serotype 19A (organism)" />
        </designation>
        <designation>
          <language value="de-DE" />
          <value value="Streptococcus pneumoniae, dänischer Serotyp 19A" />
        </designation>
      </concept>
      <concept>
        <extension url="http://hl7.org/fhir/StructureDefinition/valueset-conceptOrder">
          <valueInteger value="1" />
        </extension>
        <code value="415616007" />
        <display value="Streptococcus pneumoniae Danish serotype 4 (organism)" />
        <designation>
          <language value="en-US" />
          <use>
            <system value="http://snomed.info/sct" />
            <code value="900000000000003001" />
          </use>
          <value value="Streptococcus pneumoniae Danish serotype 4 (organism)" />
        </designation>
        <designation>
          <language value="de-DE" />
          <value value="Streptococcus pneumoniae, dänischer Serotyp 4" />
        </designation>
      </concept>
      <concept>
        <extension url="http://hl7.org/fhir/StructureDefinition/valueset-conceptOrder">
          <valueInteger value="1" />
        </extension>
        <code value="415619000" />
        <display value="Streptococcus pneumoniae Danish serotype 7A (organism)" />
        <designation>
          <language value="en-US" />
          <use>
            <system value="http://snomed.info/sct" />
            <code value="900000000000003001" />
          </use>
          <value value="Streptococcus pneumoniae Danish serotype 7A (organism)" />
        </designation>
        <designation>
          <language value="de-DE" />
          <value value="Streptococcus pneumoniae, dänischer Serotyp 7A" />
        </designation>
      </concept>
      <concept>
        <extension url="http://hl7.org/fhir/StructureDefinition/valueset-conceptOrder">
          <valueInteger value="1" />
        </extension>
        <code value="418217008" />
        <display value="Streptococcus pneumoniae Danish serotype 23F (organism)" />
        <designation>
          <language value="en-US" />
          <use>
            <system value="http://snomed.info/sct" />
            <code value="900000000000003001" />
          </use>
          <value value="Streptococcus pneumoniae Danish serotype 23F (organism)" />
        </designation>
        <designation>
          <language value="de-DE" />
          <value value="Streptococcus pneumoniae, dänischer Serotyp 23F" />
        </designation>
      </concept>
      <concept>
        <extension url="http://hl7.org/fhir/StructureDefinition/valueset-conceptOrder">
          <valueInteger value="1" />
        </extension>
        <code value="418322006" />
        <display value="Streptococcus pneumoniae Danish serotype 9V (organism)" />
        <designation>
          <language value="en-US" />
          <use>
            <system value="http://snomed.info/sct" />
            <code value="900000000000003001" />
          </use>
          <value value="Streptococcus pneumoniae Danish serotype 9V (organism)" />
        </designation>
        <designation>
          <language value="de-DE" />
          <value value="Streptococcus pneumoniae, dänischer Serotyp 9V" />
        </designation>
      </concept>
      <concept>
        <extension url="http://hl7.org/fhir/StructureDefinition/valueset-conceptOrder">
          <valueInteger value="1" />
        </extension>
        <code value="418451009" />
        <display value="Streptococcus pneumoniae Danish serotype 18C (organism)" />
        <designation>
          <language value="en-US" />
          <use>
            <system value="http://snomed.info/sct" />
            <code value="900000000000003001" />
          </use>
          <value value="Streptococcus pneumoniae Danish serotype 18C (organism)" />
        </designation>
        <designation>
          <language value="de-DE" />
          <value value="Streptococcus pneumoniae, dänischer Serotyp 18C" />
        </designation>
      </concept>
      <concept>
        <extension url="http://hl7.org/fhir/StructureDefinition/valueset-conceptOrder">
          <valueInteger value="1" />
        </extension>
        <code value="418759005" />
        <display value="Streptococcus pneumoniae Danish serotype 8 (organism)" />
        <designation>
          <language value="en-US" />
          <use>
            <system value="http://snomed.info/sct" />
            <code value="900000000000003001" />
          </use>
          <value value="Streptococcus pneumoniae Danish serotype 8 (organism)" />
        </designation>
        <designation>
          <language value="de-DE" />
          <value value="Streptococcus pneumoniae, dänischer Serotyp 8" />
        </designation>
      </concept>
      <concept>
        <extension url="http://hl7.org/fhir/StructureDefinition/valueset-conceptOrder">
          <valueInteger value="1" />
        </extension>
        <code value="418883007" />
        <display value="Streptococcus pneumoniae Danish serotype 9L (organism)" />
        <designation>
          <language value="en-US" />
          <use>
            <system value="http://snomed.info/sct" />
            <code value="900000000000003001" />
          </use>
          <value value="Streptococcus pneumoniae Danish serotype 9L (organism)" />
        </designation>
        <designation>
          <language value="de-DE" />
          <value value="Streptococcus pneumoniae, dänischer Serotyp 9L" />
        </designation>
      </concept>
      <concept>
        <extension url="http://hl7.org/fhir/StructureDefinition/valueset-conceptOrder">
          <valueInteger value="1" />
        </extension>
        <code value="418902003" />
        <display value="Streptococcus pneumoniae Danish serotype 6B (organism)" />
        <designation>
          <language value="en-US" />
          <use>
            <system value="http://snomed.info/sct" />
            <code value="900000000000003001" />
          </use>
          <value value="Streptococcus pneumoniae Danish serotype 6B (organism)" />
        </designation>
        <designation>
          <language value="de-DE" />
          <value value="Streptococcus pneumoniae, dänischer Serotyp 6B" />
        </designation>
      </concept>
      <concept>
        <extension url="http://hl7.org/fhir/StructureDefinition/valueset-conceptOrder">
          <valueInteger value="1" />
        </extension>
        <code value="419071000" />
        <display value="Streptococcus pneumoniae Danish serotype 11A (organism)" />
        <designation>
          <language value="en-US" />
          <use>
            <system value="http://snomed.info/sct" />
            <code value="900000000000003001" />
          </use>
          <value value="Streptococcus pneumoniae Danish serotype 11A (organism)" />
        </designation>
        <designation>
          <language value="de-DE" />
          <value value="Streptococcus pneumoniae, dänischer Serotyp 11A" />
        </designation>
      </concept>
      <concept>
        <extension url="http://hl7.org/fhir/StructureDefinition/valueset-conceptOrder">
          <valueInteger value="1" />
        </extension>
        <code value="419167001" />
        <display value="Streptococcus pneumoniae Danish serotype 9A (organism)" />
        <designation>
          <language value="en-US" />
          <use>
            <system value="http://snomed.info/sct" />
            <code value="900000000000003001" />
          </use>
          <value value="Streptococcus pneumoniae Danish serotype 9A (organism)" />
        </designation>
        <designation>
          <language value="de-DE" />
          <value value="Streptococcus pneumoniae, dänischer Serotyp 9A" />
        </designation>
      </concept>
      <concept>
        <extension url="http://hl7.org/fhir/StructureDefinition/valueset-conceptOrder">
          <valueInteger value="1" />
        </extension>
        <code value="419305002" />
        <display value="Streptococcus pneumoniae Danish serotype 12F (organism)" />
        <designation>
          <language value="en-US" />
          <use>
            <system value="http://snomed.info/sct" />
            <code value="900000000000003001" />
          </use>
          <value value="Streptococcus pneumoniae Danish serotype 12F (organism)" />
        </designation>
        <designation>
          <language value="de-DE" />
          <value value="Streptococcus pneumoniae, dänischer Serotyp 12F" />
        </designation>
      </concept>
      <concept>
        <extension url="http://hl7.org/fhir/StructureDefinition/valueset-conceptOrder">
          <valueInteger value="1" />
        </extension>
        <code value="419527005" />
        <display value="Streptococcus pneumoniae Danish serotype 2 (organism)" />
        <designation>
          <language value="en-US" />
          <use>
            <system value="http://snomed.info/sct" />
            <code value="900000000000003001" />
          </use>
          <value value="Streptococcus pneumoniae Danish serotype 2 (organism)" />
        </designation>
        <designation>
          <language value="de-DE" />
          <value value="Streptococcus pneumoniae, dänischer Serotyp 2" />
        </designation>
      </concept>
      <concept>
        <extension url="http://hl7.org/fhir/StructureDefinition/valueset-conceptOrder">
          <valueInteger value="1" />
        </extension>
        <code value="419871001" />
        <display value="Streptococcus pneumoniae Danish serotype 5 (organism)" />
        <designation>
          <language value="en-US" />
          <use>
            <system value="http://snomed.info/sct" />
            <code value="900000000000003001" />
          </use>
          <value value="Streptococcus pneumoniae Danish serotype 5 (organism)" />
        </designation>
        <designation>
          <language value="de-DE" />
          <value value="Streptococcus pneumoniae, dänischer Serotyp 5" />
        </designation>
      </concept>
      <concept>
        <extension url="http://hl7.org/fhir/StructureDefinition/valueset-conceptOrder">
          <valueInteger value="1" />
        </extension>
        <code value="419915004" />
        <display value="Streptococcus pneumoniae Danish serotype 19F (organism)" />
        <designation>
          <language value="en-US" />
          <use>
            <system value="http://snomed.info/sct" />
            <code value="900000000000003001" />
          </use>
          <value value="Streptococcus pneumoniae Danish serotype 19F (organism)" />
        </designation>
        <designation>
          <language value="de-DE" />
          <value value="Streptococcus pneumoniae, dänischer Serotyp 19F" />
        </designation>
      </concept>
      <concept>
        <extension url="http://hl7.org/fhir/StructureDefinition/valueset-conceptOrder">
          <valueInteger value="1" />
        </extension>
        <code value="420138009" />
        <display value="Streptococcus pneumoniae Danish serotype 17F (organism)" />
        <designation>
          <language value="en-US" />
          <use>
            <system value="http://snomed.info/sct" />
            <code value="900000000000003001" />
          </use>
          <value value="Streptococcus pneumoniae Danish serotype 17F (organism)" />
        </designation>
        <designation>
          <language value="de-DE" />
          <value value="Streptococcus pneumoniae, dänischer Serotyp 17F" />
        </designation>
      </concept>
      <concept>
        <extension url="http://hl7.org/fhir/StructureDefinition/valueset-conceptOrder">
          <valueInteger value="1" />
        </extension>
        <code value="420148006" />
        <display value="Streptococcus pneumoniae Danish serotype 33F (organism)" />
        <designation>
          <language value="en-US" />
          <use>
            <system value="http://snomed.info/sct" />
            <code value="900000000000003001" />
          </use>
          <value value="Streptococcus pneumoniae Danish serotype 33F (organism)" />
        </designation>
        <designation>
          <language value="de-DE" />
          <value value="Streptococcus pneumoniae, dänischer Serotyp 33F" />
        </designation>
      </concept>
      <concept>
        <extension url="http://hl7.org/fhir/StructureDefinition/valueset-conceptOrder">
          <valueInteger value="1" />
        </extension>
        <code value="420216004" />
        <display value="Streptococcus pneumoniae Danish serotype 22F (organism)" />
        <designation>
          <language value="en-US" />
          <use>
            <system value="http://snomed.info/sct" />
            <code value="900000000000003001" />
          </use>
          <value value="Streptococcus pneumoniae Danish serotype 22F (organism)" />
        </designation>
        <designation>
          <language value="de-DE" />
          <value value="Streptococcus pneumoniae, dänischer Serotyp 22F" />
        </designation>
      </concept>
      <concept>
        <extension url="http://hl7.org/fhir/StructureDefinition/valueset-conceptOrder">
          <valueInteger value="1" />
        </extension>
        <code value="427741005" />
        <display value="Streptococcus pneumoniae Danish serotype 23B (organism)" />
        <designation>
          <language value="en-US" />
          <use>
            <system value="http://snomed.info/sct" />
            <code value="900000000000003001" />
          </use>
          <value value="Streptococcus pneumoniae Danish serotype 23B (organism)" />
        </designation>
        <designation>
          <language value="de-DE" />
          <value value="Streptococcus pneumoniae, dänischer Serotyp 23B" />
        </designation>
      </concept>
      <concept>
        <extension url="http://hl7.org/fhir/StructureDefinition/valueset-conceptOrder">
          <valueInteger value="1" />
        </extension>
        <code value="428124003" />
        <display value="Streptococcus pneumoniae Danish serotype 10B (organism)" />
        <designation>
          <language value="en-US" />
          <use>
            <system value="http://snomed.info/sct" />
            <code value="900000000000003001" />
          </use>
          <value value="Streptococcus pneumoniae Danish serotype 10B (organism)" />
        </designation>
        <designation>
          <language value="de-DE" />
          <value value="Streptococcus pneumoniae, dänischer Serotyp 10B" />
        </designation>
      </concept>
      <concept>
        <extension url="http://hl7.org/fhir/StructureDefinition/valueset-conceptOrder">
          <valueInteger value="1" />
        </extension>
        <code value="428366009" />
        <display value="Streptococcus pneumoniae Danish serotype 13 (organism)" />
        <designation>
          <language value="en-US" />
          <use>
            <system value="http://snomed.info/sct" />
            <code value="900000000000003001" />
          </use>
          <value value="Streptococcus pneumoniae Danish serotype 13 (organism)" />
        </designation>
        <designation>
          <language value="de-DE" />
          <value value="Streptococcus pneumoniae, dänischer Serotyp 13" />
        </designation>
      </concept>
      <concept>
        <extension url="http://hl7.org/fhir/StructureDefinition/valueset-conceptOrder">
          <valueInteger value="1" />
        </extension>
        <code value="441566007" />
        <display value="Streptococcus pneumoniae Danish serotype 22A (organism)" />
        <designation>
          <language value="en-US" />
          <use>
            <system value="http://snomed.info/sct" />
            <code value="900000000000003001" />
          </use>
          <value value="Streptococcus pneumoniae Danish serotype 22A (organism)" />
        </designation>
        <designation>
          <language value="de-DE" />
          <value value="Streptococcus pneumoniae, dänischer Serotyp 22A" />
        </designation>
      </concept>
      <concept>
        <extension url="http://hl7.org/fhir/StructureDefinition/valueset-conceptOrder">
          <valueInteger value="1" />
        </extension>
        <code value="441602004" />
        <display value="Streptococcus pneumoniae Danish serotype 10F (organism)" />
        <designation>
          <language value="en-US" />
          <use>
            <system value="http://snomed.info/sct" />
            <code value="900000000000003001" />
          </use>
          <value value="Streptococcus pneumoniae Danish serotype 10F (organism)" />
        </designation>
        <designation>
          <language value="de-DE" />
          <value value="Streptococcus pneumoniae, dänischer Serotyp 10F" />
        </designation>
      </concept>
      <concept>
        <extension url="http://hl7.org/fhir/StructureDefinition/valueset-conceptOrder">
          <valueInteger value="1" />
        </extension>
        <code value="442049002" />
        <display value="Streptococcus pneumoniae Danish serotype 33A (organism)" />
        <designation>
          <language value="en-US" />
          <use>
            <system value="http://snomed.info/sct" />
            <code value="900000000000003001" />
          </use>
          <value value="Streptococcus pneumoniae Danish serotype 33A (organism)" />
        </designation>
        <designation>
          <language value="de-DE" />
          <value value="Streptococcus pneumoniae, dänischer Serotyp 33A" />
        </designation>
      </concept>
      <concept>
        <extension url="http://hl7.org/fhir/StructureDefinition/valueset-conceptOrder">
          <valueInteger value="1" />
        </extension>
        <code value="443156004" />
        <display value="Streptococcus pneumoniae Danish serotype 6A (organism)" />
        <designation>
          <language value="en-US" />
          <use>
            <system value="http://snomed.info/sct" />
            <code value="900000000000003001" />
          </use>
          <value value="Streptococcus pneumoniae Danish serotype 6A (organism)" />
        </designation>
        <designation>
          <language value="de-DE" />
          <value value="Streptococcus pneumoniae, dänischer Serotyp 6A" />
        </designation>
      </concept>
      <concept>
        <extension url="http://hl7.org/fhir/StructureDefinition/valueset-conceptOrder">
          <valueInteger value="1" />
        </extension>
        <code value="443239003" />
        <display value="Streptococcus pneumoniae Danish serotype 15A (organism)" />
        <designation>
          <language value="en-US" />
          <use>
            <system value="http://snomed.info/sct" />
            <code value="900000000000003001" />
          </use>
          <value value="Streptococcus pneumoniae Danish serotype 15A (organism)" />
        </designation>
        <designation>
          <language value="de-DE" />
          <value value="Streptococcus pneumoniae, dänischer Serotyp 15A" />
        </designation>
      </concept>
      <concept>
        <extension url="http://hl7.org/fhir/StructureDefinition/valueset-conceptOrder">
          <valueInteger value="1" />
        </extension>
        <code value="443240001" />
        <display value="Streptococcus pneumoniae Danish serotype 15C (organism)" />
        <designation>
          <language value="en-US" />
          <use>
            <system value="http://snomed.info/sct" />
            <code value="900000000000003001" />
          </use>
          <value value="Streptococcus pneumoniae Danish serotype 15C (organism)" />
        </designation>
        <designation>
          <language value="de-DE" />
          <value value="Streptococcus pneumoniae, dänischer Serotyp 15C" />
        </designation>
      </concept>
      <concept>
        <extension url="http://hl7.org/fhir/StructureDefinition/valueset-conceptOrder">
          <valueInteger value="1" />
        </extension>
        <code value="443670000" />
        <display value="Streptococcus pneumoniae Danish serotype 31 (organism)" />
        <designation>
          <language value="en-US" />
          <use>
            <system value="http://snomed.info/sct" />
            <code value="900000000000003001" />
          </use>
          <value value="Streptococcus pneumoniae Danish serotype 31 (organism)" />
        </designation>
        <designation>
          <language value="de-DE" />
          <value value="Streptococcus pneumoniae, dänischer Serotyp 31" />
        </designation>
      </concept>
      <concept>
        <extension url="http://hl7.org/fhir/StructureDefinition/valueset-conceptOrder">
          <valueInteger value="1" />
        </extension>
        <code value="444352000" />
        <display value="Streptococcus pneumoniae Danish serotype 28A (organism)" />
        <designation>
          <language value="en-US" />
          <use>
            <system value="http://snomed.info/sct" />
            <code value="900000000000003001" />
          </use>
          <value value="Streptococcus pneumoniae Danish serotype 28A (organism)" />
        </designation>
        <designation>
          <language value="de-DE" />
          <value value="Streptococcus pneumoniae, dänischer Serotyp 28A" />
        </designation>
      </concept>
      <concept>
        <extension url="http://hl7.org/fhir/StructureDefinition/valueset-conceptOrder">
          <valueInteger value="1" />
        </extension>
        <code value="444353005" />
        <display value="Streptococcus pneumoniae Danish serotype 28F (organism)" />
        <designation>
          <language value="en-US" />
          <use>
            <system value="http://snomed.info/sct" />
            <code value="900000000000003001" />
          </use>
          <value value="Streptococcus pneumoniae Danish serotype 28F (organism)" />
        </designation>
        <designation>
          <language value="de-DE" />
          <value value="Streptococcus pneumoniae, dänischer Serotyp 28F" />
        </designation>
      </concept>
      <concept>
        <extension url="http://hl7.org/fhir/StructureDefinition/valueset-conceptOrder">
          <valueInteger value="1" />
        </extension>
        <code value="698095005" />
        <display value="Streptococcus pneumoniae Danish serotype 6C (organism)" />
        <designation>
          <language value="en-US" />
          <use>
            <system value="http://snomed.info/sct" />
            <code value="900000000000003001" />
          </use>
          <value value="Streptococcus pneumoniae Danish serotype 6C (organism)" />
        </designation>
        <designation>
          <language value="de-DE" />
          <value value="Streptococcus pneumoniae, dänischer Serotyp 6C" />
        </designation>
      </concept>
      <concept>
        <extension url="http://hl7.org/fhir/StructureDefinition/valueset-conceptOrder">
          <valueInteger value="1" />
        </extension>
        <code value="698096006" />
        <display value="Streptococcus pneumoniae Danish serotype 7C (organism)" />
        <designation>
          <language value="en-US" />
          <use>
            <system value="http://snomed.info/sct" />
            <code value="900000000000003001" />
          </use>
          <value value="Streptococcus pneumoniae Danish serotype 7C (organism)" />
        </designation>
        <designation>
          <language value="de-DE" />
          <value value="Streptococcus pneumoniae, dänischer Serotyp 7C" />
        </designation>
      </concept>
      <concept>
        <extension url="http://hl7.org/fhir/StructureDefinition/valueset-conceptOrder">
          <valueInteger value="1" />
        </extension>
        <code value="698097002" />
        <display value="Streptococcus pneumoniae Danish serotype 21 (organism)" />
        <designation>
          <language value="en-US" />
          <use>
            <system value="http://snomed.info/sct" />
            <code value="900000000000003001" />
          </use>
          <value value="Streptococcus pneumoniae Danish serotype 21 (organism)" />
        </designation>
        <designation>
          <language value="de-DE" />
          <value value="Streptococcus pneumoniae, dänischer Serotyp 21" />
        </designation>
      </concept>
      <concept>
        <extension url="http://hl7.org/fhir/StructureDefinition/valueset-conceptOrder">
          <valueInteger value="1" />
        </extension>
        <code value="698098007" />
        <display value="Streptococcus pneumoniae Danish serotype 23A (organism)" />
        <designation>
          <language value="en-US" />
          <use>
            <system value="http://snomed.info/sct" />
            <code value="900000000000003001" />
          </use>
          <value value="Streptococcus pneumoniae Danish serotype 23A (organism)" />
        </designation>
        <designation>
          <language value="de-DE" />
          <value value="Streptococcus pneumoniae, dänischer Serotyp 23A" />
        </designation>
      </concept>
      <concept>
        <extension url="http://hl7.org/fhir/StructureDefinition/valueset-conceptOrder">
          <valueInteger value="1" />
        </extension>
        <code value="698102004" />
        <display value="Streptococcus pneumoniae Danish serotype 7B (organism)" />
        <designation>
          <language value="en-US" />
          <use>
            <system value="http://snomed.info/sct" />
            <code value="900000000000003001" />
          </use>
          <value value="Streptococcus pneumoniae Danish serotype 7B (organism)" />
        </designation>
        <designation>
          <language value="de-DE" />
          <value value="Streptococcus pneumoniae, dänischer Serotyp 7B" />
        </designation>
      </concept>
      <concept>
        <extension url="http://hl7.org/fhir/StructureDefinition/valueset-conceptOrder">
          <valueInteger value="1" />
        </extension>
        <code value="698103009" />
        <display value="Streptococcus pneumoniae Danish serotype 10C (organism)" />
        <designation>
          <language value="en-US" />
          <use>
            <system value="http://snomed.info/sct" />
            <code value="900000000000003001" />
          </use>
          <value value="Streptococcus pneumoniae Danish serotype 10C (organism)" />
        </designation>
        <designation>
          <language value="de-DE" />
          <value value="Streptococcus pneumoniae, dänischer Serotyp 10C" />
        </designation>
      </concept>
      <concept>
        <extension url="http://hl7.org/fhir/StructureDefinition/valueset-conceptOrder">
          <valueInteger value="1" />
        </extension>
        <code value="698104003" />
        <display value="Streptococcus pneumoniae Danish serotype 11B (organism)" />
        <designation>
          <language value="en-US" />
          <use>
            <system value="http://snomed.info/sct" />
            <code value="900000000000003001" />
          </use>
          <value value="Streptococcus pneumoniae Danish serotype 11B (organism)" />
        </designation>
        <designation>
          <language value="de-DE" />
          <value value="Streptococcus pneumoniae, dänischer Serotyp 11B" />
        </designation>
      </concept>
      <concept>
        <extension url="http://hl7.org/fhir/StructureDefinition/valueset-conceptOrder">
          <valueInteger value="1" />
        </extension>
        <code value="698105002" />
        <display value="Streptococcus pneumoniae Danish serotype 11C (organism)" />
        <designation>
          <language value="en-US" />
          <use>
            <system value="http://snomed.info/sct" />
            <code value="900000000000003001" />
          </use>
          <value value="Streptococcus pneumoniae Danish serotype 11C (organism)" />
        </designation>
        <designation>
          <language value="de-DE" />
          <value value="Streptococcus pneumoniae, dänischer Serotyp 11C" />
        </designation>
      </concept>
      <concept>
        <extension url="http://hl7.org/fhir/StructureDefinition/valueset-conceptOrder">
          <valueInteger value="1" />
        </extension>
        <code value="698106001" />
        <display value="Streptococcus pneumoniae Danish serotype 11D (organism)" />
        <designation>
          <language value="en-US" />
          <use>
            <system value="http://snomed.info/sct" />
            <code value="900000000000003001" />
          </use>
          <value value="Streptococcus pneumoniae Danish serotype 11D (organism)" />
        </designation>
        <designation>
          <language value="de-DE" />
          <value value="Streptococcus pneumoniae, dänischer Serotyp 11D" />
        </designation>
      </concept>
      <concept>
        <extension url="http://hl7.org/fhir/StructureDefinition/valueset-conceptOrder">
          <valueInteger value="1" />
        </extension>
        <code value="698107005" />
        <display value="Streptococcus pneumoniae Danish serotype 11F (organism)" />
        <designation>
          <language value="en-US" />
          <use>
            <system value="http://snomed.info/sct" />
            <code value="900000000000003001" />
          </use>
          <value value="Streptococcus pneumoniae Danish serotype 11F (organism)" />
        </designation>
        <designation>
          <language value="de-DE" />
          <value value="Streptococcus pneumoniae, dänischer Serotyp 11F" />
        </designation>
      </concept>
      <concept>
        <extension url="http://hl7.org/fhir/StructureDefinition/valueset-conceptOrder">
          <valueInteger value="1" />
        </extension>
        <code value="698108000" />
        <display value="Streptococcus pneumoniae Danish serotype 12A (organism)" />
        <designation>
          <language value="en-US" />
          <use>
            <system value="http://snomed.info/sct" />
            <code value="900000000000003001" />
          </use>
          <value value="Streptococcus pneumoniae Danish serotype 12A (organism)" />
        </designation>
        <designation>
          <language value="de-DE" />
          <value value="Streptococcus pneumoniae, dänischer Serotyp 12A" />
        </designation>
      </concept>
      <concept>
        <extension url="http://hl7.org/fhir/StructureDefinition/valueset-conceptOrder">
          <valueInteger value="1" />
        </extension>
        <code value="698109008" />
        <display value="Streptococcus pneumoniae Danish serotype 12B (organism)" />
        <designation>
          <language value="en-US" />
          <use>
            <system value="http://snomed.info/sct" />
            <code value="900000000000003001" />
          </use>
          <value value="Streptococcus pneumoniae Danish serotype 12B (organism)" />
        </designation>
        <designation>
          <language value="de-DE" />
          <value value="Streptococcus pneumoniae, dänischer Serotyp 12B" />
        </designation>
      </concept>
      <concept>
        <extension url="http://hl7.org/fhir/StructureDefinition/valueset-conceptOrder">
          <valueInteger value="1" />
        </extension>
        <code value="698110003" />
        <display value="Streptococcus pneumoniae Danish serotype 15F (organism)" />
        <designation>
          <language value="en-US" />
          <use>
            <system value="http://snomed.info/sct" />
            <code value="900000000000003001" />
          </use>
          <value value="Streptococcus pneumoniae Danish serotype 15F (organism)" />
        </designation>
        <designation>
          <language value="de-DE" />
          <value value="Streptococcus pneumoniae, dänischer Serotyp 15F" />
        </designation>
      </concept>
      <concept>
        <extension url="http://hl7.org/fhir/StructureDefinition/valueset-conceptOrder">
          <valueInteger value="1" />
        </extension>
        <code value="698111004" />
        <display value="Streptococcus pneumoniae Danish serotype 16A (organism)" />
        <designation>
          <language value="en-US" />
          <use>
            <system value="http://snomed.info/sct" />
            <code value="900000000000003001" />
          </use>
          <value value="Streptococcus pneumoniae Danish serotype 16A (organism)" />
        </designation>
        <designation>
          <language value="de-DE" />
          <value value="Streptococcus pneumoniae, dänischer Serotyp 16A" />
        </designation>
      </concept>
      <concept>
        <extension url="http://hl7.org/fhir/StructureDefinition/valueset-conceptOrder">
          <valueInteger value="1" />
        </extension>
        <code value="698112006" />
        <display value="Streptococcus pneumoniae Danish serotype 16F (organism)" />
        <designation>
          <language value="en-US" />
          <use>
            <system value="http://snomed.info/sct" />
            <code value="900000000000003001" />
          </use>
          <value value="Streptococcus pneumoniae Danish serotype 16F (organism)" />
        </designation>
        <designation>
          <language value="de-DE" />
          <value value="Streptococcus pneumoniae, dänischer Serotyp 16F" />
        </designation>
      </concept>
      <concept>
        <extension url="http://hl7.org/fhir/StructureDefinition/valueset-conceptOrder">
          <valueInteger value="1" />
        </extension>
        <code value="698113001" />
        <display value="Streptococcus pneumoniae Danish serotype 17A (organism)" />
        <designation>
          <language value="en-US" />
          <use>
            <system value="http://snomed.info/sct" />
            <code value="900000000000003001" />
          </use>
          <value value="Streptococcus pneumoniae Danish serotype 17A (organism)" />
        </designation>
        <designation>
          <language value="de-DE" />
          <value value="Streptococcus pneumoniae, dänischer Serotyp 17A" />
        </designation>
      </concept>
      <concept>
        <extension url="http://hl7.org/fhir/StructureDefinition/valueset-conceptOrder">
          <valueInteger value="1" />
        </extension>
        <code value="698114007" />
        <display value="Streptococcus pneumoniae Danish serotype 18A (organism)" />
        <designation>
          <language value="en-US" />
          <use>
            <system value="http://snomed.info/sct" />
            <code value="900000000000003001" />
          </use>
          <value value="Streptococcus pneumoniae Danish serotype 18A (organism)" />
        </designation>
        <designation>
          <language value="de-DE" />
          <value value="Streptococcus pneumoniae, dänischer Serotyp 18A" />
        </designation>
      </concept>
      <concept>
        <extension url="http://hl7.org/fhir/StructureDefinition/valueset-conceptOrder">
          <valueInteger value="1" />
        </extension>
        <code value="698115008" />
        <display value="Streptococcus pneumoniae Danish serotype 18B (organism)" />
        <designation>
          <language value="en-US" />
          <use>
            <system value="http://snomed.info/sct" />
            <code value="900000000000003001" />
          </use>
          <value value="Streptococcus pneumoniae Danish serotype 18B (organism)" />
        </designation>
        <designation>
          <language value="de-DE" />
          <value value="Streptococcus pneumoniae, dänischer Serotyp 18B" />
        </designation>
      </concept>
      <concept>
        <extension url="http://hl7.org/fhir/StructureDefinition/valueset-conceptOrder">
          <valueInteger value="1" />
        </extension>
        <code value="698116009" />
        <display value="Streptococcus pneumoniae Danish serotype 18F (organism)" />
        <designation>
          <language value="en-US" />
          <use>
            <system value="http://snomed.info/sct" />
            <code value="900000000000003001" />
          </use>
          <value value="Streptococcus pneumoniae Danish serotype 18F (organism)" />
        </designation>
        <designation>
          <language value="de-DE" />
          <value value="Streptococcus pneumoniae, dänischer Serotyp 18F" />
        </designation>
      </concept>
      <concept>
        <extension url="http://hl7.org/fhir/StructureDefinition/valueset-conceptOrder">
          <valueInteger value="1" />
        </extension>
        <code value="698117000" />
        <display value="Streptococcus pneumoniae Danish serotype 19B (organism)" />
        <designation>
          <language value="en-US" />
          <use>
            <system value="http://snomed.info/sct" />
            <code value="900000000000003001" />
          </use>
          <value value="Streptococcus pneumoniae Danish serotype 19B (organism)" />
        </designation>
        <designation>
          <language value="de-DE" />
          <value value="Streptococcus pneumoniae, dänischer Serotyp 19B" />
        </designation>
      </concept>
      <concept>
        <extension url="http://hl7.org/fhir/StructureDefinition/valueset-conceptOrder">
          <valueInteger value="1" />
        </extension>
        <code value="698118005" />
        <display value="Streptococcus pneumoniae Danish serotype 19C (organism)" />
        <designation>
          <language value="en-US" />
          <use>
            <system value="http://snomed.info/sct" />
            <code value="900000000000003001" />
          </use>
          <value value="Streptococcus pneumoniae Danish serotype 19C (organism)" />
        </designation>
        <designation>
          <language value="de-DE" />
          <value value="Streptococcus pneumoniae, dänischer Serotyp 19C" />
        </designation>
      </concept>
      <concept>
        <extension url="http://hl7.org/fhir/StructureDefinition/valueset-conceptOrder">
          <valueInteger value="1" />
        </extension>
        <code value="698119002" />
        <display value="Streptococcus pneumoniae Danish serotype 24A (organism)" />
        <designation>
          <language value="en-US" />
          <use>
            <system value="http://snomed.info/sct" />
            <code value="900000000000003001" />
          </use>
          <value value="Streptococcus pneumoniae Danish serotype 24A (organism)" />
        </designation>
        <designation>
          <language value="de-DE" />
          <value value="Streptococcus pneumoniae, dänischer Serotyp 24A" />
        </designation>
      </concept>
      <concept>
        <extension url="http://hl7.org/fhir/StructureDefinition/valueset-conceptOrder">
          <valueInteger value="1" />
        </extension>
        <code value="698120008" />
        <display value="Streptococcus pneumoniae Danish serotype 24B (organism)" />
        <designation>
          <language value="en-US" />
          <use>
            <system value="http://snomed.info/sct" />
            <code value="900000000000003001" />
          </use>
          <value value="Streptococcus pneumoniae Danish serotype 24B (organism)" />
        </designation>
        <designation>
          <language value="de-DE" />
          <value value="Streptococcus pneumoniae, dänischer Serotyp 24B" />
        </designation>
      </concept>
      <concept>
        <extension url="http://hl7.org/fhir/StructureDefinition/valueset-conceptOrder">
          <valueInteger value="1" />
        </extension>
        <code value="698121007" />
        <display value="Streptococcus pneumoniae Danish serotype 24F (organism)" />
        <designation>
          <language value="en-US" />
          <use>
            <system value="http://snomed.info/sct" />
            <code value="900000000000003001" />
          </use>
          <value value="Streptococcus pneumoniae Danish serotype 24F (organism)" />
        </designation>
        <designation>
          <language value="de-DE" />
          <value value="Streptococcus pneumoniae, dänischer Serotyp 24F" />
        </designation>
      </concept>
      <concept>
        <extension url="http://hl7.org/fhir/StructureDefinition/valueset-conceptOrder">
          <valueInteger value="1" />
        </extension>
        <code value="698123005" />
        <display value="Streptococcus pneumoniae Danish serotype 25A (organism)" />
        <designation>
          <language value="en-US" />
          <use>
            <system value="http://snomed.info/sct" />
            <code value="900000000000003001" />
          </use>
          <value value="Streptococcus pneumoniae Danish serotype 25A (organism)" />
        </designation>
        <designation>
          <language value="de-DE" />
          <value value="Streptococcus pneumoniae, dänischer Serotyp 25A" />
        </designation>
      </concept>
      <concept>
        <extension url="http://hl7.org/fhir/StructureDefinition/valueset-conceptOrder">
          <valueInteger value="1" />
        </extension>
        <code value="698124004" />
        <display value="Streptococcus pneumoniae Danish serotype 25F (organism)" />
        <designation>
          <language value="en-US" />
          <use>
            <system value="http://snomed.info/sct" />
            <code value="900000000000003001" />
          </use>
          <value value="Streptococcus pneumoniae Danish serotype 25F (organism)" />
        </designation>
        <designation>
          <language value="de-DE" />
          <value value="Streptococcus pneumoniae, dänischer Serotyp 25F" />
        </designation>
      </concept>
      <concept>
        <extension url="http://hl7.org/fhir/StructureDefinition/valueset-conceptOrder">
          <valueInteger value="1" />
        </extension>
        <code value="698125003" />
        <display value="Streptococcus pneumoniae Danish serotype 27 (organism)" />
        <designation>
          <language value="en-US" />
          <use>
            <system value="http://snomed.info/sct" />
            <code value="900000000000003001" />
          </use>
          <value value="Streptococcus pneumoniae Danish serotype 27 (organism)" />
        </designation>
        <designation>
          <language value="de-DE" />
          <value value="Streptococcus pneumoniae, dänischer Serotyp 27" />
        </designation>
      </concept>
      <concept>
        <extension url="http://hl7.org/fhir/StructureDefinition/valueset-conceptOrder">
          <valueInteger value="1" />
        </extension>
        <code value="698127006" />
        <display value="Streptococcus pneumoniae Danish serotype 32A (organism)" />
        <designation>
          <language value="en-US" />
          <use>
            <system value="http://snomed.info/sct" />
            <code value="900000000000003001" />
          </use>
          <value value="Streptococcus pneumoniae Danish serotype 32A (organism)" />
        </designation>
        <designation>
          <language value="de-DE" />
          <value value="Streptococcus pneumoniae, dänischer Serotyp 32A" />
        </designation>
      </concept>
      <concept>
        <extension url="http://hl7.org/fhir/StructureDefinition/valueset-conceptOrder">
          <valueInteger value="1" />
        </extension>
        <code value="698128001" />
        <display value="Streptococcus pneumoniae Danish serotype 32F (organism)" />
        <designation>
          <language value="en-US" />
          <use>
            <system value="http://snomed.info/sct" />
            <code value="900000000000003001" />
          </use>
          <value value="Streptococcus pneumoniae Danish serotype 32F (organism)" />
        </designation>
        <designation>
          <language value="de-DE" />
          <value value="Streptococcus pneumoniae, dänischer Serotyp 32F" />
        </designation>
      </concept>
      <concept>
        <extension url="http://hl7.org/fhir/StructureDefinition/valueset-conceptOrder">
          <valueInteger value="1" />
        </extension>
        <code value="698129009" />
        <display value="Streptococcus pneumoniae Danish serotype 33B (organism)" />
        <designation>
          <language value="en-US" />
          <use>
            <system value="http://snomed.info/sct" />
            <code value="900000000000003001" />
          </use>
          <value value="Streptococcus pneumoniae Danish serotype 33B (organism)" />
        </designation>
        <designation>
          <language value="de-DE" />
          <value value="Streptococcus pneumoniae, dänischer Serotyp 33B" />
        </designation>
      </concept>
      <concept>
        <extension url="http://hl7.org/fhir/StructureDefinition/valueset-conceptOrder">
          <valueInteger value="1" />
        </extension>
        <code value="698130004" />
        <display value="Streptococcus pneumoniae Danish serotype 33C (organism)" />
        <designation>
          <language value="en-US" />
          <use>
            <system value="http://snomed.info/sct" />
            <code value="900000000000003001" />
          </use>
          <value value="Streptococcus pneumoniae Danish serotype 33C (organism)" />
        </designation>
        <designation>
          <language value="de-DE" />
          <value value="Streptococcus pneumoniae, dänischer Serotyp 33C" />
        </designation>
      </concept>
      <concept>
        <extension url="http://hl7.org/fhir/StructureDefinition/valueset-conceptOrder">
          <valueInteger value="1" />
        </extension>
        <code value="698131000" />
        <display value="Streptococcus pneumoniae Danish serotype 33D (organism)" />
        <designation>
          <language value="en-US" />
          <use>
            <system value="http://snomed.info/sct" />
            <code value="900000000000003001" />
          </use>
          <value value="Streptococcus pneumoniae Danish serotype 33D (organism)" />
        </designation>
        <designation>
          <language value="de-DE" />
          <value value="Streptococcus pneumoniae, dänischer Serotyp 33D" />
        </designation>
      </concept>
      <concept>
        <extension url="http://hl7.org/fhir/StructureDefinition/valueset-conceptOrder">
          <valueInteger value="1" />
        </extension>
        <code value="698132007" />
        <display value="Streptococcus pneumoniae Danish serotype 35A (organism)" />
        <designation>
          <language value="en-US" />
          <use>
            <system value="http://snomed.info/sct" />
            <code value="900000000000003001" />
          </use>
          <value value="Streptococcus pneumoniae Danish serotype 35A (organism)" />
        </designation>
        <designation>
          <language value="de-DE" />
          <value value="Streptococcus pneumoniae, dänischer Serotyp 35A" />
        </designation>
      </concept>
      <concept>
        <extension url="http://hl7.org/fhir/StructureDefinition/valueset-conceptOrder">
          <valueInteger value="1" />
        </extension>
        <code value="698133002" />
        <display value="Streptococcus pneumoniae Danish serotype 35B (organism)" />
        <designation>
          <language value="en-US" />
          <use>
            <system value="http://snomed.info/sct" />
            <code value="900000000000003001" />
          </use>
          <value value="Streptococcus pneumoniae Danish serotype 35B (organism)" />
        </designation>
        <designation>
          <language value="de-DE" />
          <value value="Streptococcus pneumoniae, dänischer Serotyp 35B" />
        </designation>
      </concept>
      <concept>
        <extension url="http://hl7.org/fhir/StructureDefinition/valueset-conceptOrder">
          <valueInteger value="1" />
        </extension>
        <code value="698134008" />
        <display value="Streptococcus pneumoniae Danish serotype 35C (organism)" />
        <designation>
          <language value="en-US" />
          <use>
            <system value="http://snomed.info/sct" />
            <code value="900000000000003001" />
          </use>
          <value value="Streptococcus pneumoniae Danish serotype 35C (organism)" />
        </designation>
        <designation>
          <language value="de-DE" />
          <value value="Streptococcus pneumoniae, dänischer Serotyp 35C" />
        </designation>
      </concept>
      <concept>
        <extension url="http://hl7.org/fhir/StructureDefinition/valueset-conceptOrder">
          <valueInteger value="1" />
        </extension>
        <code value="698135009" />
        <display value="Streptococcus pneumoniae Danish serotype 35F (organism)" />
        <designation>
          <language value="en-US" />
          <use>
            <system value="http://snomed.info/sct" />
            <code value="900000000000003001" />
          </use>
          <value value="Streptococcus pneumoniae Danish serotype 35F (organism)" />
        </designation>
        <designation>
          <language value="de-DE" />
          <value value="Streptococcus pneumoniae, dänischer Serotyp 35F" />
        </designation>
      </concept>
      <concept>
        <extension url="http://hl7.org/fhir/StructureDefinition/valueset-conceptOrder">
          <valueInteger value="1" />
        </extension>
        <code value="698136005" />
        <display value="Streptococcus pneumoniae Danish serotype 36 (organism)" />
        <designation>
          <language value="en-US" />
          <use>
            <system value="http://snomed.info/sct" />
            <code value="900000000000003001" />
          </use>
          <value value="Streptococcus pneumoniae Danish serotype 36 (organism)" />
        </designation>
        <designation>
          <language value="de-DE" />
          <value value="Streptococcus pneumoniae, dänischer Serotyp 36" />
        </designation>
      </concept>
      <concept>
        <extension url="http://hl7.org/fhir/StructureDefinition/valueset-conceptOrder">
          <valueInteger value="1" />
        </extension>
        <code value="698137001" />
        <display value="Streptococcus pneumoniae Danish serotype 37 (organism)" />
        <designation>
          <language value="en-US" />
          <use>
            <system value="http://snomed.info/sct" />
            <code value="900000000000003001" />
          </use>
          <value value="Streptococcus pneumoniae Danish serotype 37 (organism)" />
        </designation>
        <designation>
          <language value="de-DE" />
          <value value="Streptococcus pneumoniae, dänischer Serotyp 37" />
        </designation>
      </concept>
      <concept>
        <extension url="http://hl7.org/fhir/StructureDefinition/valueset-conceptOrder">
          <valueInteger value="1" />
        </extension>
        <code value="698139003" />
        <display value="Streptococcus pneumoniae Danish serotype 41A (organism)" />
        <designation>
          <language value="en-US" />
          <use>
            <system value="http://snomed.info/sct" />
            <code value="900000000000003001" />
          </use>
          <value value="Streptococcus pneumoniae Danish serotype 41A (organism)" />
        </designation>
        <designation>
          <language value="de-DE" />
          <value value="Streptococcus pneumoniae, dänischer Serotyp 41A" />
        </designation>
      </concept>
      <concept>
        <extension url="http://hl7.org/fhir/StructureDefinition/valueset-conceptOrder">
          <valueInteger value="1" />
        </extension>
        <code value="698140001" />
        <display value="Streptococcus pneumoniae Danish serotype 41F (organism)" />
        <designation>
          <language value="en-US" />
          <use>
            <system value="http://snomed.info/sct" />
            <code value="900000000000003001" />
          </use>
          <value value="Streptococcus pneumoniae Danish serotype 41F (organism)" />
        </designation>
        <designation>
          <language value="de-DE" />
          <value value="Streptococcus pneumoniae, dänischer Serotyp 41F" />
        </designation>
      </concept>
      <concept>
        <extension url="http://hl7.org/fhir/StructureDefinition/valueset-conceptOrder">
          <valueInteger value="1" />
        </extension>
        <code value="698147003" />
        <display value="Streptococcus pneumoniae Danish serotype 47A (organism)" />
        <designation>
          <language value="en-US" />
          <use>
            <system value="http://snomed.info/sct" />
            <code value="900000000000003001" />
          </use>
          <value value="Streptococcus pneumoniae Danish serotype 47A (organism)" />
        </designation>
        <designation>
          <language value="de-DE" />
          <value value="Streptococcus pneumoniae, dänischer Serotyp 47A" />
        </designation>
      </concept>
      <concept>
        <extension url="http://hl7.org/fhir/StructureDefinition/valueset-conceptOrder">
          <valueInteger value="1" />
        </extension>
        <code value="698148008" />
        <display value="Streptococcus pneumoniae Danish serotype 47F (organism)" />
        <designation>
          <language value="en-US" />
          <use>
            <system value="http://snomed.info/sct" />
            <code value="900000000000003001" />
          </use>
          <value value="Streptococcus pneumoniae Danish serotype 47F (organism)" />
        </designation>
        <designation>
          <language value="de-DE" />
          <value value="Streptococcus pneumoniae, dänischer Serotyp 47F" />
        </designation>
      </concept>
      <concept>
        <extension url="http://hl7.org/fhir/StructureDefinition/valueset-conceptOrder">
          <valueInteger value="1" />
        </extension>
        <code value="719028004" />
        <display value="Streptococcus pneumoniae Danish serotype 6D (organism)" />
        <designation>
          <language value="en-US" />
          <use>
            <system value="http://snomed.info/sct" />
            <code value="900000000000003001" />
          </use>
          <value value="Streptococcus pneumoniae Danish serotype 6D (organism)" />
        </designation>
        <designation>
          <language value="de-DE" />
          <value value="Streptococcus pneumoniae, dänischer Serotyp 6D" />
        </designation>
      </concept>
      <concept>
        <extension url="http://hl7.org/fhir/StructureDefinition/valueset-conceptOrder">
          <valueInteger value="1" />
        </extension>
        <code value="763388000" />
        <display value="Streptococcus pneumoniae Danish serotype 6E (organism)" />
        <designation>
          <language value="en-US" />
          <use>
            <system value="http://snomed.info/sct" />
            <code value="900000000000003001" />
          </use>
          <value value="Streptococcus pneumoniae Danish serotype 6E (organism)" />
        </designation>
        <designation>
          <language value="de-DE" />
          <value value="Streptococcus pneumoniae, dänischer Serotyp 6E" />
        </designation>
      </concept>
      <concept>
        <extension url="http://hl7.org/fhir/StructureDefinition/valueset-conceptOrder">
          <valueInteger value="1" />
        </extension>
        <code value="763389008" />
        <display value="Streptococcus pneumoniae Danish serotype 6F (organism)" />
        <designation>
          <language value="en-US" />
          <use>
            <system value="http://snomed.info/sct" />
            <code value="900000000000003001" />
          </use>
          <value value="Streptococcus pneumoniae Danish serotype 6F (organism)" />
        </designation>
        <designation>
          <language value="de-DE" />
          <value value="Streptococcus pneumoniae, dänischer Serotyp 6F" />
        </designation>
      </concept>
      <concept>
        <extension url="http://hl7.org/fhir/StructureDefinition/valueset-conceptOrder">
          <valueInteger value="1" />
        </extension>
        <code value="763390004" />
        <display value="Streptococcus pneumoniae Danish serotype 6G (organism)" />
        <designation>
          <language value="en-US" />
          <use>
            <system value="http://snomed.info/sct" />
            <code value="900000000000003001" />
          </use>
          <value value="Streptococcus pneumoniae Danish serotype 6G (organism)" />
        </designation>
        <designation>
          <language value="de-DE" />
          <value value="Streptococcus pneumoniae, dänischer Serotyp 6G" />
        </designation>
      </concept>
      <concept>
        <extension url="http://hl7.org/fhir/StructureDefinition/valueset-conceptOrder">
          <valueInteger value="1" />
        </extension>
        <code value="763391000" />
        <display value="Streptococcus pneumoniae Danish serotype 6H (organism)" />
        <designation>
          <language value="en-US" />
          <use>
            <system value="http://snomed.info/sct" />
            <code value="900000000000003001" />
          </use>
          <value value="Streptococcus pneumoniae Danish serotype 6H (organism)" />
        </designation>
        <designation>
          <language value="de-DE" />
          <value value="Streptococcus pneumoniae, dänischer Serotyp 6H" />
        </designation>
      </concept>
      <concept>
        <extension url="http://hl7.org/fhir/StructureDefinition/valueset-conceptOrder">
          <valueInteger value="1" />
        </extension>
        <code value="763392007" />
        <display value="Streptococcus pneumoniae Danish serotype 11E (organism)" />
        <designation>
          <language value="en-US" />
          <use>
            <system value="http://snomed.info/sct" />
            <code value="900000000000003001" />
          </use>
          <value value="Streptococcus pneumoniae Danish serotype 11E (organism)" />
        </designation>
        <designation>
          <language value="de-DE" />
          <value value="Streptococcus pneumoniae, dänischer Serotyp 11E" />
        </designation>
      </concept>
      <concept>
        <extension url="http://hl7.org/fhir/StructureDefinition/valueset-conceptOrder">
          <valueInteger value="1" />
        </extension>
        <code value="763393002" />
        <display value="Streptococcus pneumoniae Danish serotype 33E (organism)" />
        <designation>
          <language value="en-US" />
          <use>
            <system value="http://snomed.info/sct" />
            <code value="900000000000003001" />
          </use>
          <value value="Streptococcus pneumoniae Danish serotype 33E (organism)" />
        </designation>
        <designation>
          <language value="de-DE" />
          <value value="Streptococcus pneumoniae, dänischer Serotyp 33E" />
        </designation>
      </concept>
      <concept>
        <extension url="http://hl7.org/fhir/StructureDefinition/valueset-conceptOrder">
          <valueInteger value="1" />
        </extension>
        <code value="763395009" />
        <display value="Streptococcus pneumoniae Danish serotype 20A (organism)" />
        <designation>
          <language value="en-US" />
          <use>
            <system value="http://snomed.info/sct" />
            <code value="900000000000003001" />
          </use>
          <value value="Streptococcus pneumoniae Danish serotype 20A (organism)" />
        </designation>
        <designation>
          <language value="de-DE" />
          <value value="Streptococcus pneumoniae, dänischer Serotyp 20A" />
        </designation>
      </concept>
      <concept>
        <extension url="http://hl7.org/fhir/StructureDefinition/valueset-conceptOrder">
          <valueInteger value="1" />
        </extension>
        <code value="763396005" />
        <display value="Streptococcus pneumoniae Danish serotype 20B (organism)" />
        <designation>
          <language value="en-US" />
          <use>
            <system value="http://snomed.info/sct" />
            <code value="900000000000003001" />
          </use>
          <value value="Streptococcus pneumoniae Danish serotype 20B (organism)" />
        </designation>
        <designation>
          <language value="de-DE" />
          <value value="Streptococcus pneumoniae, dänischer Serotyp 20B" />
        </designation>
      </concept>
      <concept>
        <extension url="http://hl7.org/fhir/StructureDefinition/valueset-conceptOrder">
          <valueInteger value="1" />
        </extension>
        <code value="767201007" />
        <display value="Streptococcus pneumoniae Danish serotype 34 (organism)" />
        <designation>
          <language value="en-US" />
          <use>
            <system value="http://snomed.info/sct" />
            <code value="900000000000003001" />
          </use>
          <value value="Streptococcus pneumoniae Danish serotype 34 (organism)" />
        </designation>
        <designation>
          <language value="de-DE" />
          <value value="Streptococcus pneumoniae, dänischer Serotyp 34" />
        </designation>
      </concept>
      <concept>
        <extension url="http://hl7.org/fhir/StructureDefinition/valueset-conceptOrder">
          <valueInteger value="1" />
        </extension>
        <code value="767204004" />
        <display value="Streptococcus pneumoniae Danish serotype 38 (organism)" />
        <designation>
          <language value="en-US" />
          <use>
            <system value="http://snomed.info/sct" />
            <code value="900000000000003001" />
          </use>
          <value value="Streptococcus pneumoniae Danish serotype 38 (organism)" />
        </designation>
        <designation>
          <language value="de-DE" />
          <value value="Streptococcus pneumoniae, dänischer Serotyp 38" />
        </designation>
      </concept>
      <concept>
        <extension url="http://hl7.org/fhir/StructureDefinition/valueset-conceptOrder">
          <valueInteger value="1" />
        </extension>
        <code value="767208001" />
        <display value="Streptococcus pneumoniae Danish serotype 39 (organism)" />
        <designation>
          <language value="en-US" />
          <use>
            <system value="http://snomed.info/sct" />
            <code value="900000000000003001" />
          </use>
          <value value="Streptococcus pneumoniae Danish serotype 39 (organism)" />
        </designation>
        <designation>
          <language value="de-DE" />
          <value value="Streptococcus pneumoniae, dänischer Serotyp 39" />
        </designation>
      </concept>
      <concept>
        <extension url="http://hl7.org/fhir/StructureDefinition/valueset-conceptOrder">
          <valueInteger value="1" />
        </extension>
        <code value="767274003" />
        <display value="Streptococcus pneumoniae Danish serotype 40 (organism)" />
        <designation>
          <language value="en-US" />
          <use>
            <system value="http://snomed.info/sct" />
            <code value="900000000000003001" />
          </use>
          <value value="Streptococcus pneumoniae Danish serotype 40 (organism)" />
        </designation>
        <designation>
          <language value="de-DE" />
          <value value="Streptococcus pneumoniae, dänischer Serotyp 40" />
        </designation>
      </concept>
      <concept>
        <extension url="http://hl7.org/fhir/StructureDefinition/valueset-conceptOrder">
          <valueInteger value="1" />
        </extension>
        <code value="767275002" />
        <display value="Streptococcus pneumoniae Danish serotype 48 (organism)" />
        <designation>
          <language value="en-US" />
          <use>
            <system value="http://snomed.info/sct" />
            <code value="900000000000003001" />
          </use>
          <value value="Streptococcus pneumoniae Danish serotype 48 (organism)" />
        </designation>
        <designation>
          <language value="de-DE" />
          <value value="Streptococcus pneumoniae, dänischer Serotyp 48" />
        </designation>
      </concept>
      <concept>
        <extension url="http://hl7.org/fhir/StructureDefinition/valueset-conceptOrder">
          <valueInteger value="1" />
        </extension>
        <code value="767281005" />
        <display value="Streptococcus pneumoniae Danish serotype 46 (organism)" />
        <designation>
          <language value="en-US" />
          <use>
            <system value="http://snomed.info/sct" />
            <code value="900000000000003001" />
          </use>
          <value value="Streptococcus pneumoniae Danish serotype 46 (organism)" />
        </designation>
        <designation>
          <language value="de-DE" />
          <value value="Streptococcus pneumoniae, dänischer Serotyp 46" />
        </designation>
      </concept>
      <concept>
        <extension url="http://hl7.org/fhir/StructureDefinition/valueset-conceptOrder">
          <valueInteger value="1" />
        </extension>
        <code value="767282003" />
        <display value="Streptococcus pneumoniae Danish serotype 45 (organism)" />
        <designation>
          <language value="en-US" />
          <use>
            <system value="http://snomed.info/sct" />
            <code value="900000000000003001" />
          </use>
          <value value="Streptococcus pneumoniae Danish serotype 45 (organism)" />
        </designation>
        <designation>
          <language value="de-DE" />
          <value value="Streptococcus pneumoniae, dänischer Serotyp 45" />
        </designation>
      </concept>
      <concept>
        <extension url="http://hl7.org/fhir/StructureDefinition/valueset-conceptOrder">
          <valueInteger value="1" />
        </extension>
        <code value="767283008" />
        <display value="Streptococcus pneumoniae Danish serotype 44 (organism)" />
        <designation>
          <language value="en-US" />
          <use>
            <system value="http://snomed.info/sct" />
            <code value="900000000000003001" />
          </use>
          <value value="Streptococcus pneumoniae Danish serotype 44 (organism)" />
        </designation>
        <designation>
          <language value="de-DE" />
          <value value="Streptococcus pneumoniae, dänischer Serotyp 44" />
        </designation>
      </concept>
      <concept>
        <extension url="http://hl7.org/fhir/StructureDefinition/valueset-conceptOrder">
          <valueInteger value="1" />
        </extension>
        <code value="767284002" />
        <display value="Streptococcus pneumoniae Danish serotype 43 (organism)" />
        <designation>
          <language value="en-US" />
          <use>
            <system value="http://snomed.info/sct" />
            <code value="900000000000003001" />
          </use>
          <value value="Streptococcus pneumoniae Danish serotype 43 (organism)" />
        </designation>
        <designation>
          <language value="de-DE" />
          <value value="Streptococcus pneumoniae, dänischer Serotyp 43" />
        </designation>
      </concept>
      <concept>
        <extension url="http://hl7.org/fhir/StructureDefinition/valueset-conceptOrder">
          <valueInteger value="1" />
        </extension>
        <code value="767285001" />
        <display value="Streptococcus pneumoniae Danish serotype 42 (organism)" />
        <designation>
          <language value="en-US" />
          <use>
            <system value="http://snomed.info/sct" />
            <code value="900000000000003001" />
          </use>
          <value value="Streptococcus pneumoniae Danish serotype 42 (organism)" />
        </designation>
        <designation>
          <language value="de-DE" />
          <value value="Streptococcus pneumoniae, dänischer Serotyp 42" />
        </designation>
      </concept>
      <concept>
        <extension url="http://hl7.org/fhir/StructureDefinition/valueset-conceptOrder">
          <valueInteger value="90" />
        </extension>
        <code value="9861002" />
        <display value="Streptococcus pneumoniae (organism)" />
        <designation>
          <language value="en-US" />
          <use>
            <system value="http://snomed.info/sct" />
            <code value="900000000000003001" />
          </use>
          <value value="Streptococcus pneumoniae (organism)" />
        </designation>
        <designation>
          <language value="de-DE" />
          <value value="Streptococcus pneumoniae" />
        </designation>
      </concept>
    </include>
    <include>
      <valueSet value="https://demis.rki.de/fhir/ValueSet/answerSetLaboratoryTest-SNOMED" />
    </include>
    <include>
      <valueSet value="https://demis.rki.de/fhir/ValueSet/answerSetResistance-SNOMED" />
    </include>
  </compose>
</ValueSet>