<?xml version="1.0" encoding="utf-8"?>
<ValueSet xmlns="http://hl7.org/fhir">
  <id value="answerSetLEGP" />
  <url value="https://demis.rki.de/fhir/ValueSet/answerSetLEGP" />
  <version value="1.7.2" />
  <name value="AnswerSetLEGP" />
  <title value="AnswerSet für Legionella sp." />
  <status value="active" />
  <experimental value="false" />
  <date value="2025-02-25" />
  <publisher value="Robert Koch-Institut" />
  <description value="Das ValueSet AnswerSetLEGP enthält die Codes der Answer-Codes für Legionella sp.." />
  <copyright value="This material includes SNOMED Clinical Terms® (SNOMED CT®) which is used by permission of the International Health Terminology Standards Development Organisation (IHTSDO). All rights reserved. SNOMED CT®, was originally created by The College of American Pathologists. “SNOMED” and “SNOMED CT” are registered trademarks of the IHTSDO.&#xD;&#xA;&#xD;&#xA;Dieses Material enthält SNOMED Clinical Terms® (SNOMED CT®), die mit Genehmigung der International Health Terminology Standards Development Organisation (IHTSDO) verwendet werden. Alle Rechte vorbehalten. SNOMED CT® wurde ursprünglich vom College of American Pathologists entwickelt. &quot;SNOMED&quot; und &quot;SNOMED CT&quot; sind eingetragene Warenzeichen der IHTSDO.&#xD;&#xA;&#xD;&#xA;Downloadbedingungen für SNOMED-CT&#xD;&#xA;&#xD;&#xA;Enthält durch SNOMED International urheberrechtlich geschützte Information. Jede Verwendung von SNOMED CT in Deutschland erfordert eine vollgültige Affiliate Lizenz oder eine Sublizenz. Die entsprechende Lizenz ist kostenlos, vorausgesetzt die Verwendung findet nur in Deutschland statt und erfüllt die Bedingungen des Affiliate License Agreements. Affiliate Lizenzen können über das Mitglieder-Lizenzierungs- und Distributions-Service (MLDS) direkt beim jeweiligen NRC beantragt werden. https://mlds.ihtsdotools.org/#/landing/DE?lang=de&#xD;&#xA;&#xD;&#xA;Contains information protected by copyright of SNOMED International. Any use of SNOMED CT in Austria requires a valid affiliate license or sublicense. The corresponding license is free of charge, provided that the use only takes place in Austria and fulfills the conditions of the Affiliate License Agreement. Affiliate licenses can be requested directly from the respective NRC via the Member Licensing and Distribution Service (MLDS). ttps://mlds.ihtsdotools.org/#/landing/DE?lang=de" />
  <compose>
    <include>
      <system value="http://snomed.info/sct" />
      <version value="http://snomed.info/sct/11000274103/version/20241115" />
      <concept>
        <extension url="http://hl7.org/fhir/StructureDefinition/valueset-conceptOrder">
          <valueInteger value="90" />
        </extension>
        <code value="1003646009" />
        <display value="Legionella pneumophila serogroup, not serogroup 1 (organism)" />
        <designation>
          <language value="en-US" />
          <use>
            <system value="http://snomed.info/sct" />
            <code value="900000000000003001" />
          </use>
          <value value="Legionella pneumophila serogroup, not serogroup 1 (organism)" />
        </designation>
        <designation>
          <language value="de-DE" />
          <value value="Legionella-pneumophila-Serogruppe, nicht Serogruppe 1" />
        </designation>
      </concept>
      <concept>
        <extension url="http://hl7.org/fhir/StructureDefinition/valueset-conceptOrder">
          <valueInteger value="0" />
        </extension>
        <code value="103447002" />
        <display value="Legionella adelaidensis (organism)" />
        <designation>
          <language value="en-US" />
          <use>
            <system value="http://snomed.info/sct" />
            <code value="900000000000003001" />
          </use>
          <value value="Legionella adelaidensis (organism)" />
        </designation>
        <designation>
          <language value="de-DE" />
          <value value="Legionella adelaidensis" />
        </designation>
      </concept>
      <concept>
        <extension url="http://hl7.org/fhir/StructureDefinition/valueset-conceptOrder">
          <valueInteger value="0" />
        </extension>
        <code value="103448007" />
        <display value="Legionella brunensis (organism)" />
        <designation>
          <language value="en-US" />
          <use>
            <system value="http://snomed.info/sct" />
            <code value="900000000000003001" />
          </use>
          <value value="Legionella brunensis (organism)" />
        </designation>
        <designation>
          <language value="de-DE" />
          <value value="Legionella brunensis" />
        </designation>
      </concept>
      <concept>
        <extension url="http://hl7.org/fhir/StructureDefinition/valueset-conceptOrder">
          <valueInteger value="0" />
        </extension>
        <code value="103449004" />
        <display value="Legionella fairfieldensis (organism)" />
        <designation>
          <language value="en-US" />
          <use>
            <system value="http://snomed.info/sct" />
            <code value="900000000000003001" />
          </use>
          <value value="Legionella fairfieldensis (organism)" />
        </designation>
        <designation>
          <language value="de-DE" />
          <value value="Legionella fairfieldensis" />
        </designation>
      </concept>
      <concept>
        <extension url="http://hl7.org/fhir/StructureDefinition/valueset-conceptOrder">
          <valueInteger value="0" />
        </extension>
        <code value="103450004" />
        <display value="Legionella geestiana (organism)" />
        <designation>
          <language value="en-US" />
          <use>
            <system value="http://snomed.info/sct" />
            <code value="900000000000003001" />
          </use>
          <value value="Legionella geestiana (organism)" />
        </designation>
        <designation>
          <language value="de-DE" />
          <value value="Legionella geestiana" />
        </designation>
      </concept>
      <concept>
        <extension url="http://hl7.org/fhir/StructureDefinition/valueset-conceptOrder">
          <valueInteger value="0" />
        </extension>
        <code value="103451000" />
        <display value="Legionella gratiana (organism)" />
        <designation>
          <language value="en-US" />
          <use>
            <system value="http://snomed.info/sct" />
            <code value="900000000000003001" />
          </use>
          <value value="Legionella gratiana (organism)" />
        </designation>
        <designation>
          <language value="de-DE" />
          <value value="Legionella gratiana" />
        </designation>
      </concept>
      <concept>
        <extension url="http://hl7.org/fhir/StructureDefinition/valueset-conceptOrder">
          <valueInteger value="0" />
        </extension>
        <code value="103452007" />
        <display value="Legionella lansingensis (organism)" />
        <designation>
          <language value="en-US" />
          <use>
            <system value="http://snomed.info/sct" />
            <code value="900000000000003001" />
          </use>
          <value value="Legionella lansingensis (organism)" />
        </designation>
        <designation>
          <language value="de-DE" />
          <value value="Legionella lansingensis" />
        </designation>
      </concept>
      <concept>
        <extension url="http://hl7.org/fhir/StructureDefinition/valueset-conceptOrder">
          <valueInteger value="0" />
        </extension>
        <code value="103453002" />
        <display value="Legionella londiniensis (organism)" />
        <designation>
          <language value="en-US" />
          <use>
            <system value="http://snomed.info/sct" />
            <code value="900000000000003001" />
          </use>
          <value value="Legionella londiniensis (organism)" />
        </designation>
        <designation>
          <language value="de-DE" />
          <value value="Legionella londiniensis" />
        </designation>
      </concept>
      <concept>
        <extension url="http://hl7.org/fhir/StructureDefinition/valueset-conceptOrder">
          <valueInteger value="0" />
        </extension>
        <code value="103454008" />
        <display value="Legionella moravica (organism)" />
        <designation>
          <language value="en-US" />
          <use>
            <system value="http://snomed.info/sct" />
            <code value="900000000000003001" />
          </use>
          <value value="Legionella moravica (organism)" />
        </designation>
        <designation>
          <language value="de-DE" />
          <value value="Legionella moravica" />
        </designation>
      </concept>
      <concept>
        <extension url="http://hl7.org/fhir/StructureDefinition/valueset-conceptOrder">
          <valueInteger value="0" />
        </extension>
        <code value="103455009" />
        <display value="Legionella nautarum (organism)" />
        <designation>
          <language value="en-US" />
          <use>
            <system value="http://snomed.info/sct" />
            <code value="900000000000003001" />
          </use>
          <value value="Legionella nautarum (organism)" />
        </designation>
        <designation>
          <language value="de-DE" />
          <value value="Legionella nautarum" />
        </designation>
      </concept>
      <concept>
        <extension url="http://hl7.org/fhir/StructureDefinition/valueset-conceptOrder">
          <valueInteger value="0" />
        </extension>
        <code value="103456005" />
        <display value="Legionella pneumophila ss. fraseri (organism)" />
        <designation>
          <language value="en-US" />
          <use>
            <system value="http://snomed.info/sct" />
            <code value="900000000000003001" />
          </use>
          <value value="Legionella pneumophila ss. fraseri (organism)" />
        </designation>
        <designation>
          <language value="de-DE" />
          <value value="Legionella pneumophila Subspecies fraseri" />
        </designation>
      </concept>
      <concept>
        <extension url="http://hl7.org/fhir/StructureDefinition/valueset-conceptOrder">
          <valueInteger value="0" />
        </extension>
        <code value="103457001" />
        <display value="Legionella pneumophila ss. pascullei (organism)" />
        <designation>
          <language value="en-US" />
          <use>
            <system value="http://snomed.info/sct" />
            <code value="900000000000003001" />
          </use>
          <value value="Legionella pneumophila ss. pascullei (organism)" />
        </designation>
        <designation>
          <language value="de-DE" />
          <value value="Legionella pneumophila Subspecies pascullei" />
        </designation>
      </concept>
      <concept>
        <extension url="http://hl7.org/fhir/StructureDefinition/valueset-conceptOrder">
          <valueInteger value="0" />
        </extension>
        <code value="103458006" />
        <display value="Legionella pneumophila ss. pneumophila (organism)" />
        <designation>
          <language value="en-US" />
          <use>
            <system value="http://snomed.info/sct" />
            <code value="900000000000003001" />
          </use>
          <value value="Legionella pneumophila ss. pneumophila (organism)" />
        </designation>
        <designation>
          <language value="de-DE" />
          <value value="Legionella pneumophila Subspecies pneumophila" />
        </designation>
      </concept>
      <concept>
        <extension url="http://hl7.org/fhir/StructureDefinition/valueset-conceptOrder">
          <valueInteger value="0" />
        </extension>
        <code value="103459003" />
        <display value="Legionella quinlivanii (organism)" />
        <designation>
          <language value="en-US" />
          <use>
            <system value="http://snomed.info/sct" />
            <code value="900000000000003001" />
          </use>
          <value value="Legionella quinlivanii (organism)" />
        </designation>
        <designation>
          <language value="de-DE" />
          <value value="Legionella quinlivanii" />
        </designation>
      </concept>
      <concept>
        <extension url="http://hl7.org/fhir/StructureDefinition/valueset-conceptOrder">
          <valueInteger value="0" />
        </extension>
        <code value="103460008" />
        <display value="Legionella shakespearei (organism)" />
        <designation>
          <language value="en-US" />
          <use>
            <system value="http://snomed.info/sct" />
            <code value="900000000000003001" />
          </use>
          <value value="Legionella shakespearei (organism)" />
        </designation>
        <designation>
          <language value="de-DE" />
          <value value="Legionella shakespearei" />
        </designation>
      </concept>
      <concept>
        <extension url="http://hl7.org/fhir/StructureDefinition/valueset-conceptOrder">
          <valueInteger value="0" />
        </extension>
        <code value="103461007" />
        <display value="Legionella tucsonensis (organism)" />
        <designation>
          <language value="en-US" />
          <use>
            <system value="http://snomed.info/sct" />
            <code value="900000000000003001" />
          </use>
          <value value="Legionella tucsonensis (organism)" />
        </designation>
        <designation>
          <language value="de-DE" />
          <value value="Legionella tucsonensis" />
        </designation>
      </concept>
      <concept>
        <extension url="http://hl7.org/fhir/StructureDefinition/valueset-conceptOrder">
          <valueInteger value="0" />
        </extension>
        <code value="103462000" />
        <display value="Legionella worsleiensis (organism)" />
        <designation>
          <language value="en-US" />
          <use>
            <system value="http://snomed.info/sct" />
            <code value="900000000000003001" />
          </use>
          <value value="Legionella worsleiensis (organism)" />
        </designation>
        <designation>
          <language value="de-DE" />
          <value value="Legionella worsleiensis" />
        </designation>
      </concept>
      <concept>
        <extension url="http://hl7.org/fhir/StructureDefinition/valueset-conceptOrder">
          <valueInteger value="91" />
        </extension>
        <code value="103463005" />
        <display value="Legionella pneumophila serogroup 1 (organism)" />
        <designation>
          <language value="en-US" />
          <use>
            <system value="http://snomed.info/sct" />
            <code value="900000000000003001" />
          </use>
          <value value="Legionella pneumophila serogroup 1 (organism)" />
        </designation>
        <designation>
          <language value="de-DE" />
          <value value="Legionella pneumophila, Serogruppe 1" />
        </designation>
      </concept>
      <concept>
        <extension url="http://hl7.org/fhir/StructureDefinition/valueset-conceptOrder">
          <valueInteger value="50" />
        </extension>
        <code value="103464004" />
        <display value="Legionella pneumophila serogroup 2 (organism)" />
        <designation>
          <language value="en-US" />
          <use>
            <system value="http://snomed.info/sct" />
            <code value="900000000000003001" />
          </use>
          <value value="Legionella pneumophila serogroup 2 (organism)" />
        </designation>
        <designation>
          <language value="de-DE" />
          <value value="Legionella pneumophila, Serogruppe 2" />
        </designation>
      </concept>
      <concept>
        <extension url="http://hl7.org/fhir/StructureDefinition/valueset-conceptOrder">
          <valueInteger value="49" />
        </extension>
        <code value="103465003" />
        <display value="Legionella pneumophila serogroup 3 (organism)" />
        <designation>
          <language value="en-US" />
          <use>
            <system value="http://snomed.info/sct" />
            <code value="900000000000003001" />
          </use>
          <value value="Legionella pneumophila serogroup 3 (organism)" />
        </designation>
        <designation>
          <language value="de-DE" />
          <value value="Legionella pneumophila, Serogruppe 3" />
        </designation>
      </concept>
      <concept>
        <extension url="http://hl7.org/fhir/StructureDefinition/valueset-conceptOrder">
          <valueInteger value="48" />
        </extension>
        <code value="103466002" />
        <display value="Legionella pneumophila serogroup 4 (organism)" />
        <designation>
          <language value="en-US" />
          <use>
            <system value="http://snomed.info/sct" />
            <code value="900000000000003001" />
          </use>
          <value value="Legionella pneumophila serogroup 4 (organism)" />
        </designation>
        <designation>
          <language value="de-DE" />
          <value value="Legionella pneumophila, Serogruppe 4" />
        </designation>
      </concept>
      <concept>
        <extension url="http://hl7.org/fhir/StructureDefinition/valueset-conceptOrder">
          <valueInteger value="47" />
        </extension>
        <code value="103467006" />
        <display value="Legionella pneumophila serogroup 5 (organism)" />
        <designation>
          <language value="en-US" />
          <use>
            <system value="http://snomed.info/sct" />
            <code value="900000000000003001" />
          </use>
          <value value="Legionella pneumophila serogroup 5 (organism)" />
        </designation>
        <designation>
          <language value="de-DE" />
          <value value="Legionella pneumophila, Serogruppe 5" />
        </designation>
      </concept>
      <concept>
        <extension url="http://hl7.org/fhir/StructureDefinition/valueset-conceptOrder">
          <valueInteger value="46" />
        </extension>
        <code value="103468001" />
        <display value="Legionella pneumophila serogroup 6 (organism)" />
        <designation>
          <language value="en-US" />
          <use>
            <system value="http://snomed.info/sct" />
            <code value="900000000000003001" />
          </use>
          <value value="Legionella pneumophila serogroup 6 (organism)" />
        </designation>
        <designation>
          <language value="de-DE" />
          <value value="Legionella pneumophila, Serogruppe 6" />
        </designation>
      </concept>
      <concept>
        <extension url="http://hl7.org/fhir/StructureDefinition/valueset-conceptOrder">
          <valueInteger value="45" />
        </extension>
        <code value="103469009" />
        <display value="Legionella pneumophila serogroup 7 (organism)" />
        <designation>
          <language value="en-US" />
          <use>
            <system value="http://snomed.info/sct" />
            <code value="900000000000003001" />
          </use>
          <value value="Legionella pneumophila serogroup 7 (organism)" />
        </designation>
        <designation>
          <language value="de-DE" />
          <value value="Legionella pneumophila, Serogruppe 7" />
        </designation>
      </concept>
      <concept>
        <extension url="http://hl7.org/fhir/StructureDefinition/valueset-conceptOrder">
          <valueInteger value="44" />
        </extension>
        <code value="103470005" />
        <display value="Legionella pneumophila serogroup 8 (organism)" />
        <designation>
          <language value="en-US" />
          <use>
            <system value="http://snomed.info/sct" />
            <code value="900000000000003001" />
          </use>
          <value value="Legionella pneumophila serogroup 8 (organism)" />
        </designation>
        <designation>
          <language value="de-DE" />
          <value value="Legionella pneumophila, Serogruppe 8" />
        </designation>
      </concept>
      <concept>
        <extension url="http://hl7.org/fhir/StructureDefinition/valueset-conceptOrder">
          <valueInteger value="43" />
        </extension>
        <code value="103471009" />
        <display value="Legionella pneumophila serogroup 9 (organism)" />
        <designation>
          <language value="en-US" />
          <use>
            <system value="http://snomed.info/sct" />
            <code value="900000000000003001" />
          </use>
          <value value="Legionella pneumophila serogroup 9 (organism)" />
        </designation>
        <designation>
          <language value="de-DE" />
          <value value="Legionella pneumophila, Serogruppe 9" />
        </designation>
      </concept>
      <concept>
        <extension url="http://hl7.org/fhir/StructureDefinition/valueset-conceptOrder">
          <valueInteger value="58" />
        </extension>
        <code value="113720002" />
        <display value="Legionella dumoffii (organism)" />
        <designation>
          <language value="en-US" />
          <use>
            <system value="http://snomed.info/sct" />
            <code value="900000000000003001" />
          </use>
          <value value="Legionella dumoffii (organism)" />
        </designation>
        <designation>
          <language value="de-DE" />
          <value value="Legionella dumoffii" />
        </designation>
      </concept>
      <concept>
        <extension url="http://hl7.org/fhir/StructureDefinition/valueset-conceptOrder">
          <valueInteger value="0" />
        </extension>
        <code value="113721003" />
        <display value="Legionella gormanii (organism)" />
        <designation>
          <language value="en-US" />
          <use>
            <system value="http://snomed.info/sct" />
            <code value="900000000000003001" />
          </use>
          <value value="Legionella gormanii (organism)" />
        </designation>
        <designation>
          <language value="de-DE" />
          <value value="Legionella gormanii" />
        </designation>
      </concept>
      <concept>
        <extension url="http://hl7.org/fhir/StructureDefinition/valueset-conceptOrder">
          <valueInteger value="0" />
        </extension>
        <code value="113806002" />
        <display value="Legionella lytica (organism)" />
        <designation>
          <language value="en-US" />
          <use>
            <system value="http://snomed.info/sct" />
            <code value="900000000000003001" />
          </use>
          <value value="Legionella lytica (organism)" />
        </designation>
        <designation>
          <language value="de-DE" />
          <value value="Legionella lytica" />
        </designation>
      </concept>
      <concept>
        <extension url="http://hl7.org/fhir/StructureDefinition/valueset-conceptOrder">
          <valueInteger value="0" />
        </extension>
        <code value="113807006" />
        <display value="Legionella quateirensis (organism)" />
        <designation>
          <language value="en-US" />
          <use>
            <system value="http://snomed.info/sct" />
            <code value="900000000000003001" />
          </use>
          <value value="Legionella quateirensis (organism)" />
        </designation>
        <designation>
          <language value="de-DE" />
          <value value="Legionella quateirensis" />
        </designation>
      </concept>
      <concept>
        <extension url="http://hl7.org/fhir/StructureDefinition/valueset-conceptOrder">
          <valueInteger value="0" />
        </extension>
        <code value="113808001" />
        <display value="Legionella waltersii (organism)" />
        <designation>
          <language value="en-US" />
          <use>
            <system value="http://snomed.info/sct" />
            <code value="900000000000003001" />
          </use>
          <value value="Legionella waltersii (organism)" />
        </designation>
        <designation>
          <language value="de-DE" />
          <value value="Legionella waltersii" />
        </designation>
      </concept>
      <concept>
        <extension url="http://hl7.org/fhir/StructureDefinition/valueset-conceptOrder">
          <valueInteger value="0" />
        </extension>
        <code value="115071005" />
        <display value="Family Legionellaceae (organism)" />
        <designation>
          <language value="en-US" />
          <use>
            <system value="http://snomed.info/sct" />
            <code value="900000000000003001" />
          </use>
          <value value="Family Legionellaceae (organism)" />
        </designation>
        <designation>
          <language value="de-DE" />
          <value value="Familie Legionellaceae" />
        </designation>
      </concept>
      <concept>
        <extension url="http://hl7.org/fhir/StructureDefinition/valueset-conceptOrder">
          <valueInteger value="35" />
        </extension>
        <code value="115515003" />
        <display value="Legionella longbeachae, serogroup 1 (organism)" />
        <designation>
          <language value="en-US" />
          <use>
            <system value="http://snomed.info/sct" />
            <code value="900000000000003001" />
          </use>
          <value value="Legionella longbeachae, serogroup 1 (organism)" />
        </designation>
        <designation>
          <language value="de-DE" />
          <value value="Legionella longbeachae, Serogruppe 1" />
        </designation>
      </concept>
      <concept>
        <extension url="http://hl7.org/fhir/StructureDefinition/valueset-conceptOrder">
          <valueInteger value="34" />
        </extension>
        <code value="115516002" />
        <display value="Legionella longbeachae, serogroup 2 (organism)" />
        <designation>
          <language value="en-US" />
          <use>
            <system value="http://snomed.info/sct" />
            <code value="900000000000003001" />
          </use>
          <value value="Legionella longbeachae, serogroup 2 (organism)" />
        </designation>
        <designation>
          <language value="de-DE" />
          <value value="Legionella longbeachae, Serogruppe 2" />
        </designation>
      </concept>
      <concept>
        <extension url="http://hl7.org/fhir/StructureDefinition/valueset-conceptOrder">
          <valueInteger value="88" />
        </extension>
        <code value="115517006" />
        <display value="Legionella, non-pneumophia species (organism)" />
        <designation>
          <language value="en-US" />
          <use>
            <system value="http://snomed.info/sct" />
            <code value="900000000000003001" />
          </use>
          <value value="Legionella, non-pneumophia species (organism)" />
        </designation>
        <designation>
          <language value="de-DE" />
          <value value="Legionella, nicht-Pneumophia-Species" />
        </designation>
      </concept>
      <concept>
        <extension url="http://hl7.org/fhir/StructureDefinition/valueset-conceptOrder">
          <valueInteger value="0" />
        </extension>
        <code value="116379006" />
        <display value="Legionella maceachernii (organism)" />
        <designation>
          <language value="en-US" />
          <use>
            <system value="http://snomed.info/sct" />
            <code value="900000000000003001" />
          </use>
          <value value="Legionella maceachernii (organism)" />
        </designation>
        <designation>
          <language value="de-DE" />
          <value value="Legionella maceachernii" />
        </designation>
      </concept>
      <concept>
        <extension url="http://hl7.org/fhir/StructureDefinition/valueset-conceptOrder">
          <valueInteger value="59" />
        </extension>
        <code value="116380009" />
        <display value="Legionella micdadei (organism)" />
        <designation>
          <language value="en-US" />
          <use>
            <system value="http://snomed.info/sct" />
            <code value="900000000000003001" />
          </use>
          <value value="Legionella micdadei (organism)" />
        </designation>
        <designation>
          <language value="de-DE" />
          <value value="Legionella micdadei" />
        </designation>
      </concept>
      <concept>
        <extension url="http://hl7.org/fhir/StructureDefinition/valueset-conceptOrder">
          <valueInteger value="42" />
        </extension>
        <code value="131322009" />
        <display value="Legionella pneumophilia serogroup 10 (organism)" />
        <designation>
          <language value="en-US" />
          <use>
            <system value="http://snomed.info/sct" />
            <code value="900000000000003001" />
          </use>
          <value value="Legionella pneumophilia serogroup 10 (organism)" />
        </designation>
        <designation>
          <language value="de-DE" />
          <value value="Legionella pneumophilia, Serogruppe 10" />
        </designation>
      </concept>
      <concept>
        <extension url="http://hl7.org/fhir/StructureDefinition/valueset-conceptOrder">
          <valueInteger value="41" />
        </extension>
        <code value="131323004" />
        <display value="Legionella pneumophilia serogroup 11 (organism)" />
        <designation>
          <language value="en-US" />
          <use>
            <system value="http://snomed.info/sct" />
            <code value="900000000000003001" />
          </use>
          <value value="Legionella pneumophilia serogroup 11 (organism)" />
        </designation>
        <designation>
          <language value="de-DE" />
          <value value="Legionella pneumophilia, Serogruppe 11" />
        </designation>
      </concept>
      <concept>
        <extension url="http://hl7.org/fhir/StructureDefinition/valueset-conceptOrder">
          <valueInteger value="41" />
        </extension>
        <code value="131324005" />
        <display value="Legionella pneumophilia serogroup 12 (organism)" />
        <designation>
          <language value="en-US" />
          <use>
            <system value="http://snomed.info/sct" />
            <code value="900000000000003001" />
          </use>
          <value value="Legionella pneumophilia serogroup 12 (organism)" />
        </designation>
        <designation>
          <language value="de-DE" />
          <value value="Legionella pneumophilia, Serogruppe 12" />
        </designation>
      </concept>
      <concept>
        <extension url="http://hl7.org/fhir/StructureDefinition/valueset-conceptOrder">
          <valueInteger value="40" />
        </extension>
        <code value="131325006" />
        <display value="Legionella pneumophilia serogroup 13 (organism)" />
        <designation>
          <language value="en-US" />
          <use>
            <system value="http://snomed.info/sct" />
            <code value="900000000000003001" />
          </use>
          <value value="Legionella pneumophilia serogroup 13 (organism)" />
        </designation>
        <designation>
          <language value="de-DE" />
          <value value="Legionella pneumophilia, Serogruppe 13" />
        </designation>
      </concept>
      <concept>
        <extension url="http://hl7.org/fhir/StructureDefinition/valueset-conceptOrder">
          <valueInteger value="39" />
        </extension>
        <code value="131326007" />
        <display value="Legionella pneumophilia serogroup 14 (organism)" />
        <designation>
          <language value="en-US" />
          <use>
            <system value="http://snomed.info/sct" />
            <code value="900000000000003001" />
          </use>
          <value value="Legionella pneumophilia serogroup 14 (organism)" />
        </designation>
        <designation>
          <language value="de-DE" />
          <value value="Legionella pneumophilia, Serogruppe 14" />
        </designation>
      </concept>
      <concept>
        <extension url="http://hl7.org/fhir/StructureDefinition/valueset-conceptOrder">
          <valueInteger value="0" />
        </extension>
        <code value="14121003" />
        <display value="Legionella steigerwaltii (organism)" />
        <designation>
          <language value="en-US" />
          <use>
            <system value="http://snomed.info/sct" />
            <code value="900000000000003001" />
          </use>
          <value value="Legionella steigerwaltii (organism)" />
        </designation>
        <designation>
          <language value="de-DE" />
          <value value="Legionella steigerwaltii" />
        </designation>
      </concept>
      <concept>
        <extension url="http://hl7.org/fhir/StructureDefinition/valueset-conceptOrder">
          <valueInteger value="0" />
        </extension>
        <code value="17083009" />
        <display value="Legionella feeleii (organism)" />
        <designation>
          <language value="en-US" />
          <use>
            <system value="http://snomed.info/sct" />
            <code value="900000000000003001" />
          </use>
          <value value="Legionella feeleii (organism)" />
        </designation>
        <designation>
          <language value="de-DE" />
          <value value="Legionella feeleii" />
        </designation>
      </concept>
      <concept>
        <extension url="http://hl7.org/fhir/StructureDefinition/valueset-conceptOrder">
          <valueInteger value="0" />
        </extension>
        <code value="17298000" />
        <display value="Legionella rubrilucens (organism)" />
        <designation>
          <language value="en-US" />
          <use>
            <system value="http://snomed.info/sct" />
            <code value="900000000000003001" />
          </use>
          <value value="Legionella rubrilucens (organism)" />
        </designation>
        <designation>
          <language value="de-DE" />
          <value value="Legionella rubrilucens" />
        </designation>
      </concept>
      <concept>
        <extension url="http://hl7.org/fhir/StructureDefinition/valueset-conceptOrder">
          <valueInteger value="60" />
        </extension>
        <code value="18214000" />
        <display value="Legionella anisa (organism)" />
        <designation>
          <language value="en-US" />
          <use>
            <system value="http://snomed.info/sct" />
            <code value="900000000000003001" />
          </use>
          <value value="Legionella anisa (organism)" />
        </designation>
        <designation>
          <language value="de-DE" />
          <value value="Legionella anisa" />
        </designation>
      </concept>
      <concept>
        <extension url="http://hl7.org/fhir/StructureDefinition/valueset-conceptOrder">
          <valueInteger value="0" />
        </extension>
        <code value="185883611000087104" />
        <display value="Legionella hackeliae serogroup 1 (organism)" />
        <designation>
          <language value="en-US" />
          <use>
            <system value="http://snomed.info/sct" />
            <code value="900000000000003001" />
          </use>
          <value value="Legionella hackeliae serogroup 1 (organism)" />
        </designation>
        <designation>
          <language value="de-DE" />
          <value value="Legionella hackeliae, Serogruppe 1" />
        </designation>
      </concept>
      <concept>
        <extension url="http://hl7.org/fhir/StructureDefinition/valueset-conceptOrder">
          <valueInteger value="0" />
        </extension>
        <code value="22592008" />
        <display value="Legionella birminghamensis (organism)" />
        <designation>
          <language value="en-US" />
          <use>
            <system value="http://snomed.info/sct" />
            <code value="900000000000003001" />
          </use>
          <value value="Legionella birminghamensis (organism)" />
        </designation>
        <designation>
          <language value="de-DE" />
          <value value="Legionella birminghamensis" />
        </designation>
      </concept>
      <concept>
        <extension url="http://hl7.org/fhir/StructureDefinition/valueset-conceptOrder">
          <valueInteger value="0" />
        </extension>
        <code value="28109006" />
        <display value="Legionella erythra (organism)" />
        <designation>
          <language value="en-US" />
          <use>
            <system value="http://snomed.info/sct" />
            <code value="900000000000003001" />
          </use>
          <value value="Legionella erythra (organism)" />
        </designation>
        <designation>
          <language value="de-DE" />
          <value value="Legionella erythra" />
        </designation>
      </concept>
      <concept>
        <extension url="http://hl7.org/fhir/StructureDefinition/valueset-conceptOrder">
          <valueInteger value="0" />
        </extension>
        <code value="304915231000087102" />
        <display value="Legionella sainthelensi serogroup 1 (organism)" />
        <designation>
          <language value="en-US" />
          <use>
            <system value="http://snomed.info/sct" />
            <code value="900000000000003001" />
          </use>
          <value value="Legionella sainthelensi serogroup 1 (organism)" />
        </designation>
        <designation>
          <language value="de-DE" />
          <value value="Legionella sainthelensi, Serogruppe 1" />
        </designation>
      </concept>
      <concept>
        <extension url="http://hl7.org/fhir/StructureDefinition/valueset-conceptOrder">
          <valueInteger value="0" />
        </extension>
        <code value="3128001" />
        <display value="Legionella israelensis (organism)" />
        <designation>
          <language value="en-US" />
          <use>
            <system value="http://snomed.info/sct" />
            <code value="900000000000003001" />
          </use>
          <value value="Legionella israelensis (organism)" />
        </designation>
        <designation>
          <language value="de-DE" />
          <value value="Legionella israelensis" />
        </designation>
      </concept>
      <concept>
        <extension url="http://hl7.org/fhir/StructureDefinition/valueset-conceptOrder">
          <valueInteger value="0" />
        </extension>
        <code value="317082141000087106" />
        <display value="Legionella feeleii serogroup 2 (organism)" />
        <designation>
          <language value="en-US" />
          <use>
            <system value="http://snomed.info/sct" />
            <code value="900000000000003001" />
          </use>
          <value value="Legionella feeleii serogroup 2 (organism)" />
        </designation>
        <designation>
          <language value="de-DE" />
          <value value="Legionella feeleii, Serogruppe 2" />
        </designation>
      </concept>
      <concept>
        <extension url="http://hl7.org/fhir/StructureDefinition/valueset-conceptOrder">
          <valueInteger value="0" />
        </extension>
        <code value="38322001" />
        <display value="Legionella parisiensis (organism)" />
        <designation>
          <language value="en-US" />
          <use>
            <system value="http://snomed.info/sct" />
            <code value="900000000000003001" />
          </use>
          <value value="Legionella parisiensis (organism)" />
        </designation>
        <designation>
          <language value="de-DE" />
          <value value="Legionella parisiensis" />
        </designation>
      </concept>
      <concept>
        <extension url="http://hl7.org/fhir/StructureDefinition/valueset-conceptOrder">
          <valueInteger value="0" />
        </extension>
        <code value="39739007" />
        <display value="Legionella jordanis (organism)" />
        <designation>
          <language value="en-US" />
          <use>
            <system value="http://snomed.info/sct" />
            <code value="900000000000003001" />
          </use>
          <value value="Legionella jordanis (organism)" />
        </designation>
        <designation>
          <language value="de-DE" />
          <value value="Legionella jordanis" />
        </designation>
      </concept>
      <concept>
        <extension url="http://hl7.org/fhir/StructureDefinition/valueset-conceptOrder">
          <valueInteger value="0" />
        </extension>
        <code value="401198008" />
        <display value="Legionella serotype (organism)" />
        <designation>
          <language value="en-US" />
          <use>
            <system value="http://snomed.info/sct" />
            <code value="900000000000003001" />
          </use>
          <value value="Legionella serotype (organism)" />
        </designation>
        <designation>
          <language value="de-DE" />
          <value value="Legionella-Serotyp" />
        </designation>
      </concept>
      <concept>
        <extension url="http://hl7.org/fhir/StructureDefinition/valueset-conceptOrder">
          <valueInteger value="0" />
        </extension>
        <code value="414961002" />
        <display value="Order Legionellales (organism)" />
        <designation>
          <language value="en-US" />
          <use>
            <system value="http://snomed.info/sct" />
            <code value="900000000000003001" />
          </use>
          <value value="Order Legionellales (organism)" />
        </designation>
        <designation>
          <language value="de-DE" />
          <value value="Ordnung Legionellales" />
        </designation>
      </concept>
      <concept>
        <extension url="http://hl7.org/fhir/StructureDefinition/valueset-conceptOrder">
          <valueInteger value="0" />
        </extension>
        <code value="432325006" />
        <display value="Legionella drancourtii (organism)" />
        <designation>
          <language value="en-US" />
          <use>
            <system value="http://snomed.info/sct" />
            <code value="900000000000003001" />
          </use>
          <value value="Legionella drancourtii (organism)" />
        </designation>
        <designation>
          <language value="de-DE" />
          <value value="Legionella drancourtii" />
        </designation>
      </concept>
      <concept>
        <extension url="http://hl7.org/fhir/StructureDefinition/valueset-conceptOrder">
          <valueInteger value="0" />
        </extension>
        <code value="432453005" />
        <display value="Legionella fallonii (organism)" />
        <designation>
          <language value="en-US" />
          <use>
            <system value="http://snomed.info/sct" />
            <code value="900000000000003001" />
          </use>
          <value value="Legionella fallonii (organism)" />
        </designation>
        <designation>
          <language value="de-DE" />
          <value value="Legionella fallonii" />
        </designation>
      </concept>
      <concept>
        <extension url="http://hl7.org/fhir/StructureDefinition/valueset-conceptOrder">
          <valueInteger value="0" />
        </extension>
        <code value="432712001" />
        <display value="Legionella drozanskii (organism)" />
        <designation>
          <language value="en-US" />
          <use>
            <system value="http://snomed.info/sct" />
            <code value="900000000000003001" />
          </use>
          <value value="Legionella drozanskii (organism)" />
        </designation>
        <designation>
          <language value="de-DE" />
          <value value="Legionella drozanskii" />
        </designation>
      </concept>
      <concept>
        <extension url="http://hl7.org/fhir/StructureDefinition/valueset-conceptOrder">
          <valueInteger value="0" />
        </extension>
        <code value="432713006" />
        <display value="Legionella rowbothamii (organism)" />
        <designation>
          <language value="en-US" />
          <use>
            <system value="http://snomed.info/sct" />
            <code value="900000000000003001" />
          </use>
          <value value="Legionella rowbothamii (organism)" />
        </designation>
        <designation>
          <language value="de-DE" />
          <value value="Legionella rowbothamii" />
        </designation>
      </concept>
      <concept>
        <extension url="http://hl7.org/fhir/StructureDefinition/valueset-conceptOrder">
          <valueInteger value="0" />
        </extension>
        <code value="432714000" />
        <display value="Legionella beliardensis (organism)" />
        <designation>
          <language value="en-US" />
          <use>
            <system value="http://snomed.info/sct" />
            <code value="900000000000003001" />
          </use>
          <value value="Legionella beliardensis (organism)" />
        </designation>
        <designation>
          <language value="de-DE" />
          <value value="Legionella beliardensis" />
        </designation>
      </concept>
      <concept>
        <extension url="http://hl7.org/fhir/StructureDefinition/valueset-conceptOrder">
          <valueInteger value="0" />
        </extension>
        <code value="433048001" />
        <display value="Legionella taurinensis (organism)" />
        <designation>
          <language value="en-US" />
          <use>
            <system value="http://snomed.info/sct" />
            <code value="900000000000003001" />
          </use>
          <value value="Legionella taurinensis (organism)" />
        </designation>
        <designation>
          <language value="de-DE" />
          <value value="Legionella taurinensis" />
        </designation>
      </concept>
      <concept>
        <extension url="http://hl7.org/fhir/StructureDefinition/valueset-conceptOrder">
          <valueInteger value="0" />
        </extension>
        <code value="433050009" />
        <display value="Legionella busanensis (organism)" />
        <designation>
          <language value="en-US" />
          <use>
            <system value="http://snomed.info/sct" />
            <code value="900000000000003001" />
          </use>
          <value value="Legionella busanensis (organism)" />
        </designation>
        <designation>
          <language value="de-DE" />
          <value value="Legionella busanensis" />
        </designation>
      </concept>
      <concept>
        <extension url="http://hl7.org/fhir/StructureDefinition/valueset-conceptOrder">
          <valueInteger value="0" />
        </extension>
        <code value="433052001" />
        <display value="Legionella gresilensis (organism)" />
        <designation>
          <language value="en-US" />
          <use>
            <system value="http://snomed.info/sct" />
            <code value="900000000000003001" />
          </use>
          <value value="Legionella gresilensis (organism)" />
        </designation>
        <designation>
          <language value="de-DE" />
          <value value="Legionella gresilensis" />
        </designation>
      </concept>
      <concept>
        <extension url="http://hl7.org/fhir/StructureDefinition/valueset-conceptOrder">
          <valueInteger value="0" />
        </extension>
        <code value="450611004" />
        <display value="Legionella bozemanae (organism)" />
        <designation>
          <language value="en-US" />
          <use>
            <system value="http://snomed.info/sct" />
            <code value="900000000000003001" />
          </use>
          <value value="Legionella bozemanae (organism)" />
        </designation>
        <designation>
          <language value="de-DE" />
          <value value="Legionella bozemanae" />
        </designation>
      </concept>
      <concept>
        <extension url="http://hl7.org/fhir/StructureDefinition/valueset-conceptOrder">
          <valueInteger value="0" />
        </extension>
        <code value="5111000146108" />
        <display value="Legionella dresdenensis (organism)" />
        <designation>
          <language value="en-US" />
          <use>
            <system value="http://snomed.info/sct" />
            <code value="900000000000003001" />
          </use>
          <value value="Legionella dresdenensis (organism)" />
        </designation>
        <designation>
          <language value="de-DE" />
          <value value="Legionella dresdenensis" />
        </designation>
      </concept>
      <concept>
        <extension url="http://hl7.org/fhir/StructureDefinition/valueset-conceptOrder">
          <valueInteger value="0" />
        </extension>
        <code value="5121000146103" />
        <display value="Legionella impletisoli (organism)" />
        <designation>
          <language value="en-US" />
          <use>
            <system value="http://snomed.info/sct" />
            <code value="900000000000003001" />
          </use>
          <value value="Legionella impletisoli (organism)" />
        </designation>
        <designation>
          <language value="de-DE" />
          <value value="Legionella impletisoli" />
        </designation>
      </concept>
      <concept>
        <extension url="http://hl7.org/fhir/StructureDefinition/valueset-conceptOrder">
          <valueInteger value="0" />
        </extension>
        <code value="5131000146101" />
        <display value="Legionella yabuuchiae (organism)" />
        <designation>
          <language value="en-US" />
          <use>
            <system value="http://snomed.info/sct" />
            <code value="900000000000003001" />
          </use>
          <value value="Legionella yabuuchiae (organism)" />
        </designation>
        <designation>
          <language value="de-DE" />
          <value value="Legionella yabuuchiae" />
        </designation>
      </concept>
      <concept>
        <extension url="http://hl7.org/fhir/StructureDefinition/valueset-conceptOrder">
          <valueInteger value="0" />
        </extension>
        <code value="52462004" />
        <display value="Legionella cherrii (organism)" />
        <designation>
          <language value="en-US" />
          <use>
            <system value="http://snomed.info/sct" />
            <code value="900000000000003001" />
          </use>
          <value value="Legionella cherrii (organism)" />
        </designation>
        <designation>
          <language value="de-DE" />
          <value value="Legionella cherrii" />
        </designation>
      </concept>
      <concept>
        <extension url="http://hl7.org/fhir/StructureDefinition/valueset-conceptOrder">
          <valueInteger value="0" />
        </extension>
        <code value="570536261000087106" />
        <display value="Legionella sainthelensi serogroup 2 (organism)" />
        <designation>
          <language value="en-US" />
          <use>
            <system value="http://snomed.info/sct" />
            <code value="900000000000003001" />
          </use>
          <value value="Legionella sainthelensi serogroup 2 (organism)" />
        </designation>
        <designation>
          <language value="de-DE" />
          <value value="Legionella sainthelensi, Serogruppe 2" />
        </designation>
      </concept>
      <concept>
        <extension url="http://hl7.org/fhir/StructureDefinition/valueset-conceptOrder">
          <valueInteger value="0" />
        </extension>
        <code value="58923007" />
        <display value="Legionella cincinnatiensis (organism)" />
        <designation>
          <language value="en-US" />
          <use>
            <system value="http://snomed.info/sct" />
            <code value="900000000000003001" />
          </use>
          <value value="Legionella cincinnatiensis (organism)" />
        </designation>
        <designation>
          <language value="de-DE" />
          <value value="Legionella cincinnatiensis" />
        </designation>
      </concept>
      <concept>
        <extension url="http://hl7.org/fhir/StructureDefinition/valueset-conceptOrder">
          <valueInteger value="0" />
        </extension>
        <code value="58939000" />
        <display value="Legionella hackeliae (organism)" />
        <designation>
          <language value="en-US" />
          <use>
            <system value="http://snomed.info/sct" />
            <code value="900000000000003001" />
          </use>
          <value value="Legionella hackeliae (organism)" />
        </designation>
        <designation>
          <language value="de-DE" />
          <value value="Legionella hackeliae" />
        </designation>
      </concept>
      <concept>
        <extension url="http://hl7.org/fhir/StructureDefinition/valueset-conceptOrder">
          <valueInteger value="0" />
        </extension>
        <code value="638008" />
        <display value="Legionella oakridgensis (organism)" />
        <designation>
          <language value="en-US" />
          <use>
            <system value="http://snomed.info/sct" />
            <code value="900000000000003001" />
          </use>
          <value value="Legionella oakridgensis (organism)" />
        </designation>
        <designation>
          <language value="de-DE" />
          <value value="Legionella oakridgensis" />
        </designation>
      </concept>
      <concept>
        <extension url="http://hl7.org/fhir/StructureDefinition/valueset-conceptOrder">
          <valueInteger value="0" />
        </extension>
        <code value="64930007" />
        <display value="Legionella spiritensis (organism)" />
        <designation>
          <language value="en-US" />
          <use>
            <system value="http://snomed.info/sct" />
            <code value="900000000000003001" />
          </use>
          <value value="Legionella spiritensis (organism)" />
        </designation>
        <designation>
          <language value="de-DE" />
          <value value="Legionella spiritensis" />
        </designation>
      </concept>
      <concept>
        <extension url="http://hl7.org/fhir/StructureDefinition/valueset-conceptOrder">
          <valueInteger value="0" />
        </extension>
        <code value="72814000" />
        <display value="Legionella santicrucis (organism)" />
        <designation>
          <language value="en-US" />
          <use>
            <system value="http://snomed.info/sct" />
            <code value="900000000000003001" />
          </use>
          <value value="Legionella santicrucis (organism)" />
        </designation>
        <designation>
          <language value="de-DE" />
          <value value="Legionella santicrucis" />
        </designation>
      </concept>
      <concept>
        <extension url="http://hl7.org/fhir/StructureDefinition/valueset-conceptOrder">
          <valueInteger value="93" />
        </extension>
        <code value="7527002" />
        <display value="Genus Legionella (organism)" />
        <designation>
          <language value="en-US" />
          <use>
            <system value="http://snomed.info/sct" />
            <code value="900000000000003001" />
          </use>
          <value value="Genus Legionella (organism)" />
        </designation>
        <designation>
          <language value="de-DE" />
          <value value="Gattung Legionella" />
        </designation>
      </concept>
      <concept>
        <extension url="http://hl7.org/fhir/StructureDefinition/valueset-conceptOrder">
          <valueInteger value="0" />
        </extension>
        <code value="801523611000087100" />
        <display value="Legionella bozemanii Serogroup 1 (organism)" />
        <designation>
          <language value="en-US" />
          <use>
            <system value="http://snomed.info/sct" />
            <code value="900000000000003001" />
          </use>
          <value value="Legionella bozemanii Serogroup 1 (organism)" />
        </designation>
        <designation>
          <language value="de-DE" />
          <value value="Legionella bozemanii, Serogruppe 1" />
        </designation>
      </concept>
      <concept>
        <extension url="http://hl7.org/fhir/StructureDefinition/valueset-conceptOrder">
          <valueInteger value="92" />
        </extension>
        <code value="80897008" />
        <display value="Legionella pneumophila (organism)" />
        <designation>
          <language value="en-US" />
          <use>
            <system value="http://snomed.info/sct" />
            <code value="900000000000003001" />
          </use>
          <value value="Legionella pneumophila (organism)" />
        </designation>
        <designation>
          <language value="de-DE" />
          <value value="Legionella pneumophila" />
        </designation>
      </concept>
      <concept>
        <extension url="http://hl7.org/fhir/StructureDefinition/valueset-conceptOrder">
          <valueInteger value="0" />
        </extension>
        <code value="8147000" />
        <display value="Legionella wadsworthii (organism)" />
        <designation>
          <language value="en-US" />
          <use>
            <system value="http://snomed.info/sct" />
            <code value="900000000000003001" />
          </use>
          <value value="Legionella wadsworthii (organism)" />
        </designation>
        <designation>
          <language value="de-DE" />
          <value value="Legionella wadsworthii" />
        </designation>
      </concept>
      <concept>
        <extension url="http://hl7.org/fhir/StructureDefinition/valueset-conceptOrder">
          <valueInteger value="0" />
        </extension>
        <code value="844125861000087102" />
        <display value="Legionella bozemanii serogroup 2 (organism)" />
        <designation>
          <language value="en-US" />
          <use>
            <system value="http://snomed.info/sct" />
            <code value="900000000000003001" />
          </use>
          <value value="Legionella bozemanii serogroup 2 (organism)" />
        </designation>
        <designation>
          <language value="de-DE" />
          <value value="Legionella bozemanii, Serogruppe 2" />
        </designation>
      </concept>
      <concept>
        <extension url="http://hl7.org/fhir/StructureDefinition/valueset-conceptOrder">
          <valueInteger value="0" />
        </extension>
        <code value="87271006" />
        <display value="Legionella sainthelens (organism)" />
        <designation>
          <language value="en-US" />
          <use>
            <system value="http://snomed.info/sct" />
            <code value="900000000000003001" />
          </use>
          <value value="Legionella sainthelens (organism)" />
        </designation>
        <designation>
          <language value="de-DE" />
          <value value="Legionella sainthelens" />
        </designation>
      </concept>
      <concept>
        <extension url="http://hl7.org/fhir/StructureDefinition/valueset-conceptOrder">
          <valueInteger value="80" />
        </extension>
        <code value="89605004" />
        <display value="Legionella longbeachae (organism)" />
        <designation>
          <language value="en-US" />
          <use>
            <system value="http://snomed.info/sct" />
            <code value="900000000000003001" />
          </use>
          <value value="Legionella longbeachae (organism)" />
        </designation>
        <designation>
          <language value="de-DE" />
          <value value="Legionella longbeachae" />
        </designation>
      </concept>
      <concept>
        <extension url="http://hl7.org/fhir/StructureDefinition/valueset-conceptOrder">
          <valueInteger value="0" />
        </extension>
        <code value="89709001" />
        <display value="Legionella jamestowniensis (organism)" />
        <designation>
          <language value="en-US" />
          <use>
            <system value="http://snomed.info/sct" />
            <code value="900000000000003001" />
          </use>
          <value value="Legionella jamestowniensis (organism)" />
        </designation>
        <designation>
          <language value="de-DE" />
          <value value="Legionella jamestowniensis" />
        </designation>
      </concept>
      <concept>
        <extension url="http://hl7.org/fhir/StructureDefinition/valueset-conceptOrder">
          <valueInteger value="0" />
        </extension>
        <code value="937671351000087109" />
        <display value="Legionella feeleii Serogroup 1 (organism)" />
        <designation>
          <language value="en-US" />
          <use>
            <system value="http://snomed.info/sct" />
            <code value="900000000000003001" />
          </use>
          <value value="Legionella feeleii Serogroup 1 (organism)" />
        </designation>
        <designation>
          <language value="de-DE" />
          <value value="Legionella feeleii, Serogruppe 1" />
        </designation>
      </concept>
      <concept>
        <extension url="http://hl7.org/fhir/StructureDefinition/valueset-conceptOrder">
          <valueInteger value="0" />
        </extension>
        <code value="998010041000087101" />
        <display value="Legionella hackeliae serogroup 2 (organism)" />
        <designation>
          <language value="en-US" />
          <use>
            <system value="http://snomed.info/sct" />
            <code value="900000000000003001" />
          </use>
          <value value="Legionella hackeliae serogroup 2 (organism)" />
        </designation>
        <designation>
          <language value="de-DE" />
          <value value="Legionella hackeliae, Serogruppe 2" />
        </designation>
      </concept>
    </include>
    <include>
      <valueSet value="https://demis.rki.de/fhir/ValueSet/answerSetLaboratoryTest-SNOMED" />
    </include>
    <include>
      <valueSet value="https://demis.rki.de/fhir/ValueSet/answerSetResistance-SNOMED" />
    </include>
  </compose>
</ValueSet>