<?xml version="1.0" encoding="utf-8"?>
<ValueSet xmlns="http://hl7.org/fhir">
  <id value="answerSetNOVP" />
  <url value="https://demis.rki.de/fhir/ValueSet/answerSetNOVP" />
  <version value="1.4.1" />
  <name value="AnswerSetNOVP" />
  <title value="AnswerSet für Norovirus" />
  <status value="active" />
  <experimental value="false" />
  <date value="2025-02-25" />
  <publisher value="Robert Koch-Institut" />
  <description value="Das ValueSet AnswerSetNOVP enthält die Codes der Answer-Codes für Norovirus." />
  <copyright value="This material includes SNOMED Clinical Terms® (SNOMED CT®) which is used by permission of the International Health Terminology Standards Development Organisation (IHTSDO). All rights reserved. SNOMED CT®, was originally created by The College of American Pathologists. “SNOMED” and “SNOMED CT” are registered trademarks of the IHTSDO.&#xD;&#xA;&#xD;&#xA;Dieses Material enthält SNOMED Clinical Terms® (SNOMED CT®), die mit Genehmigung der International Health Terminology Standards Development Organisation (IHTSDO) verwendet werden. Alle Rechte vorbehalten. SNOMED CT® wurde ursprünglich vom College of American Pathologists entwickelt. &quot;SNOMED&quot; und &quot;SNOMED CT&quot; sind eingetragene Warenzeichen der IHTSDO.&#xD;&#xA;&#xD;&#xA;Downloadbedingungen für SNOMED-CT&#xD;&#xA;&#xD;&#xA;Enthält durch SNOMED International urheberrechtlich geschützte Information. Jede Verwendung von SNOMED CT in Deutschland erfordert eine vollgültige Affiliate Lizenz oder eine Sublizenz. Die entsprechende Lizenz ist kostenlos, vorausgesetzt die Verwendung findet nur in Deutschland statt und erfüllt die Bedingungen des Affiliate License Agreements. Affiliate Lizenzen können über das Mitglieder-Lizenzierungs- und Distributions-Service (MLDS) direkt beim jeweiligen NRC beantragt werden. https://mlds.ihtsdotools.org/#/landing/DE?lang=de&#xD;&#xA;&#xD;&#xA;Contains information protected by copyright of SNOMED International. Any use of SNOMED CT in Austria requires a valid affiliate license or sublicense. The corresponding license is free of charge, provided that the use only takes place in Austria and fulfills the conditions of the Affiliate License Agreement. Affiliate licenses can be requested directly from the respective NRC via the Member Licensing and Distribution Service (MLDS). ttps://mlds.ihtsdotools.org/#/landing/DE?lang=de" />
  <compose>
    <include>
      <system value="http://snomed.info/sct" />
      <version value="http://snomed.info/sct/11000274103/version/20241115" />
      <concept>
        <extension url="http://hl7.org/fhir/StructureDefinition/valueset-conceptOrder">
          <valueInteger value="1" />
        </extension>
        <code value="347362891000087107" />
        <display value="Norovirus genogroup II (organism)" />
        <designation>
          <language value="en-US" />
          <use>
            <system value="http://snomed.info/sct" />
            <code value="900000000000003001" />
          </use>
          <value value="Norovirus genogroup II (organism)" />
        </designation>
        <designation>
          <language value="de-DE" />
          <value value="Norovirus, Genogruppe II" />
        </designation>
      </concept>
      <concept>
        <extension url="http://hl7.org/fhir/StructureDefinition/valueset-conceptOrder">
          <valueInteger value="100" />
        </extension>
        <code value="407359000" />
        <display value="Genus Norovirus (organism)" />
        <designation>
          <language value="en-US" />
          <use>
            <system value="http://snomed.info/sct" />
            <code value="900000000000003001" />
          </use>
          <value value="Genus Norovirus (organism)" />
        </designation>
        <designation>
          <language value="de-DE" />
          <value value="Gattung Norovirus" />
        </designation>
      </concept>
      <concept>
        <extension url="http://hl7.org/fhir/StructureDefinition/valueset-conceptOrder">
          <valueInteger value="1" />
        </extension>
        <code value="909640571000087107" />
        <display value="Norovirus GIV (organism)" />
        <designation>
          <language value="en-US" />
          <use>
            <system value="http://snomed.info/sct" />
            <code value="900000000000003001" />
          </use>
          <value value="Norovirus GIV (organism)" />
        </designation>
        <designation>
          <language value="de-DE" />
          <value value="Norovirus GIV" />
        </designation>
      </concept>
      <concept>
        <extension url="http://hl7.org/fhir/StructureDefinition/valueset-conceptOrder">
          <valueInteger value="1" />
        </extension>
        <code value="919722731000087109" />
        <display value="Norovirus genogroup I (organism)" />
        <designation>
          <language value="en-US" />
          <use>
            <system value="http://snomed.info/sct" />
            <code value="900000000000003001" />
          </use>
          <value value="Norovirus genogroup I (organism)" />
        </designation>
        <designation>
          <language value="de-DE" />
          <value value="Norovirus, Genogruppe I" />
        </designation>
      </concept>
    </include>
    <include>
      <valueSet value="https://demis.rki.de/fhir/ValueSet/answerSetLaboratoryTest-SNOMED" />
    </include>
    <include>
      <valueSet value="https://demis.rki.de/fhir/ValueSet/answerSetResistance-SNOMED" />
    </include>
  </compose>
</ValueSet>