<?xml version="1.0" encoding="utf-8"?>
<ValueSet xmlns="http://hl7.org/fhir">
  <id value="answerSetHCVP" />
  <url value="https://demis.rki.de/fhir/ValueSet/answerSetHCVP" />
  <version value="1.5.1" />
  <name value="AnswerSetHCVP" />
  <title value="AnswerSet für Hepatitis-C-Virus; Meldepflicht für alle Nachweise" />
  <status value="active" />
  <experimental value="false" />
  <date value="2025-02-25" />
  <publisher value="Robert Koch-Institut" />
  <description value="Das ValueSet AnswerSetHCVP enthält die Codes der Answer-Codes für Hepatitis-C-Virus; Meldepflicht für alle Nachweise." />
  <copyright value="This material includes SNOMED Clinical Terms® (SNOMED CT®) which is used by permission of the International Health Terminology Standards Development Organisation (IHTSDO). All rights reserved. SNOMED CT®, was originally created by The College of American Pathologists. “SNOMED” and “SNOMED CT” are registered trademarks of the IHTSDO.&#xD;&#xA;&#xD;&#xA;Dieses Material enthält SNOMED Clinical Terms® (SNOMED CT®), die mit Genehmigung der International Health Terminology Standards Development Organisation (IHTSDO) verwendet werden. Alle Rechte vorbehalten. SNOMED CT® wurde ursprünglich vom College of American Pathologists entwickelt. &quot;SNOMED&quot; und &quot;SNOMED CT&quot; sind eingetragene Warenzeichen der IHTSDO.&#xD;&#xA;&#xD;&#xA;Downloadbedingungen für SNOMED-CT&#xD;&#xA;&#xD;&#xA;Enthält durch SNOMED International urheberrechtlich geschützte Information. Jede Verwendung von SNOMED CT in Deutschland erfordert eine vollgültige Affiliate Lizenz oder eine Sublizenz. Die entsprechende Lizenz ist kostenlos, vorausgesetzt die Verwendung findet nur in Deutschland statt und erfüllt die Bedingungen des Affiliate License Agreements. Affiliate Lizenzen können über das Mitglieder-Lizenzierungs- und Distributions-Service (MLDS) direkt beim jeweiligen NRC beantragt werden. https://mlds.ihtsdotools.org/#/landing/DE?lang=de&#xD;&#xA;&#xD;&#xA;Contains information protected by copyright of SNOMED International. Any use of SNOMED CT in Austria requires a valid affiliate license or sublicense. The corresponding license is free of charge, provided that the use only takes place in Austria and fulfills the conditions of the Affiliate License Agreement. Affiliate licenses can be requested directly from the respective NRC via the Member Licensing and Distribution Service (MLDS). ttps://mlds.ihtsdotools.org/#/landing/DE?lang=de" />
  <compose>
    <include>
      <system value="http://snomed.info/sct" />
      <version value="http://snomed.info/sct/11000274103/version/20241115" />
      <concept>
        <extension url="http://hl7.org/fhir/StructureDefinition/valueset-conceptOrder">
          <valueInteger value="1" />
        </extension>
        <code value="603413005" />
        <display value="Hepatitis C virus subtype 1a (organism)" />
        <designation>
          <language value="en-US" />
          <use>
            <system value="http://snomed.info/sct" />
            <code value="900000000000003001" />
          </use>
          <value value="Hepatitis C virus subtype 1a (organism)" />
        </designation>
        <designation>
          <language value="de-DE" />
          <value value="Hepatitis-C-Virus, Subtyp 1a" />
        </designation>
      </concept>
      <concept>
        <extension url="http://hl7.org/fhir/StructureDefinition/valueset-conceptOrder">
          <valueInteger value="1" />
        </extension>
        <code value="603414004" />
        <display value="Hepatitis C virus subtype 1b (organism)" />
        <designation>
          <language value="en-US" />
          <use>
            <system value="http://snomed.info/sct" />
            <code value="900000000000003001" />
          </use>
          <value value="Hepatitis C virus subtype 1b (organism)" />
        </designation>
        <designation>
          <language value="de-DE" />
          <value value="Hepatitis-C-Virus, Subtyp 1b" />
        </designation>
      </concept>
      <concept>
        <extension url="http://hl7.org/fhir/StructureDefinition/valueset-conceptOrder">
          <valueInteger value="1" />
        </extension>
        <code value="603415003" />
        <display value="Hepatitis C virus subtype 2a (organism)" />
        <designation>
          <language value="en-US" />
          <use>
            <system value="http://snomed.info/sct" />
            <code value="900000000000003001" />
          </use>
          <value value="Hepatitis C virus subtype 2a (organism)" />
        </designation>
        <designation>
          <language value="de-DE" />
          <value value="Hepatitis-C-Virus, Subtyp 2a" />
        </designation>
      </concept>
      <concept>
        <extension url="http://hl7.org/fhir/StructureDefinition/valueset-conceptOrder">
          <valueInteger value="1" />
        </extension>
        <code value="603416002" />
        <display value="Hepatitis C virus subtype 2b (organism)" />
        <designation>
          <language value="en-US" />
          <use>
            <system value="http://snomed.info/sct" />
            <code value="900000000000003001" />
          </use>
          <value value="Hepatitis C virus subtype 2b (organism)" />
        </designation>
        <designation>
          <language value="de-DE" />
          <value value="Hepatitis-C-Virus, Subtyp 2b" />
        </designation>
      </concept>
      <concept>
        <extension url="http://hl7.org/fhir/StructureDefinition/valueset-conceptOrder">
          <valueInteger value="1" />
        </extension>
        <code value="603417006" />
        <display value="Hepatitis C virus subtype 3a (organism)" />
        <designation>
          <language value="en-US" />
          <use>
            <system value="http://snomed.info/sct" />
            <code value="900000000000003001" />
          </use>
          <value value="Hepatitis C virus subtype 3a (organism)" />
        </designation>
        <designation>
          <language value="de-DE" />
          <value value="Hepatitis-C-Virus, Subtyp 3a" />
        </designation>
      </concept>
      <concept>
        <extension url="http://hl7.org/fhir/StructureDefinition/valueset-conceptOrder">
          <valueInteger value="1" />
        </extension>
        <code value="603418001" />
        <display value="Hepatitis C virus subtype 3b (organism)" />
        <designation>
          <language value="en-US" />
          <use>
            <system value="http://snomed.info/sct" />
            <code value="900000000000003001" />
          </use>
          <value value="Hepatitis C virus subtype 3b (organism)" />
        </designation>
        <designation>
          <language value="de-DE" />
          <value value="Hepatitis-C-Virus, Subtyp 3b" />
        </designation>
      </concept>
      <concept>
        <extension url="http://hl7.org/fhir/StructureDefinition/valueset-conceptOrder">
          <valueInteger value="1" />
        </extension>
        <code value="603419009" />
        <display value="Hepatitis C virus subtype 5a (organism)" />
        <designation>
          <language value="en-US" />
          <use>
            <system value="http://snomed.info/sct" />
            <code value="900000000000003001" />
          </use>
          <value value="Hepatitis C virus subtype 5a (organism)" />
        </designation>
        <designation>
          <language value="de-DE" />
          <value value="Hepatitis-C-Virus, Subtyp 5a" />
        </designation>
      </concept>
      <concept>
        <extension url="http://hl7.org/fhir/StructureDefinition/valueset-conceptOrder">
          <valueInteger value="1" />
        </extension>
        <code value="603420003" />
        <display value="Hepatitis C virus subtype 6a (organism)" />
        <designation>
          <language value="en-US" />
          <use>
            <system value="http://snomed.info/sct" />
            <code value="900000000000003001" />
          </use>
          <value value="Hepatitis C virus subtype 6a (organism)" />
        </designation>
        <designation>
          <language value="de-DE" />
          <value value="Hepatitis-C-Virus, Subtyp 6a" />
        </designation>
      </concept>
      <concept>
        <extension url="http://hl7.org/fhir/StructureDefinition/valueset-conceptOrder">
          <valueInteger value="1" />
        </extension>
        <code value="603421004" />
        <display value="Hepatitis C virus subtype 4a (organism)" />
        <designation>
          <language value="en-US" />
          <use>
            <system value="http://snomed.info/sct" />
            <code value="900000000000003001" />
          </use>
          <value value="Hepatitis C virus subtype 4a (organism)" />
        </designation>
        <designation>
          <language value="de-DE" />
          <value value="Hepatitis-C-Virus, Subtyp 4a" />
        </designation>
      </concept>
      <concept>
        <extension url="http://hl7.org/fhir/StructureDefinition/valueset-conceptOrder">
          <valueInteger value="1" />
        </extension>
        <code value="603422006" />
        <display value="Hepatitis C virus genotype 1 (organism)" />
        <designation>
          <language value="en-US" />
          <use>
            <system value="http://snomed.info/sct" />
            <code value="900000000000003001" />
          </use>
          <value value="Hepatitis C virus genotype 1 (organism)" />
        </designation>
        <designation>
          <language value="de-DE" />
          <value value="Hepatitis-C-Virus, Genotyp 1" />
        </designation>
      </concept>
      <concept>
        <extension url="http://hl7.org/fhir/StructureDefinition/valueset-conceptOrder">
          <valueInteger value="1" />
        </extension>
        <code value="603423001" />
        <display value="Hepatitis C virus genotype 2 (organism)" />
        <designation>
          <language value="en-US" />
          <use>
            <system value="http://snomed.info/sct" />
            <code value="900000000000003001" />
          </use>
          <value value="Hepatitis C virus genotype 2 (organism)" />
        </designation>
        <designation>
          <language value="de-DE" />
          <value value="Hepatitis-C-Virus, Genotyp 2" />
        </designation>
      </concept>
      <concept>
        <extension url="http://hl7.org/fhir/StructureDefinition/valueset-conceptOrder">
          <valueInteger value="1" />
        </extension>
        <code value="603424007" />
        <display value="Hepatitis C virus genotype 3 (organism)" />
        <designation>
          <language value="en-US" />
          <use>
            <system value="http://snomed.info/sct" />
            <code value="900000000000003001" />
          </use>
          <value value="Hepatitis C virus genotype 3 (organism)" />
        </designation>
        <designation>
          <language value="de-DE" />
          <value value="Hepatitis-C-Virus, Genotyp 3" />
        </designation>
      </concept>
      <concept>
        <extension url="http://hl7.org/fhir/StructureDefinition/valueset-conceptOrder">
          <valueInteger value="1" />
        </extension>
        <code value="603425008" />
        <display value="Hepatitis C virus genotype 4 (organism)" />
        <designation>
          <language value="en-US" />
          <use>
            <system value="http://snomed.info/sct" />
            <code value="900000000000003001" />
          </use>
          <value value="Hepatitis C virus genotype 4 (organism)" />
        </designation>
        <designation>
          <language value="de-DE" />
          <value value="Hepatitis-C-Virus, Genotyp 4" />
        </designation>
      </concept>
      <concept>
        <extension url="http://hl7.org/fhir/StructureDefinition/valueset-conceptOrder">
          <valueInteger value="1" />
        </extension>
        <code value="603426009" />
        <display value="Hepatitis C virus genotype 5 (organism)" />
        <designation>
          <language value="en-US" />
          <use>
            <system value="http://snomed.info/sct" />
            <code value="900000000000003001" />
          </use>
          <value value="Hepatitis C virus genotype 5 (organism)" />
        </designation>
        <designation>
          <language value="de-DE" />
          <value value="Hepatitis-C-Virus, Genotyp 5" />
        </designation>
      </concept>
      <concept>
        <extension url="http://hl7.org/fhir/StructureDefinition/valueset-conceptOrder">
          <valueInteger value="1" />
        </extension>
        <code value="603427000" />
        <display value="Hepatitis C virus genotype 6 (organism)" />
        <designation>
          <language value="en-US" />
          <use>
            <system value="http://snomed.info/sct" />
            <code value="900000000000003001" />
          </use>
          <value value="Hepatitis C virus genotype 6 (organism)" />
        </designation>
        <designation>
          <language value="de-DE" />
          <value value="Hepatitis-C-Virus, Genotyp 6" />
        </designation>
      </concept>
      <concept>
        <extension url="http://hl7.org/fhir/StructureDefinition/valueset-conceptOrder">
          <valueInteger value="1" />
        </extension>
        <code value="603428005" />
        <display value="Hepatitis C virus subtype 1c (organism)" />
        <designation>
          <language value="en-US" />
          <use>
            <system value="http://snomed.info/sct" />
            <code value="900000000000003001" />
          </use>
          <value value="Hepatitis C virus subtype 1c (organism)" />
        </designation>
        <designation>
          <language value="de-DE" />
          <value value="Hepatitis-C-Virus, Subtyp 1c" />
        </designation>
      </concept>
      <concept>
        <extension url="http://hl7.org/fhir/StructureDefinition/valueset-conceptOrder">
          <valueInteger value="1" />
        </extension>
        <code value="603429002" />
        <display value="Hepatitis C virus subtype 2c (organism)" />
        <designation>
          <language value="en-US" />
          <use>
            <system value="http://snomed.info/sct" />
            <code value="900000000000003001" />
          </use>
          <value value="Hepatitis C virus subtype 2c (organism)" />
        </designation>
        <designation>
          <language value="de-DE" />
          <value value="Hepatitis-C-Virus, Subtyp 2c" />
        </designation>
      </concept>
      <concept>
        <extension url="http://hl7.org/fhir/StructureDefinition/valueset-conceptOrder">
          <valueInteger value="1" />
        </extension>
        <code value="603430007" />
        <display value="Hepatitis C virus subtype 4b (organism)" />
        <designation>
          <language value="en-US" />
          <use>
            <system value="http://snomed.info/sct" />
            <code value="900000000000003001" />
          </use>
          <value value="Hepatitis C virus subtype 4b (organism)" />
        </designation>
        <designation>
          <language value="de-DE" />
          <value value="Hepatitis-C-Virus, Subtyp 4b" />
        </designation>
      </concept>
      <concept>
        <extension url="http://hl7.org/fhir/StructureDefinition/valueset-conceptOrder">
          <valueInteger value="1" />
        </extension>
        <code value="603431006" />
        <display value="Hepatitis C virus subtype 4c (organism)" />
        <designation>
          <language value="en-US" />
          <use>
            <system value="http://snomed.info/sct" />
            <code value="900000000000003001" />
          </use>
          <value value="Hepatitis C virus subtype 4c (organism)" />
        </designation>
        <designation>
          <language value="de-DE" />
          <value value="Hepatitis-C-Virus, Subtyp 4c" />
        </designation>
      </concept>
      <concept>
        <extension url="http://hl7.org/fhir/StructureDefinition/valueset-conceptOrder">
          <valueInteger value="1" />
        </extension>
        <code value="603432004" />
        <display value="Hepatitis C virus subtype 4d (organism)" />
        <designation>
          <language value="en-US" />
          <use>
            <system value="http://snomed.info/sct" />
            <code value="900000000000003001" />
          </use>
          <value value="Hepatitis C virus subtype 4d (organism)" />
        </designation>
        <designation>
          <language value="de-DE" />
          <value value="Hepatitis-C-Virus, Subtyp 4d" />
        </designation>
      </concept>
      <concept>
        <extension url="http://hl7.org/fhir/StructureDefinition/valueset-conceptOrder">
          <valueInteger value="1" />
        </extension>
        <code value="603433009" />
        <display value="Hepatitis C virus subtype 4e (organism)" />
        <designation>
          <language value="en-US" />
          <use>
            <system value="http://snomed.info/sct" />
            <code value="900000000000003001" />
          </use>
          <value value="Hepatitis C virus subtype 4e (organism)" />
        </designation>
        <designation>
          <language value="de-DE" />
          <value value="Hepatitis-C-Virus, Subtyp 4e" />
        </designation>
      </concept>
      <concept>
        <extension url="http://hl7.org/fhir/StructureDefinition/valueset-conceptOrder">
          <valueInteger value="90" />
        </extension>
        <code value="62944002" />
        <display value="Hepatitis C virus (organism)" />
        <designation>
          <language value="en-US" />
          <use>
            <system value="http://snomed.info/sct" />
            <code value="900000000000003001" />
          </use>
          <value value="Hepatitis C virus (organism)" />
        </designation>
        <designation>
          <language value="de-DE" />
          <value value="Hepatitis-C-Virus" />
        </designation>
      </concept>
      <concept>
        <extension url="http://hl7.org/fhir/StructureDefinition/valueset-conceptOrder">
          <valueInteger value="1" />
        </extension>
        <code value="781245007" />
        <display value="Hepatitis C virus genotype 4h (organism)" />
        <designation>
          <language value="en-US" />
          <use>
            <system value="http://snomed.info/sct" />
            <code value="900000000000003001" />
          </use>
          <value value="Hepatitis C virus genotype 4h (organism)" />
        </designation>
        <designation>
          <language value="de-DE" />
          <value value="Hepatitis-C-Virus, Genotyp 4h" />
        </designation>
      </concept>
      <concept>
        <extension url="http://hl7.org/fhir/StructureDefinition/valueset-conceptOrder">
          <valueInteger value="1" />
        </extension>
        <code value="781276001" />
        <display value="Hepatitis C virus genotype 3c (organism)" />
        <designation>
          <language value="en-US" />
          <use>
            <system value="http://snomed.info/sct" />
            <code value="900000000000003001" />
          </use>
          <value value="Hepatitis C virus genotype 3c (organism)" />
        </designation>
        <designation>
          <language value="de-DE" />
          <value value="Hepatitis-C-Virus, Genotyp 3c" />
        </designation>
      </concept>
    </include>
    <include>
      <valueSet value="https://demis.rki.de/fhir/ValueSet/substanceHCVP" />
    </include>
    <include>
      <valueSet value="https://demis.rki.de/fhir/ValueSet/answerSetLaboratoryTest-SNOMED" />
    </include>
    <include>
      <valueSet value="https://demis.rki.de/fhir/ValueSet/answerSetResistance-SNOMED" />
    </include>
  </compose>
</ValueSet>