<?xml version="1.0" encoding="utf-8"?>
<ValueSet xmlns="http://hl7.org/fhir">
  <id value="answerSetINVP" />
  <url value="https://demis.rki.de/fhir/ValueSet/answerSetINVP" />
  <version value="1.5.1" />
  <name value="AnswerSetINVP" />
  <title value="AnswerSet für Influenzavirus; Meldepflicht nur für den direkten Nachweis" />
  <status value="active" />
  <experimental value="false" />
  <date value="2025-02-25" />
  <publisher value="Robert Koch-Institut" />
  <description value="Das ValueSet AnswerSetINVP enthält die Codes der Answer-Codes für Influenzavirus; Meldepflicht nur für den direkten Nachweis." />
  <copyright value="This material includes SNOMED Clinical Terms® (SNOMED CT®) which is used by permission of the International Health Terminology Standards Development Organisation (IHTSDO). All rights reserved. SNOMED CT®, was originally created by The College of American Pathologists. “SNOMED” and “SNOMED CT” are registered trademarks of the IHTSDO.&#xD;&#xA;&#xD;&#xA;Dieses Material enthält SNOMED Clinical Terms® (SNOMED CT®), die mit Genehmigung der International Health Terminology Standards Development Organisation (IHTSDO) verwendet werden. Alle Rechte vorbehalten. SNOMED CT® wurde ursprünglich vom College of American Pathologists entwickelt. &quot;SNOMED&quot; und &quot;SNOMED CT&quot; sind eingetragene Warenzeichen der IHTSDO.&#xD;&#xA;&#xD;&#xA;Downloadbedingungen für SNOMED-CT&#xD;&#xA;&#xD;&#xA;Enthält durch SNOMED International urheberrechtlich geschützte Information. Jede Verwendung von SNOMED CT in Deutschland erfordert eine vollgültige Affiliate Lizenz oder eine Sublizenz. Die entsprechende Lizenz ist kostenlos, vorausgesetzt die Verwendung findet nur in Deutschland statt und erfüllt die Bedingungen des Affiliate License Agreements. Affiliate Lizenzen können über das Mitglieder-Lizenzierungs- und Distributions-Service (MLDS) direkt beim jeweiligen NRC beantragt werden. https://mlds.ihtsdotools.org/#/landing/DE?lang=de&#xD;&#xA;&#xD;&#xA;Contains information protected by copyright of SNOMED International. Any use of SNOMED CT in Austria requires a valid affiliate license or sublicense. The corresponding license is free of charge, provided that the use only takes place in Austria and fulfills the conditions of the Affiliate License Agreement. Affiliate licenses can be requested directly from the respective NRC via the Member Licensing and Distribution Service (MLDS). ttps://mlds.ihtsdotools.org/#/landing/DE?lang=de" />
  <compose>
    <include>
      <system value="http://snomed.info/sct" />
      <version value="http://snomed.info/sct/11000274103/version/20241115" />
      <concept>
        <extension url="http://hl7.org/fhir/StructureDefinition/valueset-conceptOrder">
          <valueInteger value="1" />
        </extension>
        <code value="407479009" />
        <display value="Influenza A virus (organism)" />
        <designation>
          <language value="en-US" />
          <use>
            <system value="http://snomed.info/sct" />
            <code value="900000000000003001" />
          </use>
          <value value="Influenza A virus (organism)" />
        </designation>
        <designation>
          <language value="de-DE" />
          <value value="Influenza A-Virus" />
        </designation>
      </concept>
      <concept>
        <extension url="http://hl7.org/fhir/StructureDefinition/valueset-conceptOrder">
          <valueInteger value="1" />
        </extension>
        <code value="407480007" />
        <display value="Influenza B virus (organism)" />
        <designation>
          <language value="en-US" />
          <use>
            <system value="http://snomed.info/sct" />
            <code value="900000000000003001" />
          </use>
          <value value="Influenza B virus (organism)" />
        </designation>
        <designation>
          <language value="de-DE" />
          <value value="Influenza B-Virus" />
        </designation>
      </concept>
      <concept>
        <extension url="http://hl7.org/fhir/StructureDefinition/valueset-conceptOrder">
          <valueInteger value="1" />
        </extension>
        <code value="407482004" />
        <display value="Influenza C virus (organism)" />
        <designation>
          <language value="en-US" />
          <use>
            <system value="http://snomed.info/sct" />
            <code value="900000000000003001" />
          </use>
          <value value="Influenza C virus (organism)" />
        </designation>
        <designation>
          <language value="de-DE" />
          <value value="Influenza C-Virus" />
        </designation>
      </concept>
      <concept>
        <extension url="http://hl7.org/fhir/StructureDefinition/valueset-conceptOrder">
          <valueInteger value="1" />
        </extension>
        <code value="426959005" />
        <display value="Influenza B virus Yamagata lineage (organism)" />
        <designation>
          <language value="en-US" />
          <use>
            <system value="http://snomed.info/sct" />
            <code value="900000000000003001" />
          </use>
          <value value="Influenza B virus Yamagata lineage (organism)" />
        </designation>
        <designation>
          <language value="de-DE" />
          <value value="Influenza B-Virus, Yamagata-Abstammung" />
        </designation>
      </concept>
      <concept>
        <extension url="http://hl7.org/fhir/StructureDefinition/valueset-conceptOrder">
          <valueInteger value="1" />
        </extension>
        <code value="427672003" />
        <display value="Influenza B virus Victoria lineage (organism)" />
        <designation>
          <language value="en-US" />
          <use>
            <system value="http://snomed.info/sct" />
            <code value="900000000000003001" />
          </use>
          <value value="Influenza B virus Victoria lineage (organism)" />
        </designation>
        <designation>
          <language value="de-DE" />
          <value value="Influenza B-Virus, Victoria-Abstammung" />
        </designation>
      </concept>
      <concept>
        <extension url="http://hl7.org/fhir/StructureDefinition/valueset-conceptOrder">
          <valueInteger value="1" />
        </extension>
        <code value="442352004" />
        <display value="Influenza A virus subtype H1N1 (organism)" />
        <designation>
          <language value="en-US" />
          <use>
            <system value="http://snomed.info/sct" />
            <code value="900000000000003001" />
          </use>
          <value value="Influenza A virus subtype H1N1 (organism)" />
        </designation>
        <designation>
          <language value="de-DE" />
          <value value="Influenza A-Virus, Subtyp H1N1" />
        </designation>
      </concept>
      <concept>
        <extension url="http://hl7.org/fhir/StructureDefinition/valueset-conceptOrder">
          <valueInteger value="1" />
        </extension>
        <code value="446646008" />
        <display value="Influenza A virus subtype H3N2 (organism)" />
        <designation>
          <language value="en-US" />
          <use>
            <system value="http://snomed.info/sct" />
            <code value="900000000000003001" />
          </use>
          <value value="Influenza A virus subtype H3N2 (organism)" />
        </designation>
        <designation>
          <language value="de-DE" />
          <value value="Influenza A-Virus, Subtyp H3N2" />
        </designation>
      </concept>
      <concept>
        <extension url="http://hl7.org/fhir/StructureDefinition/valueset-conceptOrder">
          <valueInteger value="1" />
        </extension>
        <code value="448325003" />
        <display value="Influenza A virus subtype H9N2 (organism)" />
        <designation>
          <language value="en-US" />
          <use>
            <system value="http://snomed.info/sct" />
            <code value="900000000000003001" />
          </use>
          <value value="Influenza A virus subtype H9N2 (organism)" />
        </designation>
        <designation>
          <language value="de-DE" />
          <value value="Influenza A-Virus, Subtyp H9N2" />
        </designation>
      </concept>
      <concept>
        <extension url="http://hl7.org/fhir/StructureDefinition/valueset-conceptOrder">
          <valueInteger value="1" />
        </extension>
        <code value="449024000" />
        <display value="Pandemic Influenza A (H1N1) 2009 (organism)" />
        <designation>
          <language value="en-US" />
          <use>
            <system value="http://snomed.info/sct" />
            <code value="900000000000003001" />
          </use>
          <value value="Pandemic Influenza A (H1N1) 2009 (organism)" />
        </designation>
        <designation>
          <language value="de-DE" />
          <value value="Pandemic influenza A (H1N1) 2009" />
        </designation>
      </concept>
      <concept>
        <extension url="http://hl7.org/fhir/StructureDefinition/valueset-conceptOrder">
          <valueInteger value="1" />
        </extension>
        <code value="450480003" />
        <display value="Influenza A virus subtype H3N2v (organism)" />
        <designation>
          <language value="en-US" />
          <use>
            <system value="http://snomed.info/sct" />
            <code value="900000000000003001" />
          </use>
          <value value="Influenza A virus subtype H3N2v (organism)" />
        </designation>
        <designation>
          <language value="de-DE" />
          <value value="Influenza A-Virus, Subtyp H3N2v" />
        </designation>
      </concept>
      <concept>
        <extension url="http://hl7.org/fhir/StructureDefinition/valueset-conceptOrder">
          <valueInteger value="1" />
        </extension>
        <code value="609444009" />
        <display value="Influenza A virus subtype H7N9 (organism)" />
        <designation>
          <language value="en-US" />
          <use>
            <system value="http://snomed.info/sct" />
            <code value="900000000000003001" />
          </use>
          <value value="Influenza A virus subtype H7N9 (organism)" />
        </designation>
        <designation>
          <language value="de-DE" />
          <value value="Influenza A-Virus, Subtyp H7N9" />
        </designation>
      </concept>
      <concept>
        <extension url="http://hl7.org/fhir/StructureDefinition/valueset-conceptOrder">
          <valueInteger value="1" />
        </extension>
        <code value="700350009" />
        <display value="Influenza A virus subtype H10N8 (organism)" />
        <designation>
          <language value="en-US" />
          <use>
            <system value="http://snomed.info/sct" />
            <code value="900000000000003001" />
          </use>
          <value value="Influenza A virus subtype H10N8 (organism)" />
        </designation>
        <designation>
          <language value="de-DE" />
          <value value="Influenza A-Virus, Subtyp H10N8" />
        </designation>
      </concept>
      <concept>
        <extension url="http://hl7.org/fhir/StructureDefinition/valueset-conceptOrder">
          <valueInteger value="0" />
        </extension>
        <code value="708527000" />
        <display value="Influenza A virus subtype H5N8 (organism)" />
        <designation>
          <language value="en-US" />
          <use>
            <system value="http://snomed.info/sct" />
            <code value="900000000000003001" />
          </use>
          <value value="Influenza A virus subtype H5N8 (organism)" />
        </designation>
        <designation>
          <language value="de-DE" />
          <value value="Influenza A-Virus, Subtyp H5N8" />
        </designation>
      </concept>
      <concept>
        <extension url="http://hl7.org/fhir/StructureDefinition/valueset-conceptOrder">
          <valueInteger value="0" />
        </extension>
        <code value="715346008" />
        <display value="Influenza A virus subtype H7N7 (organism)" />
        <designation>
          <language value="en-US" />
          <use>
            <system value="http://snomed.info/sct" />
            <code value="900000000000003001" />
          </use>
          <value value="Influenza A virus subtype H7N7 (organism)" />
        </designation>
        <designation>
          <language value="de-DE" />
          <value value="Influenza A-Virus, Subtyp H7N7" />
        </designation>
      </concept>
      <concept>
        <extension url="http://hl7.org/fhir/StructureDefinition/valueset-conceptOrder">
          <valueInteger value="0" />
        </extension>
        <code value="715347004" />
        <display value="Influenza A virus subtype H7N3 (organism)" />
        <designation>
          <language value="en-US" />
          <use>
            <system value="http://snomed.info/sct" />
            <code value="900000000000003001" />
          </use>
          <value value="Influenza A virus subtype H7N3 (organism)" />
        </designation>
        <designation>
          <language value="de-DE" />
          <value value="Influenza A-Virus, Subtyp H7N3" />
        </designation>
      </concept>
      <concept>
        <extension url="http://hl7.org/fhir/StructureDefinition/valueset-conceptOrder">
          <valueInteger value="0" />
        </extension>
        <code value="715348009" />
        <display value="Influenza A virus subtype H7N2 (organism)" />
        <designation>
          <language value="en-US" />
          <use>
            <system value="http://snomed.info/sct" />
            <code value="900000000000003001" />
          </use>
          <value value="Influenza A virus subtype H7N2 (organism)" />
        </designation>
        <designation>
          <language value="de-DE" />
          <value value="Influenza A-Virus, Subtyp H7N2" />
        </designation>
      </concept>
      <concept>
        <extension url="http://hl7.org/fhir/StructureDefinition/valueset-conceptOrder">
          <valueInteger value="0" />
        </extension>
        <code value="715349001" />
        <display value="Influenza A virus subtype H2N2 (organism)" />
        <designation>
          <language value="en-US" />
          <use>
            <system value="http://snomed.info/sct" />
            <code value="900000000000003001" />
          </use>
          <value value="Influenza A virus subtype H2N2 (organism)" />
        </designation>
        <designation>
          <language value="de-DE" />
          <value value="Influenza A-Virus, Subtyp H2N2" />
        </designation>
      </concept>
      <concept>
        <extension url="http://hl7.org/fhir/StructureDefinition/valueset-conceptOrder">
          <valueInteger value="0" />
        </extension>
        <code value="715350001" />
        <display value="Influenza A virus subtype H10N7 (organism)" />
        <designation>
          <language value="en-US" />
          <use>
            <system value="http://snomed.info/sct" />
            <code value="900000000000003001" />
          </use>
          <value value="Influenza A virus subtype H10N7 (organism)" />
        </designation>
        <designation>
          <language value="de-DE" />
          <value value="Influenza A-Virus, Subtyp H10N7" />
        </designation>
      </concept>
      <concept>
        <extension url="http://hl7.org/fhir/StructureDefinition/valueset-conceptOrder">
          <valueInteger value="100" />
        </extension>
        <code value="725894000" />
        <display value="Influenza virus (organism)" />
        <designation>
          <language value="en-US" />
          <use>
            <system value="http://snomed.info/sct" />
            <code value="900000000000003001" />
          </use>
          <value value="Influenza virus (organism)" />
        </designation>
        <designation>
          <language value="de-DE" />
          <value value="Influenza-Virus" />
        </designation>
      </concept>
      <concept>
        <extension url="http://hl7.org/fhir/StructureDefinition/valueset-conceptOrder">
          <valueInteger value="1" />
        </extension>
        <code value="772807005" />
        <display value="Influenza A virus subtype H3N8 (organism)" />
        <designation>
          <language value="en-US" />
          <use>
            <system value="http://snomed.info/sct" />
            <code value="900000000000003001" />
          </use>
          <value value="Influenza A virus subtype H3N8 (organism)" />
        </designation>
        <designation>
          <language value="de-DE" />
          <value value="Influenza A-Virus, Subtyp H3N8" />
        </designation>
      </concept>
      <concept>
        <extension url="http://hl7.org/fhir/StructureDefinition/valueset-conceptOrder">
          <valueInteger value="1" />
        </extension>
        <code value="772809008" />
        <display value="Influenza A virus subtype H1N2 (organism)" />
        <designation>
          <language value="en-US" />
          <use>
            <system value="http://snomed.info/sct" />
            <code value="900000000000003001" />
          </use>
          <value value="Influenza A virus subtype H1N2 (organism)" />
        </designation>
        <designation>
          <language value="de-DE" />
          <value value="Influenza A-Virus, Subtyp H1N2" />
        </designation>
      </concept>
      <concept>
        <extension url="http://hl7.org/fhir/StructureDefinition/valueset-conceptOrder">
          <valueInteger value="1" />
        </extension>
        <code value="772827006" />
        <display value="Influenza A virus subtype H5N1 (organism)" />
        <designation>
          <language value="en-US" />
          <use>
            <system value="http://snomed.info/sct" />
            <code value="900000000000003001" />
          </use>
          <value value="Influenza A virus subtype H5N1 (organism)" />
        </designation>
        <designation>
          <language value="de-DE" />
          <value value="Influenza A-Virus, Subtyp H5N1" />
        </designation>
      </concept>
      <concept>
        <extension url="http://hl7.org/fhir/StructureDefinition/valueset-conceptOrder">
          <valueInteger value="1" />
        </extension>
        <code value="781630008" />
        <display value="Influenza D virus (organism)" />
        <designation>
          <language value="en-US" />
          <use>
            <system value="http://snomed.info/sct" />
            <code value="900000000000003001" />
          </use>
          <value value="Influenza D virus (organism)" />
        </designation>
        <designation>
          <language value="de-DE" />
          <value value="Influenza D-Virus" />
        </designation>
      </concept>
    </include>
    <include>
      <valueSet value="https://demis.rki.de/fhir/ValueSet/answerSetLaboratoryTest-SNOMED" />
    </include>
    <include>
      <valueSet value="https://demis.rki.de/fhir/ValueSet/answerSetResistance-SNOMED" />
    </include>
  </compose>
</ValueSet>