<?xml version="1.0" encoding="utf-8"?>
<ValueSet xmlns="http://hl7.org/fhir">
  <id value="laboratoryTestHAVP" />
  <url value="https://demis.rki.de/fhir/ValueSet/laboratoryTestHAVP" />
  <version value="1.6.1" />
  <name value="LaboratoryTestHAVP" />
  <title value="Labortest für Hepatitis-A-Virus" />
  <status value="active" />
  <experimental value="false" />
  <date value="2025-02-26" />
  <publisher value="Robert Koch-Institut" />
  <description value="Das ValueSet LaboratoryTestHAVP enthält die Codes der Labortests für Hepatitis-A-Virus." />
  <copyright value="This material contains content from LOINC (http://loinc.org/). LOINC is copyright © 1995-2023, Regenstrief Institute, Inc. and the Logical Observation Identifiers Names and Codes (LOINC) Committee and is available at no cost under the license at http://loinc.org/license. LOINC® is a registered United States trademark of Regenstrief Institute, Inc.&#xD;&#xA;&#xD;&#xA;Dieses Material enthält Inhalte von LOINC (http://loinc.org/). LOINC ist urheberrechtlich geschützt © 1995-2023, Regenstrief Institute, Inc. und das Logical Observation Identifiers Names and Codes (LOINC) Committee und ist unter der Lizenz http://loinc.org/license kostenlos erhältlich. LOINC® ist eine eingetragene US-amerikanische Marke des Regenstrief Institute, Inc.&#xD;&#xA;&#xD;&#xA;Downloadbedingungen für LOINC-Übersetzungen für Anwendungszwecke in Deutschland&#xD;&#xA;Übersetzungen in verschiedenen Sprachen werden von &quot;LOINC® Adopters&quot;, meistens Behörden oder Forschungsinstituten verschiedener Länder, erstellt und an das Regenstrief Institute weitergegeben. Das Copyright für die Übersetzungen liegt beim Regenstrief Institute. Für Deutschland wird die LOINC®-Übersetzung durch das BfArM bereitgestellt. Die Übersetzungen werden durch das Regenstrief Institute als &quot;Linguistic Variants&quot; in den halbjährlichen LOINC®-Releases (Februar und August) veröffentlicht.&#xD;&#xA;&#xD;&#xA;Das Copyright für die Übersetzungen liegt beim Regenstrief Institute, 1101 W 10th St, Indianapolis, IN 46202, USA.&#xD;&#xA;&#xD;&#xA;Mit dem Download von Dateien kommt ein Nutzungsvertrag zwischen Ihnen und dem Regenstrief Institute zustande. Sie verpflichten sich, die unten verlinkten Nutzungs- und Abgabebedingungen für LOINC vom Regenstrief Institute einzuhalten." />
  <compose>
    <include>
      <system value="http://loinc.org" />
      <version value="2.79" />
      <concept>
        <code value="104412-2" />
        <display value="Hepatitis A virus IgM Ab [Titer] in Serum" />
        <designation>
          <language value="de-DE" />
          <use>
            <system value="http://loinc.org" />
            <code value="LONG_COMMON_NAME" />
          </use>
          <value value="Hepatitis-A-Virus IgM-Antikörper [Titer] in Serum" />
        </designation>
      </concept>
      <concept>
        <code value="13950-1" />
        <display value="Hepatitis A virus IgM Ab [Presence] in Serum or Plasma by Immunoassay" />
        <designation>
          <language value="de-DE" />
          <use>
            <system value="http://loinc.org" />
            <code value="LONG_COMMON_NAME" />
          </use>
          <value value="Hepatitis-A-Virus IgM-Antikörper [Nachweis] in Serum oder Plasma mittels Immunoassay" />
        </designation>
      </concept>
      <concept>
        <code value="22313-1" />
        <display value="Hepatitis A virus IgG Ab [Units/volume] in Serum" />
        <designation>
          <language value="de-DE" />
          <use>
            <system value="http://loinc.org" />
            <code value="LONG_COMMON_NAME" />
          </use>
          <value value="Hepatitis-A-Virus IgG-Antikörper [Einheiten/Volumen] in Serum" />
        </designation>
      </concept>
      <concept>
        <code value="22314-9" />
        <display value="Hepatitis A virus IgM Ab [Presence] in Serum" />
        <designation>
          <language value="de-DE" />
          <use>
            <system value="http://loinc.org" />
            <code value="LONG_COMMON_NAME" />
          </use>
          <value value="Hepatitis-A-Virus IgM-Antikörper [Nachweis] in Serum" />
        </designation>
      </concept>
      <concept>
        <code value="22315-6" />
        <display value="Hepatitis A virus IgM Ab [Units/volume] in Serum" />
        <designation>
          <language value="de-DE" />
          <use>
            <system value="http://loinc.org" />
            <code value="LONG_COMMON_NAME" />
          </use>
          <value value="Hepatitis-A-Virus IgM-Antikörper [Einheiten/Volumen] in Serum" />
        </designation>
      </concept>
      <concept>
        <code value="32018-4" />
        <display value="Hepatitis A virus IgG Ab [Presence] in Serum" />
        <designation>
          <language value="de-DE" />
          <use>
            <system value="http://loinc.org" />
            <code value="LONG_COMMON_NAME" />
          </use>
          <value value="Hepatitis-A-Virus IgG-Antikörper [Nachweis] in Serum" />
        </designation>
      </concept>
      <concept>
        <code value="40724-7" />
        <display value="Hepatitis A virus IgG Ab [Presence] in Serum by Immunoassay" />
        <designation>
          <language value="de-DE" />
          <use>
            <system value="http://loinc.org" />
            <code value="LONG_COMMON_NAME" />
          </use>
          <value value="Hepatitis-A-Virus IgG-Antikörper [Nachweis] in Serum mittels Immunoassay" />
        </designation>
      </concept>
      <concept>
        <code value="41852-5" />
        <display value="Microorganism or agent identified in Specimen" />
        <designation>
          <language value="de-DE" />
          <use>
            <system value="http://loinc.org" />
            <code value="LONG_COMMON_NAME" />
          </use>
          <value value="Mikroorganismus oder Erreger identifiziert in Probenmaterial" />
        </designation>
      </concept>
      <concept>
        <code value="5181-3" />
        <display value="Hepatitis A virus IgM Ab [Units/volume] in Serum by Immunoassay" />
        <designation>
          <language value="de-DE" />
          <use>
            <system value="http://loinc.org" />
            <code value="LONG_COMMON_NAME" />
          </use>
          <value value="Hepatitis-A-Virus IgM-Antikörper [Einheiten/Volumen] in Serum mittels Immunoassay" />
        </designation>
      </concept>
      <concept>
        <code value="7904-6" />
        <display value="Hepatitis A virus RNA [Presence] in Serum by NAA with probe detection" />
        <designation>
          <language value="de-DE" />
          <use>
            <system value="http://loinc.org" />
            <code value="LONG_COMMON_NAME" />
          </use>
          <value value="Hepatitis-A-Virus RNA [Nachweis] in Serum mittels Nukleinsäureamplifikation mit Sondendetektion" />
        </designation>
      </concept>
      <concept>
        <code value="89373-5" />
        <display value="Hepatitis A virus genotype in Specimen by NAA with probe detection" />
        <designation>
          <language value="de-DE" />
          <use>
            <system value="http://loinc.org" />
            <code value="LONG_COMMON_NAME" />
          </use>
          <value value="Hepatitis-A-Virus Genotyp in Probenmaterial mittels Nukleinsäureamplifikation mit Sondendetektion" />
        </designation>
      </concept>
      <concept>
        <code value="91070-3" />
        <display value="Hepatitis A virus RNA [Presence] in Stool by NAA with probe detection" />
        <designation>
          <language value="de-DE" />
          <use>
            <system value="http://loinc.org" />
            <code value="LONG_COMMON_NAME" />
          </use>
          <value value="Hepatitis-A-Virus RNA [Nachweis] in Stuhl mittels Nukleinsäureamplifikation mit Sondendetektion" />
        </designation>
      </concept>
      <concept>
        <code value="97523-5" />
        <display value="Hepatitis A virus RNA [Presence] in Specimen by NAA with probe detection" />
        <designation>
          <language value="de-DE" />
          <use>
            <system value="http://loinc.org" />
            <code value="LONG_COMMON_NAME" />
          </use>
          <value value="Hepatitis-A-Virus RNA [Nachweis] in Probenmaterial mittels Nukleinsäureamplifikation mit Sondendetektion" />
        </designation>
      </concept>
    </include>
  </compose>
</ValueSet>