<?xml version="1.0" encoding="utf-8"?>
<ValueSet xmlns="http://hl7.org/fhir">
  <id value="laboratoryTestSHIP" />
  <url value="https://demis.rki.de/fhir/ValueSet/laboratoryTestSHIP" />
  <version value="1.7.1" />
  <name value="LaboratoryTestSHIP" />
  <title value="Labortest für Shigella sp." />
  <status value="active" />
  <experimental value="false" />
  <date value="2025-02-26" />
  <publisher value="Robert Koch-Institut" />
  <description value="Das ValueSet LaboratoryTestSHIP enthält die Codes der Labortests für Shigella sp.." />
  <copyright value="This material contains content from LOINC (http://loinc.org/). LOINC is copyright © 1995-2023, Regenstrief Institute, Inc. and the Logical Observation Identifiers Names and Codes (LOINC) Committee and is available at no cost under the license at http://loinc.org/license. LOINC® is a registered United States trademark of Regenstrief Institute, Inc.&#xD;&#xA;&#xD;&#xA;Dieses Material enthält Inhalte von LOINC (http://loinc.org/). LOINC ist urheberrechtlich geschützt © 1995-2023, Regenstrief Institute, Inc. und das Logical Observation Identifiers Names and Codes (LOINC) Committee und ist unter der Lizenz http://loinc.org/license kostenlos erhältlich. LOINC® ist eine eingetragene US-amerikanische Marke des Regenstrief Institute, Inc.&#xD;&#xA;&#xD;&#xA;Downloadbedingungen für LOINC-Übersetzungen für Anwendungszwecke in Deutschland&#xD;&#xA;Übersetzungen in verschiedenen Sprachen werden von &quot;LOINC® Adopters&quot;, meistens Behörden oder Forschungsinstituten verschiedener Länder, erstellt und an das Regenstrief Institute weitergegeben. Das Copyright für die Übersetzungen liegt beim Regenstrief Institute. Für Deutschland wird die LOINC®-Übersetzung durch das BfArM bereitgestellt. Die Übersetzungen werden durch das Regenstrief Institute als &quot;Linguistic Variants&quot; in den halbjährlichen LOINC®-Releases (Februar und August) veröffentlicht.&#xD;&#xA;&#xD;&#xA;Das Copyright für die Übersetzungen liegt beim Regenstrief Institute, 1101 W 10th St, Indianapolis, IN 46202, USA.&#xD;&#xA;&#xD;&#xA;Mit dem Download von Dateien kommt ein Nutzungsvertrag zwischen Ihnen und dem Regenstrief Institute zustande. Sie verpflichten sich, die unten verlinkten Nutzungs- und Abgabebedingungen für LOINC vom Regenstrief Institute einzuhalten." />
  <compose>
    <include>
      <system value="http://loinc.org" />
      <version value="2.79" />
      <concept>
        <code value="101427-3" />
        <display value="Shigella sp DNA [Presence] in Stool by NAA with probe detection" />
        <designation>
          <language value="de-DE" />
          <use>
            <system value="http://loinc.org" />
            <code value="LONG_COMMON_NAME" />
          </use>
          <value value="Shigella sp DNA [Nachweis] in Stuhl mittels Nukleinsäureamplifikation mit Sondendetektion" />
        </designation>
      </concept>
      <concept>
        <code value="105065-7" />
        <display value="Shigella species+EIEC invasion plasmid antigen H ipaH gene [Presence] in Specimen" />
      </concept>
      <concept>
        <code value="17576-0" />
        <display value="Shigella sp identified in Specimen by Organism specific culture" />
        <designation>
          <language value="de-DE" />
          <use>
            <system value="http://loinc.org" />
            <code value="LONG_COMMON_NAME" />
          </use>
          <value value="Shigella sp identifiziert in Probenmaterial mittels erregerspezifischer Kultur" />
        </designation>
      </concept>
      <concept>
        <code value="41852-5" />
        <display value="Microorganism or agent identified in Specimen" />
        <designation>
          <language value="de-DE" />
          <use>
            <system value="http://loinc.org" />
            <code value="LONG_COMMON_NAME" />
          </use>
          <value value="Mikroorganismus oder Erreger identifiziert in Probenmaterial" />
        </designation>
      </concept>
      <concept>
        <code value="42256-8" />
        <display value="Shigella boydii Ag [Presence] in Isolate" />
        <designation>
          <language value="de-DE" />
          <use>
            <system value="http://loinc.org" />
            <code value="LONG_COMMON_NAME" />
          </use>
          <value value="Shigella boydii Antigen [Nachweis] in Isolat" />
        </designation>
      </concept>
      <concept>
        <code value="42257-6" />
        <display value="Shigella dysenteriae Ag [Presence] in Isolate" />
        <designation>
          <language value="de-DE" />
          <use>
            <system value="http://loinc.org" />
            <code value="LONG_COMMON_NAME" />
          </use>
          <value value="Shigella dysenteriae Antigen [Nachweis] in Isolat" />
        </designation>
      </concept>
      <concept>
        <code value="42258-4" />
        <display value="Shigella flexneri Ag [Presence] in Isolate" />
        <designation>
          <language value="de-DE" />
          <use>
            <system value="http://loinc.org" />
            <code value="LONG_COMMON_NAME" />
          </use>
          <value value="Shigella flexneri Antigen [Nachweis] in Isolat" />
        </designation>
      </concept>
      <concept>
        <code value="42259-2" />
        <display value="Shigella sonnei Ag [Presence] in Isolate" />
        <designation>
          <language value="de-DE" />
          <use>
            <system value="http://loinc.org" />
            <code value="LONG_COMMON_NAME" />
          </use>
          <value value="Shigella sonnei Antigen [Nachweis] in Isolat" />
        </designation>
      </concept>
      <concept>
        <code value="46454-5" />
        <display value="Shigella sp [Presence] in Specimen by Organism specific culture" />
        <designation>
          <language value="de-DE" />
          <use>
            <system value="http://loinc.org" />
            <code value="LONG_COMMON_NAME" />
          </use>
          <value value="Shigella sp [Nachweis] in Probenmaterial mittels erregerspezifischer Kultur" />
        </designation>
      </concept>
      <concept>
        <code value="46455-2" />
        <display value="Shigella sp DNA [Presence] in Specimen by NAA with probe detection" />
        <designation>
          <language value="de-DE" />
          <use>
            <system value="http://loinc.org" />
            <code value="LONG_COMMON_NAME" />
          </use>
          <value value="Shigella sp DNA [Nachweis] in Probenmaterial mittels Nukleinsäureamplifikation mit Sondendetektion" />
        </designation>
      </concept>
      <concept>
        <code value="49056-5" />
        <display value="Shigella sp serotype [Identifier] in Isolate by Agglutination" />
        <designation>
          <language value="de-DE" />
          <use>
            <system value="http://loinc.org" />
            <code value="LONG_COMMON_NAME" />
          </use>
          <value value="Shigella sp Serotyp [Nachweis oder Identität] in Isolat mittels Agglutination" />
        </designation>
      </concept>
      <concept>
        <code value="70242-3" />
        <display value="Shigella species+EIEC invasion plasmid antigen H ipaH gene [Presence] in Stool by NAA with probe detection" />
        <designation>
          <language value="de-DE" />
          <use>
            <system value="http://loinc.org" />
            <code value="LONG_COMMON_NAME" />
          </use>
          <value value="Shigella species+EIEC-Invasion plasmid antigen H (ipaH)-Gen [Nachweis] in Stuhl mittels Nukleinsäureamplifikation mit Sondendetektion" />
        </designation>
      </concept>
      <concept>
        <code value="75756-7" />
        <display value="Bacteria identified in Isolate by MS.MALDI-TOF" />
        <designation>
          <language value="de-DE" />
          <use>
            <system value="http://loinc.org" />
            <code value="LONG_COMMON_NAME" />
          </use>
          <value value="Bakterien identifiziert in Isolat mittels MS.MALDI-TOF" />
        </designation>
      </concept>
      <concept>
        <code value="80350-2" />
        <display value="Shigella species+EIEC invasion plasmid antigen H ipaH gene [Presence] in Stool by NAA with non-probe detection" />
        <designation>
          <language value="de-DE" />
          <use>
            <system value="http://loinc.org" />
            <code value="LONG_COMMON_NAME" />
          </use>
          <value value="Shigella species+EIEC-Invasion plasmid antigen H (ipaH)-Gen [Nachweis] in Stuhl mittels Nukleinsäureamplifikation mit Detektion ohne Sonde" />
        </designation>
      </concept>
      <concept>
        <code value="82300-5" />
        <display value="Shigella sp [Presence] in Stool by Culture" />
        <designation>
          <language value="de-DE" />
          <use>
            <system value="http://loinc.org" />
            <code value="LONG_COMMON_NAME" />
          </use>
          <value value="Shigella sp [Nachweis] in Stuhl mittels Kultur" />
        </designation>
      </concept>
      <concept>
        <code value="88586-3" />
        <display value="Shigella sp identified in Stool by Organism specific culture" />
        <designation>
          <language value="de-DE" />
          <use>
            <system value="http://loinc.org" />
            <code value="LONG_COMMON_NAME" />
          </use>
          <value value="Shigella sp identifiziert in Stuhl mittels erregerspezifischer Kultur" />
        </designation>
      </concept>
    </include>
    <include>
      <valueSet value="https://demis.rki.de/fhir/ValueSet/resistance" />
    </include>
    <include>
      <valueSet value="https://demis.rki.de/fhir/ValueSet/resistanceGene" />
    </include>
  </compose>
</ValueSet>