<?xml version="1.0" encoding="utf-8"?>
<ValueSet xmlns="http://hl7.org/fhir">
  <id value="answerSetLISP" />
  <url value="https://demis.rki.de/fhir/ValueSet/answerSetLISP" />
  <version value="1.5.1" />
  <name value="AnswerSetLISP" />
  <title value="AnswerSet für Listeria monocytogenes; Meldepflicht nur für den direkten Nachweis aus Blut, Liquor oder anderen normalerweise sterilen Substraten sowie aus Abstrichen von Neugeborenen" />
  <status value="active" />
  <experimental value="false" />
  <date value="2025-02-25" />
  <publisher value="Robert Koch-Institut" />
  <description value="Das ValueSet AnswerSetLISP enthält die Codes der Answer-Codes für Listeria monocytogenes; Meldepflicht nur für den direkten Nachweis aus Blut, Liquor oder anderen normalerweise sterilen Substraten sowie aus Abstrichen von Neugeborenen." />
  <copyright value="This material includes SNOMED Clinical Terms® (SNOMED CT®) which is used by permission of the International Health Terminology Standards Development Organisation (IHTSDO). All rights reserved. SNOMED CT®, was originally created by The College of American Pathologists. “SNOMED” and “SNOMED CT” are registered trademarks of the IHTSDO.&#xD;&#xA;&#xD;&#xA;Dieses Material enthält SNOMED Clinical Terms® (SNOMED CT®), die mit Genehmigung der International Health Terminology Standards Development Organisation (IHTSDO) verwendet werden. Alle Rechte vorbehalten. SNOMED CT® wurde ursprünglich vom College of American Pathologists entwickelt. &quot;SNOMED&quot; und &quot;SNOMED CT&quot; sind eingetragene Warenzeichen der IHTSDO.&#xD;&#xA;&#xD;&#xA;Downloadbedingungen für SNOMED-CT&#xD;&#xA;&#xD;&#xA;Enthält durch SNOMED International urheberrechtlich geschützte Information. Jede Verwendung von SNOMED CT in Deutschland erfordert eine vollgültige Affiliate Lizenz oder eine Sublizenz. Die entsprechende Lizenz ist kostenlos, vorausgesetzt die Verwendung findet nur in Deutschland statt und erfüllt die Bedingungen des Affiliate License Agreements. Affiliate Lizenzen können über das Mitglieder-Lizenzierungs- und Distributions-Service (MLDS) direkt beim jeweiligen NRC beantragt werden. https://mlds.ihtsdotools.org/#/landing/DE?lang=de&#xD;&#xA;&#xD;&#xA;Contains information protected by copyright of SNOMED International. Any use of SNOMED CT in Austria requires a valid affiliate license or sublicense. The corresponding license is free of charge, provided that the use only takes place in Austria and fulfills the conditions of the Affiliate License Agreement. Affiliate licenses can be requested directly from the respective NRC via the Member Licensing and Distribution Service (MLDS). ttps://mlds.ihtsdotools.org/#/landing/DE?lang=de" />
  <compose>
    <include>
      <system value="http://snomed.info/sct" />
      <version value="http://snomed.info/sct/11000274103/version/20241115" />
      <concept>
        <extension url="http://hl7.org/fhir/StructureDefinition/valueset-conceptOrder">
          <valueInteger value="90" />
        </extension>
        <code value="36094007" />
        <display value="Listeria monocytogenes (organism)" />
        <designation>
          <language value="en-US" />
          <use>
            <system value="http://snomed.info/sct" />
            <code value="900000000000003001" />
          </use>
          <value value="Listeria monocytogenes (organism)" />
        </designation>
        <designation>
          <language value="de-DE" />
          <value value="Listeria monocytogenes" />
        </designation>
      </concept>
      <concept>
        <extension url="http://hl7.org/fhir/StructureDefinition/valueset-conceptOrder">
          <valueInteger value="89" />
        </extension>
        <code value="450536000" />
        <display value="Listeria monocytogenes serotype 1/2a (organism)" />
        <designation>
          <language value="en-US" />
          <use>
            <system value="http://snomed.info/sct" />
            <code value="900000000000003001" />
          </use>
          <value value="Listeria monocytogenes serotype 1/2a (organism)" />
        </designation>
        <designation>
          <language value="de-DE" />
          <value value="Listeria monocytogenes, Serotyp 1/2a" />
        </designation>
      </concept>
      <concept>
        <extension url="http://hl7.org/fhir/StructureDefinition/valueset-conceptOrder">
          <valueInteger value="88" />
        </extension>
        <code value="450537009" />
        <display value="Listeria monocytogenes serotype 1/2b (organism)" />
        <designation>
          <language value="en-US" />
          <use>
            <system value="http://snomed.info/sct" />
            <code value="900000000000003001" />
          </use>
          <value value="Listeria monocytogenes serotype 1/2b (organism)" />
        </designation>
        <designation>
          <language value="de-DE" />
          <value value="Listeria monocytogenes, Serotyp 1/2b" />
        </designation>
      </concept>
      <concept>
        <extension url="http://hl7.org/fhir/StructureDefinition/valueset-conceptOrder">
          <valueInteger value="1" />
        </extension>
        <code value="450538004" />
        <display value="Listeria monocytogenes serotype 1/2c (organism)" />
        <designation>
          <language value="en-US" />
          <use>
            <system value="http://snomed.info/sct" />
            <code value="900000000000003001" />
          </use>
          <value value="Listeria monocytogenes serotype 1/2c (organism)" />
        </designation>
        <designation>
          <language value="de-DE" />
          <value value="Listeria monocytogenes, Serotyp 1/2c" />
        </designation>
      </concept>
      <concept>
        <extension url="http://hl7.org/fhir/StructureDefinition/valueset-conceptOrder">
          <valueInteger value="1" />
        </extension>
        <code value="450539007" />
        <display value="Listeria monocytogenes serotype 4b (organism)" />
        <designation>
          <language value="en-US" />
          <use>
            <system value="http://snomed.info/sct" />
            <code value="900000000000003001" />
          </use>
          <value value="Listeria monocytogenes serotype 4b (organism)" />
        </designation>
        <designation>
          <language value="de-DE" />
          <value value="Listeria monocytogenes, Serotyp 4b" />
        </designation>
      </concept>
      <concept>
        <extension url="http://hl7.org/fhir/StructureDefinition/valueset-conceptOrder">
          <valueInteger value="1" />
        </extension>
        <code value="450540009" />
        <display value="Listeria monocytogenes serotype 3a (organism)" />
        <designation>
          <language value="en-US" />
          <use>
            <system value="http://snomed.info/sct" />
            <code value="900000000000003001" />
          </use>
          <value value="Listeria monocytogenes serotype 3a (organism)" />
        </designation>
        <designation>
          <language value="de-DE" />
          <value value="Listeria monocytogenes, Serotyp 3a" />
        </designation>
      </concept>
      <concept>
        <extension url="http://hl7.org/fhir/StructureDefinition/valueset-conceptOrder">
          <valueInteger value="1" />
        </extension>
        <code value="450541008" />
        <display value="Listeria monocytogenes serotype 3b (organism)" />
        <designation>
          <language value="en-US" />
          <use>
            <system value="http://snomed.info/sct" />
            <code value="900000000000003001" />
          </use>
          <value value="Listeria monocytogenes serotype 3b (organism)" />
        </designation>
        <designation>
          <language value="de-DE" />
          <value value="Listeria monocytogenes, Serotyp 3b" />
        </designation>
      </concept>
      <concept>
        <extension url="http://hl7.org/fhir/StructureDefinition/valueset-conceptOrder">
          <valueInteger value="1" />
        </extension>
        <code value="450542001" />
        <display value="Listeria monocytogenes serotype 3c (organism)" />
        <designation>
          <language value="en-US" />
          <use>
            <system value="http://snomed.info/sct" />
            <code value="900000000000003001" />
          </use>
          <value value="Listeria monocytogenes serotype 3c (organism)" />
        </designation>
        <designation>
          <language value="de-DE" />
          <value value="Listeria monocytogenes, Serotyp 3c" />
        </designation>
      </concept>
      <concept>
        <extension url="http://hl7.org/fhir/StructureDefinition/valueset-conceptOrder">
          <valueInteger value="1" />
        </extension>
        <code value="450543006" />
        <display value="Listeria monocytogenes serotype 4a (organism)" />
        <designation>
          <language value="en-US" />
          <use>
            <system value="http://snomed.info/sct" />
            <code value="900000000000003001" />
          </use>
          <value value="Listeria monocytogenes serotype 4a (organism)" />
        </designation>
        <designation>
          <language value="de-DE" />
          <value value="Listeria monocytogenes, Serotyp 4a" />
        </designation>
      </concept>
      <concept>
        <extension url="http://hl7.org/fhir/StructureDefinition/valueset-conceptOrder">
          <valueInteger value="1" />
        </extension>
        <code value="450544000" />
        <display value="Listeria monocytogenes serotype 4c (organism)" />
        <designation>
          <language value="en-US" />
          <use>
            <system value="http://snomed.info/sct" />
            <code value="900000000000003001" />
          </use>
          <value value="Listeria monocytogenes serotype 4c (organism)" />
        </designation>
        <designation>
          <language value="de-DE" />
          <value value="Listeria monocytogenes, Serotyp 4c" />
        </designation>
      </concept>
      <concept>
        <extension url="http://hl7.org/fhir/StructureDefinition/valueset-conceptOrder">
          <valueInteger value="1" />
        </extension>
        <code value="450545004" />
        <display value="Listeria monocytogenes serotype 4ab (organism)" />
        <designation>
          <language value="en-US" />
          <use>
            <system value="http://snomed.info/sct" />
            <code value="900000000000003001" />
          </use>
          <value value="Listeria monocytogenes serotype 4ab (organism)" />
        </designation>
        <designation>
          <language value="de-DE" />
          <value value="Listeria monocytogenes, Serotyp 4ab" />
        </designation>
      </concept>
      <concept>
        <extension url="http://hl7.org/fhir/StructureDefinition/valueset-conceptOrder">
          <valueInteger value="1" />
        </extension>
        <code value="450546003" />
        <display value="Listeria monocytogenes serotype 4d (organism)" />
        <designation>
          <language value="en-US" />
          <use>
            <system value="http://snomed.info/sct" />
            <code value="900000000000003001" />
          </use>
          <value value="Listeria monocytogenes serotype 4d (organism)" />
        </designation>
        <designation>
          <language value="de-DE" />
          <value value="Listeria monocytogenes, Serotyp 4d" />
        </designation>
      </concept>
      <concept>
        <extension url="http://hl7.org/fhir/StructureDefinition/valueset-conceptOrder">
          <valueInteger value="1" />
        </extension>
        <code value="450547007" />
        <display value="Listeria monocytogenes serotype 4e (organism)" />
        <designation>
          <language value="en-US" />
          <use>
            <system value="http://snomed.info/sct" />
            <code value="900000000000003001" />
          </use>
          <value value="Listeria monocytogenes serotype 4e (organism)" />
        </designation>
        <designation>
          <language value="de-DE" />
          <value value="Listeria monocytogenes, Serotyp 4e" />
        </designation>
      </concept>
      <concept>
        <extension url="http://hl7.org/fhir/StructureDefinition/valueset-conceptOrder">
          <valueInteger value="1" />
        </extension>
        <code value="450548002" />
        <display value="Listeria monocytogenes serotype 7 (organism)" />
        <designation>
          <language value="en-US" />
          <use>
            <system value="http://snomed.info/sct" />
            <code value="900000000000003001" />
          </use>
          <value value="Listeria monocytogenes serotype 7 (organism)" />
        </designation>
        <designation>
          <language value="de-DE" />
          <value value="Listeria monocytogenes, Serotyp 7" />
        </designation>
      </concept>
      <concept>
        <extension url="http://hl7.org/fhir/StructureDefinition/valueset-conceptOrder">
          <valueInteger value="1" />
        </extension>
        <code value="698150000" />
        <display value="Listeria monocytogenes serotype 4bx (organism)" />
        <designation>
          <language value="en-US" />
          <use>
            <system value="http://snomed.info/sct" />
            <code value="900000000000003001" />
          </use>
          <value value="Listeria monocytogenes serotype 4bx (organism)" />
        </designation>
        <designation>
          <language value="de-DE" />
          <value value="Listeria monocytogenes, Serotyp 4bx" />
        </designation>
      </concept>
    </include>
    <include>
      <valueSet value="https://demis.rki.de/fhir/ValueSet/answerSetLaboratoryTest-SNOMED" />
    </include>
    <include>
      <valueSet value="https://demis.rki.de/fhir/ValueSet/answerSetResistance-SNOMED" />
    </include>
  </compose>
</ValueSet>