<?xml version="1.0" encoding="utf-8"?>
<ValueSet xmlns="http://hl7.org/fhir">
  <id value="answerSetYENP" />
  <url value="https://demis.rki.de/fhir/ValueSet/answerSetYENP" />
  <version value="1.7.2" />
  <name value="AnswerSetYENP" />
  <title value="AnswerSet für Yersinia spp. (darmpathogen)" />
  <status value="active" />
  <experimental value="false" />
  <date value="2025-02-25" />
  <publisher value="Robert Koch-Institut" />
  <description value="Das ValueSet AnswerSetYENP enthält die Codes der Answer-Codes für Yersinia spp. (darmpathogen)." />
  <copyright value="This material includes SNOMED Clinical Terms® (SNOMED CT®) which is used by permission of the International Health Terminology Standards Development Organisation (IHTSDO). All rights reserved. SNOMED CT®, was originally created by The College of American Pathologists. “SNOMED” and “SNOMED CT” are registered trademarks of the IHTSDO.&#xD;&#xA;&#xD;&#xA;Dieses Material enthält SNOMED Clinical Terms® (SNOMED CT®), die mit Genehmigung der International Health Terminology Standards Development Organisation (IHTSDO) verwendet werden. Alle Rechte vorbehalten. SNOMED CT® wurde ursprünglich vom College of American Pathologists entwickelt. &quot;SNOMED&quot; und &quot;SNOMED CT&quot; sind eingetragene Warenzeichen der IHTSDO.&#xD;&#xA;&#xD;&#xA;Downloadbedingungen für SNOMED-CT&#xD;&#xA;&#xD;&#xA;Enthält durch SNOMED International urheberrechtlich geschützte Information. Jede Verwendung von SNOMED CT in Deutschland erfordert eine vollgültige Affiliate Lizenz oder eine Sublizenz. Die entsprechende Lizenz ist kostenlos, vorausgesetzt die Verwendung findet nur in Deutschland statt und erfüllt die Bedingungen des Affiliate License Agreements. Affiliate Lizenzen können über das Mitglieder-Lizenzierungs- und Distributions-Service (MLDS) direkt beim jeweiligen NRC beantragt werden. https://mlds.ihtsdotools.org/#/landing/DE?lang=de&#xD;&#xA;&#xD;&#xA;Contains information protected by copyright of SNOMED International. Any use of SNOMED CT in Austria requires a valid affiliate license or sublicense. The corresponding license is free of charge, provided that the use only takes place in Austria and fulfills the conditions of the Affiliate License Agreement. Affiliate licenses can be requested directly from the respective NRC via the Member Licensing and Distribution Service (MLDS). ttps://mlds.ihtsdotools.org/#/landing/DE?lang=de" />
  <compose>
    <include>
      <system value="http://snomed.info/sct" />
      <version value="http://snomed.info/sct/11000274103/version/20241115" />
      <concept>
        <extension url="http://hl7.org/fhir/StructureDefinition/valueset-conceptOrder">
          <valueInteger value="1" />
        </extension>
        <code value="10334001" />
        <display value="Yersinia intermedia (organism)" />
        <designation>
          <language value="en-US" />
          <use>
            <system value="http://snomed.info/sct" />
            <code value="900000000000003001" />
          </use>
          <value value="Yersinia intermedia (organism)" />
        </designation>
        <designation>
          <language value="de-DE" />
          <value value="Yersinia intermedia" />
        </designation>
      </concept>
      <concept>
        <extension url="http://hl7.org/fhir/StructureDefinition/valueset-conceptOrder">
          <valueInteger value="88" />
        </extension>
        <code value="103430003" />
        <display value="Yersinia enterocolitica serogroup O:3 (organism)" />
        <designation>
          <language value="en-US" />
          <use>
            <system value="http://snomed.info/sct" />
            <code value="900000000000003001" />
          </use>
          <value value="Yersinia enterocolitica serogroup O:3 (organism)" />
        </designation>
        <designation>
          <language value="de-DE" />
          <value value="Yersinia enterocolitica, Serogruppe O:3" />
        </designation>
      </concept>
      <concept>
        <extension url="http://hl7.org/fhir/StructureDefinition/valueset-conceptOrder">
          <valueInteger value="1" />
        </extension>
        <code value="103431004" />
        <display value="Yersinia enterocolitica serogroup O:5 (organism)" />
        <designation>
          <language value="en-US" />
          <use>
            <system value="http://snomed.info/sct" />
            <code value="900000000000003001" />
          </use>
          <value value="Yersinia enterocolitica serogroup O:5 (organism)" />
        </designation>
        <designation>
          <language value="de-DE" />
          <value value="Yersinia enterocolitica, Serogruppe O:5" />
        </designation>
      </concept>
      <concept>
        <extension url="http://hl7.org/fhir/StructureDefinition/valueset-conceptOrder">
          <valueInteger value="1" />
        </extension>
        <code value="103432006" />
        <display value="Yersinia enterocolitica serogroup O:8 (organism)" />
        <designation>
          <language value="en-US" />
          <use>
            <system value="http://snomed.info/sct" />
            <code value="900000000000003001" />
          </use>
          <value value="Yersinia enterocolitica serogroup O:8 (organism)" />
        </designation>
        <designation>
          <language value="de-DE" />
          <value value="Yersinia enterocolitica, Serogruppe O:8" />
        </designation>
      </concept>
      <concept>
        <extension url="http://hl7.org/fhir/StructureDefinition/valueset-conceptOrder">
          <valueInteger value="1" />
        </extension>
        <code value="103433001" />
        <display value="Yersinia enterocolitica serogroup O:9 (organism)" />
        <designation>
          <language value="en-US" />
          <use>
            <system value="http://snomed.info/sct" />
            <code value="900000000000003001" />
          </use>
          <value value="Yersinia enterocolitica serogroup O:9 (organism)" />
        </designation>
        <designation>
          <language value="de-DE" />
          <value value="Yersinia enterocolitica, Serogruppe O:9" />
        </designation>
      </concept>
      <concept>
        <extension url="http://hl7.org/fhir/StructureDefinition/valueset-conceptOrder">
          <valueInteger value="1" />
        </extension>
        <code value="103434007" />
        <display value="Yersinia bercovieri (organism)" />
        <designation>
          <language value="en-US" />
          <use>
            <system value="http://snomed.info/sct" />
            <code value="900000000000003001" />
          </use>
          <value value="Yersinia bercovieri (organism)" />
        </designation>
        <designation>
          <language value="de-DE" />
          <value value="Yersinia bercovieri" />
        </designation>
      </concept>
      <concept>
        <extension url="http://hl7.org/fhir/StructureDefinition/valueset-conceptOrder">
          <valueInteger value="1" />
        </extension>
        <code value="103435008" />
        <display value="Yersinia mollaretii (organism)" />
        <designation>
          <language value="en-US" />
          <use>
            <system value="http://snomed.info/sct" />
            <code value="900000000000003001" />
          </use>
          <value value="Yersinia mollaretii (organism)" />
        </designation>
        <designation>
          <language value="de-DE" />
          <value value="Yersinia mollaretii" />
        </designation>
      </concept>
      <concept>
        <extension url="http://hl7.org/fhir/StructureDefinition/valueset-conceptOrder">
          <valueInteger value="1" />
        </extension>
        <code value="116502002" />
        <display value="Yersinia enterocolitica, serogroup O:13 (organism)" />
        <designation>
          <language value="en-US" />
          <use>
            <system value="http://snomed.info/sct" />
            <code value="900000000000003001" />
          </use>
          <value value="Yersinia enterocolitica, serogroup O:13 (organism)" />
        </designation>
        <designation>
          <language value="de-DE" />
          <value value="Yersinia enterocolitica, Serogruppe O:13" />
        </designation>
      </concept>
      <concept>
        <extension url="http://hl7.org/fhir/StructureDefinition/valueset-conceptOrder">
          <valueInteger value="1" />
        </extension>
        <code value="116503007" />
        <display value="Yersinia enterocoltica, serogroup O:8,14 (organism)" />
        <designation>
          <language value="en-US" />
          <use>
            <system value="http://snomed.info/sct" />
            <code value="900000000000003001" />
          </use>
          <value value="Yersinia enterocoltica, serogroup O:8,14 (organism)" />
        </designation>
        <designation>
          <language value="de-DE" />
          <value value="Yersinia enterocoltica, Serogruppe O:8,14" />
        </designation>
      </concept>
      <concept>
        <extension url="http://hl7.org/fhir/StructureDefinition/valueset-conceptOrder">
          <valueInteger value="1" />
        </extension>
        <code value="363762009" />
        <display value="Yersinia enterocolitica serogroup O:48 (organism)" />
        <designation>
          <language value="en-US" />
          <use>
            <system value="http://snomed.info/sct" />
            <code value="900000000000003001" />
          </use>
          <value value="Yersinia enterocolitica serogroup O:48 (organism)" />
        </designation>
        <designation>
          <language value="de-DE" />
          <value value="Yersinia enterocolitica, Serogruppe O:48" />
        </designation>
      </concept>
      <concept>
        <extension url="http://hl7.org/fhir/StructureDefinition/valueset-conceptOrder">
          <valueInteger value="1" />
        </extension>
        <code value="415854005" />
        <display value="Yersinia enterocolitica non-serogroupable (organism)" />
        <designation>
          <language value="en-US" />
          <use>
            <system value="http://snomed.info/sct" />
            <code value="900000000000003001" />
          </use>
          <value value="Yersinia enterocolitica non-serogroupable (organism)" />
        </designation>
        <designation>
          <language value="de-DE" />
          <value value="Yersinia enterocolitica nicht-serogruppierbar" />
        </designation>
      </concept>
      <concept>
        <extension url="http://hl7.org/fhir/StructureDefinition/valueset-conceptOrder">
          <valueInteger value="1" />
        </extension>
        <code value="415855006" />
        <display value="Yersinia enterocolitica serogroup O:1,2a,3 (organism)" />
        <designation>
          <language value="en-US" />
          <use>
            <system value="http://snomed.info/sct" />
            <code value="900000000000003001" />
          </use>
          <value value="Yersinia enterocolitica serogroup O:1,2a,3 (organism)" />
        </designation>
        <designation>
          <language value="de-DE" />
          <value value="Yersinia enterocolitica, Serogruppe O:1,2a,3" />
        </designation>
      </concept>
      <concept>
        <extension url="http://hl7.org/fhir/StructureDefinition/valueset-conceptOrder">
          <valueInteger value="1" />
        </extension>
        <code value="415856007" />
        <display value="Yersinia enterocolitica serogroup O:12, 25 (organism)" />
        <designation>
          <language value="en-US" />
          <use>
            <system value="http://snomed.info/sct" />
            <code value="900000000000003001" />
          </use>
          <value value="Yersinia enterocolitica serogroup O:12, 25 (organism)" />
        </designation>
        <designation>
          <language value="de-DE" />
          <value value="Yersinia enterocolitica, Serogruppe O:12, 25" />
        </designation>
      </concept>
      <concept>
        <extension url="http://hl7.org/fhir/StructureDefinition/valueset-conceptOrder">
          <valueInteger value="1" />
        </extension>
        <code value="415857003" />
        <display value="Yersinia enterocolitica serogroup O:13a,13b (organism)" />
        <designation>
          <language value="en-US" />
          <use>
            <system value="http://snomed.info/sct" />
            <code value="900000000000003001" />
          </use>
          <value value="Yersinia enterocolitica serogroup O:13a,13b (organism)" />
        </designation>
        <designation>
          <language value="de-DE" />
          <value value="Yersinia enterocolitica, Serogruppe O:13a,13b" />
        </designation>
      </concept>
      <concept>
        <extension url="http://hl7.org/fhir/StructureDefinition/valueset-conceptOrder">
          <valueInteger value="1" />
        </extension>
        <code value="415858008" />
        <display value="Yersinia enterocolitica serogroup O:19 (organism)" />
        <designation>
          <language value="en-US" />
          <use>
            <system value="http://snomed.info/sct" />
            <code value="900000000000003001" />
          </use>
          <value value="Yersinia enterocolitica serogroup O:19 (organism)" />
        </designation>
        <designation>
          <language value="de-DE" />
          <value value="Yersinia enterocolitica, Serogruppe O:19" />
        </designation>
      </concept>
      <concept>
        <extension url="http://hl7.org/fhir/StructureDefinition/valueset-conceptOrder">
          <valueInteger value="1" />
        </extension>
        <code value="415859000" />
        <display value="Yersinia enterocolitica serogroup O:20 (organism)" />
        <designation>
          <language value="en-US" />
          <use>
            <system value="http://snomed.info/sct" />
            <code value="900000000000003001" />
          </use>
          <value value="Yersinia enterocolitica serogroup O:20 (organism)" />
        </designation>
        <designation>
          <language value="de-DE" />
          <value value="Yersinia enterocolitica, Serogruppe O:20" />
        </designation>
      </concept>
      <concept>
        <extension url="http://hl7.org/fhir/StructureDefinition/valueset-conceptOrder">
          <valueInteger value="1" />
        </extension>
        <code value="415860005" />
        <display value="Yersinia enterocolitica serogroup O:21 (organism)" />
        <designation>
          <language value="en-US" />
          <use>
            <system value="http://snomed.info/sct" />
            <code value="900000000000003001" />
          </use>
          <value value="Yersinia enterocolitica serogroup O:21 (organism)" />
        </designation>
        <designation>
          <language value="de-DE" />
          <value value="Yersinia enterocolitica, Serogruppe O:21" />
        </designation>
      </concept>
      <concept>
        <extension url="http://hl7.org/fhir/StructureDefinition/valueset-conceptOrder">
          <valueInteger value="1" />
        </extension>
        <code value="415861009" />
        <display value="Yersinia enterocolitica serogroup O:2a,3 (organism)" />
        <designation>
          <language value="en-US" />
          <use>
            <system value="http://snomed.info/sct" />
            <code value="900000000000003001" />
          </use>
          <value value="Yersinia enterocolitica serogroup O:2a,3 (organism)" />
        </designation>
        <designation>
          <language value="de-DE" />
          <value value="Yersinia enterocolitica, Serogruppe O:2a,3" />
        </designation>
      </concept>
      <concept>
        <extension url="http://hl7.org/fhir/StructureDefinition/valueset-conceptOrder">
          <valueInteger value="1" />
        </extension>
        <code value="415862002" />
        <display value="Yersinia enterocolitica serogroup O:4,32 (organism)" />
        <designation>
          <language value="en-US" />
          <use>
            <system value="http://snomed.info/sct" />
            <code value="900000000000003001" />
          </use>
          <value value="Yersinia enterocolitica serogroup O:4,32 (organism)" />
        </designation>
        <designation>
          <language value="de-DE" />
          <value value="Yersinia enterocolitica, Serogruppe O:4,32" />
        </designation>
      </concept>
      <concept>
        <extension url="http://hl7.org/fhir/StructureDefinition/valueset-conceptOrder">
          <valueInteger value="1" />
        </extension>
        <code value="415863007" />
        <display value="Yersinia enterocolitica serogroup O:5, 27 (organism)" />
        <designation>
          <language value="en-US" />
          <use>
            <system value="http://snomed.info/sct" />
            <code value="900000000000003001" />
          </use>
          <value value="Yersinia enterocolitica serogroup O:5, 27 (organism)" />
        </designation>
        <designation>
          <language value="de-DE" />
          <value value="Yersinia enterocolitica, Serogruppe O:5, 27" />
        </designation>
      </concept>
      <concept>
        <extension url="http://hl7.org/fhir/StructureDefinition/valueset-conceptOrder">
          <valueInteger value="1" />
        </extension>
        <code value="415864001" />
        <display value="Yersinia enterocolitica, not O:3; O:8; or O:5,27 (organism)" />
        <designation>
          <language value="en-US" />
          <use>
            <system value="http://snomed.info/sct" />
            <code value="900000000000003001" />
          </use>
          <value value="Yersinia enterocolitica, not O:3; O:8; or O:5,27 (organism)" />
        </designation>
        <designation>
          <language value="de-DE" />
          <value value="Yersinia enterocolitica, nicht O:3; O:8; oder O:5,27" />
        </designation>
      </concept>
      <concept>
        <extension url="http://hl7.org/fhir/StructureDefinition/valueset-conceptOrder">
          <valueInteger value="1" />
        </extension>
        <code value="428139002" />
        <display value="Yersinia enterocolitica, serogroup O:14 (organism)" />
        <designation>
          <language value="en-US" />
          <use>
            <system value="http://snomed.info/sct" />
            <code value="900000000000003001" />
          </use>
          <value value="Yersinia enterocolitica, serogroup O:14 (organism)" />
        </designation>
        <designation>
          <language value="de-DE" />
          <value value="Yersinia enterocolitica, Serogruppe O:14" />
        </designation>
      </concept>
      <concept>
        <extension url="http://hl7.org/fhir/StructureDefinition/valueset-conceptOrder">
          <valueInteger value="1" />
        </extension>
        <code value="446489003" />
        <display value="Yersinia massiliensis (organism)" />
        <designation>
          <language value="en-US" />
          <use>
            <system value="http://snomed.info/sct" />
            <code value="900000000000003001" />
          </use>
          <value value="Yersinia massiliensis (organism)" />
        </designation>
        <designation>
          <language value="de-DE" />
          <value value="Yersinia massiliensis" />
        </designation>
      </concept>
      <concept>
        <extension url="http://hl7.org/fhir/StructureDefinition/valueset-conceptOrder">
          <valueInteger value="1" />
        </extension>
        <code value="450391006" />
        <display value="Yersinia aleksiciae (organism)" />
        <designation>
          <language value="en-US" />
          <use>
            <system value="http://snomed.info/sct" />
            <code value="900000000000003001" />
          </use>
          <value value="Yersinia aleksiciae (organism)" />
        </designation>
        <designation>
          <language value="de-DE" />
          <value value="Yersinia aleksiciae" />
        </designation>
      </concept>
      <concept>
        <extension url="http://hl7.org/fhir/StructureDefinition/valueset-conceptOrder">
          <valueInteger value="1" />
        </extension>
        <code value="450392004" />
        <display value="Yersinia similis (organism)" />
        <designation>
          <language value="en-US" />
          <use>
            <system value="http://snomed.info/sct" />
            <code value="900000000000003001" />
          </use>
          <value value="Yersinia similis (organism)" />
        </designation>
        <designation>
          <language value="de-DE" />
          <value value="Yersinia similis" />
        </designation>
      </concept>
      <concept>
        <extension url="http://hl7.org/fhir/StructureDefinition/valueset-conceptOrder">
          <valueInteger value="90" />
        </extension>
        <code value="4668009" />
        <display value="Genus Yersinia (organism)" />
        <designation>
          <language value="en-US" />
          <use>
            <system value="http://snomed.info/sct" />
            <code value="900000000000003001" />
          </use>
          <value value="Genus Yersinia (organism)" />
        </designation>
        <designation>
          <language value="de-DE" />
          <value value="Gattung Yersinia" />
        </designation>
      </concept>
      <concept>
        <extension url="http://hl7.org/fhir/StructureDefinition/valueset-conceptOrder">
          <valueInteger value="1" />
        </extension>
        <code value="64125009" />
        <display value="Yersinia ruckeri (organism)" />
        <designation>
          <language value="en-US" />
          <use>
            <system value="http://snomed.info/sct" />
            <code value="900000000000003001" />
          </use>
          <value value="Yersinia ruckeri (organism)" />
        </designation>
        <designation>
          <language value="de-DE" />
          <value value="Yersinia ruckeri" />
        </designation>
      </concept>
      <concept>
        <extension url="http://hl7.org/fhir/StructureDefinition/valueset-conceptOrder">
          <valueInteger value="89" />
        </extension>
        <code value="65255000" />
        <display value="Yersinia enterocolitica (organism)" />
        <designation>
          <language value="en-US" />
          <use>
            <system value="http://snomed.info/sct" />
            <code value="900000000000003001" />
          </use>
          <value value="Yersinia enterocolitica (organism)" />
        </designation>
        <designation>
          <language value="de-DE" />
          <value value="Yersinia enterocolitica" />
        </designation>
      </concept>
      <concept>
        <extension url="http://hl7.org/fhir/StructureDefinition/valueset-conceptOrder">
          <valueInteger value="87" />
        </extension>
        <code value="705166001" />
        <display value="Yersinia enterocolitica subspecies enterocolitica (organism)" />
        <designation>
          <language value="en-US" />
          <use>
            <system value="http://snomed.info/sct" />
            <code value="900000000000003001" />
          </use>
          <value value="Yersinia enterocolitica subspecies enterocolitica (organism)" />
        </designation>
        <designation>
          <language value="de-DE" />
          <value value="Yersinia enterocolitica Subspecies enterocolitica" />
        </designation>
      </concept>
      <concept>
        <extension url="http://hl7.org/fhir/StructureDefinition/valueset-conceptOrder">
          <valueInteger value="1" />
        </extension>
        <code value="705167005" />
        <display value="Yersinia enterocolitica subspecies palearctica (organism)" />
        <designation>
          <language value="en-US" />
          <use>
            <system value="http://snomed.info/sct" />
            <code value="900000000000003001" />
          </use>
          <value value="Yersinia enterocolitica subspecies palearctica (organism)" />
        </designation>
        <designation>
          <language value="de-DE" />
          <value value="Yersinia enterocolitica Subspecies palearctica" />
        </designation>
      </concept>
      <concept>
        <extension url="http://hl7.org/fhir/StructureDefinition/valueset-conceptOrder">
          <valueInteger value="1" />
        </extension>
        <code value="720758006" />
        <display value="Yersinia enterocolitica biotype 1A (organism)" />
        <designation>
          <language value="en-US" />
          <use>
            <system value="http://snomed.info/sct" />
            <code value="900000000000003001" />
          </use>
          <value value="Yersinia enterocolitica biotype 1A (organism)" />
        </designation>
        <designation>
          <language value="de-DE" />
          <value value="Yersinia enterocolitica, Biotyp 1A" />
        </designation>
      </concept>
      <concept>
        <extension url="http://hl7.org/fhir/StructureDefinition/valueset-conceptOrder">
          <valueInteger value="1" />
        </extension>
        <code value="720759003" />
        <display value="Yersinia enterocolitica biotype 1B (organism)" />
        <designation>
          <language value="en-US" />
          <use>
            <system value="http://snomed.info/sct" />
            <code value="900000000000003001" />
          </use>
          <value value="Yersinia enterocolitica biotype 1B (organism)" />
        </designation>
        <designation>
          <language value="de-DE" />
          <value value="Yersinia enterocolitica, Biotyp 1B" />
        </designation>
      </concept>
      <concept>
        <extension url="http://hl7.org/fhir/StructureDefinition/valueset-conceptOrder">
          <valueInteger value="1" />
        </extension>
        <code value="720760008" />
        <display value="Yersinia enterocolitica biotype 2 (organism)" />
        <designation>
          <language value="en-US" />
          <use>
            <system value="http://snomed.info/sct" />
            <code value="900000000000003001" />
          </use>
          <value value="Yersinia enterocolitica biotype 2 (organism)" />
        </designation>
        <designation>
          <language value="de-DE" />
          <value value="Yersinia enterocolitica, Biotyp 2" />
        </designation>
      </concept>
      <concept>
        <extension url="http://hl7.org/fhir/StructureDefinition/valueset-conceptOrder">
          <valueInteger value="1" />
        </extension>
        <code value="720761007" />
        <display value="Yersinia enterocolitica biotype 3 (organism)" />
        <designation>
          <language value="en-US" />
          <use>
            <system value="http://snomed.info/sct" />
            <code value="900000000000003001" />
          </use>
          <value value="Yersinia enterocolitica biotype 3 (organism)" />
        </designation>
        <designation>
          <language value="de-DE" />
          <value value="Yersinia enterocolitica, Biotyp 3" />
        </designation>
      </concept>
      <concept>
        <extension url="http://hl7.org/fhir/StructureDefinition/valueset-conceptOrder">
          <valueInteger value="1" />
        </extension>
        <code value="720762000" />
        <display value="Yersinia enterocolitica biotype 4 (organism)" />
        <designation>
          <language value="en-US" />
          <use>
            <system value="http://snomed.info/sct" />
            <code value="900000000000003001" />
          </use>
          <value value="Yersinia enterocolitica biotype 4 (organism)" />
        </designation>
        <designation>
          <language value="de-DE" />
          <value value="Yersinia enterocolitica, Biotyp 4" />
        </designation>
      </concept>
      <concept>
        <extension url="http://hl7.org/fhir/StructureDefinition/valueset-conceptOrder">
          <valueInteger value="1" />
        </extension>
        <code value="720763005" />
        <display value="Yersinia enterocolitica biotype 5 (organism)" />
        <designation>
          <language value="en-US" />
          <use>
            <system value="http://snomed.info/sct" />
            <code value="900000000000003001" />
          </use>
          <value value="Yersinia enterocolitica biotype 5 (organism)" />
        </designation>
        <designation>
          <language value="de-DE" />
          <value value="Yersinia enterocolitica, Biotyp 5" />
        </designation>
      </concept>
      <concept>
        <extension url="http://hl7.org/fhir/StructureDefinition/valueset-conceptOrder">
          <valueInteger value="1" />
        </extension>
        <code value="720764004" />
        <display value="Yersinia enterocolitica serogroup O rough (organism)" />
        <designation>
          <language value="en-US" />
          <use>
            <system value="http://snomed.info/sct" />
            <code value="900000000000003001" />
          </use>
          <value value="Yersinia enterocolitica serogroup O rough (organism)" />
        </designation>
        <designation>
          <language value="de-DE" />
          <value value="Yersinia enterocolitica, Serogruppe O grob" />
        </designation>
      </concept>
      <concept>
        <extension url="http://hl7.org/fhir/StructureDefinition/valueset-conceptOrder">
          <valueInteger value="1" />
        </extension>
        <code value="720765003" />
        <display value="Yersinia enterocolitica serogroup O:6,30 (organism)" />
        <designation>
          <language value="en-US" />
          <use>
            <system value="http://snomed.info/sct" />
            <code value="900000000000003001" />
          </use>
          <value value="Yersinia enterocolitica serogroup O:6,30 (organism)" />
        </designation>
        <designation>
          <language value="de-DE" />
          <value value="Yersinia enterocolitica, Serogruppe O:6,30" />
        </designation>
      </concept>
      <concept>
        <extension url="http://hl7.org/fhir/StructureDefinition/valueset-conceptOrder">
          <valueInteger value="1" />
        </extension>
        <code value="720766002" />
        <display value="Yersinia enterocolitica serogroup O:6,31 (organism)" />
        <designation>
          <language value="en-US" />
          <use>
            <system value="http://snomed.info/sct" />
            <code value="900000000000003001" />
          </use>
          <value value="Yersinia enterocolitica serogroup O:6,31 (organism)" />
        </designation>
        <designation>
          <language value="de-DE" />
          <value value="Yersinia enterocolitica, Serogruppe O:6,31" />
        </designation>
      </concept>
      <concept>
        <extension url="http://hl7.org/fhir/StructureDefinition/valueset-conceptOrder">
          <valueInteger value="1" />
        </extension>
        <code value="720767006" />
        <display value="Yersinia enterocolitica serogroup O:7,8 (organism)" />
        <designation>
          <language value="en-US" />
          <use>
            <system value="http://snomed.info/sct" />
            <code value="900000000000003001" />
          </use>
          <value value="Yersinia enterocolitica serogroup O:7,8 (organism)" />
        </designation>
        <designation>
          <language value="de-DE" />
          <value value="Yersinia enterocolitica, Serogruppe O:7,8" />
        </designation>
      </concept>
      <concept>
        <extension url="http://hl7.org/fhir/StructureDefinition/valueset-conceptOrder">
          <valueInteger value="1" />
        </extension>
        <code value="720768001" />
        <display value="Yersinia enterocolitica serogroup O:10 (organism)" />
        <designation>
          <language value="en-US" />
          <use>
            <system value="http://snomed.info/sct" />
            <code value="900000000000003001" />
          </use>
          <value value="Yersinia enterocolitica serogroup O:10 (organism)" />
        </designation>
        <designation>
          <language value="de-DE" />
          <value value="Yersinia enterocolitica, Serogruppe O:10" />
        </designation>
      </concept>
      <concept>
        <extension url="http://hl7.org/fhir/StructureDefinition/valueset-conceptOrder">
          <valueInteger value="1" />
        </extension>
        <code value="720769009" />
        <display value="Yersinia enterocolitica serogroup O:16 (organism)" />
        <designation>
          <language value="en-US" />
          <use>
            <system value="http://snomed.info/sct" />
            <code value="900000000000003001" />
          </use>
          <value value="Yersinia enterocolitica serogroup O:16 (organism)" />
        </designation>
        <designation>
          <language value="de-DE" />
          <value value="Yersinia enterocolitica, Serogruppe O:16" />
        </designation>
      </concept>
      <concept>
        <extension url="http://hl7.org/fhir/StructureDefinition/valueset-conceptOrder">
          <valueInteger value="1" />
        </extension>
        <code value="720771009" />
        <display value="Yersinia enterocolitica serogroup O:22 (organism)" />
        <designation>
          <language value="en-US" />
          <use>
            <system value="http://snomed.info/sct" />
            <code value="900000000000003001" />
          </use>
          <value value="Yersinia enterocolitica serogroup O:22 (organism)" />
        </designation>
        <designation>
          <language value="de-DE" />
          <value value="Yersinia enterocolitica, Serogruppe O:22" />
        </designation>
      </concept>
      <concept>
        <extension url="http://hl7.org/fhir/StructureDefinition/valueset-conceptOrder">
          <valueInteger value="1" />
        </extension>
        <code value="720772002" />
        <display value="Yersinia enterocolitica serogroup O:36 (organism)" />
        <designation>
          <language value="en-US" />
          <use>
            <system value="http://snomed.info/sct" />
            <code value="900000000000003001" />
          </use>
          <value value="Yersinia enterocolitica serogroup O:36 (organism)" />
        </designation>
        <designation>
          <language value="de-DE" />
          <value value="Yersinia enterocolitica, Serogruppe O:36" />
        </designation>
      </concept>
      <concept>
        <extension url="http://hl7.org/fhir/StructureDefinition/valueset-conceptOrder">
          <valueInteger value="1" />
        </extension>
        <code value="720773007" />
        <display value="Yersinia enterocolitica serogroup O:57 (organism)" />
        <designation>
          <language value="en-US" />
          <use>
            <system value="http://snomed.info/sct" />
            <code value="900000000000003001" />
          </use>
          <value value="Yersinia enterocolitica serogroup O:57 (organism)" />
        </designation>
        <designation>
          <language value="de-DE" />
          <value value="Yersinia enterocolitica, Serogruppe O:57" />
        </designation>
      </concept>
      <concept>
        <extension url="http://hl7.org/fhir/StructureDefinition/valueset-conceptOrder">
          <valueInteger value="1" />
        </extension>
        <code value="720774001" />
        <display value="Yersinia enterocolitica serogroup O:18 (organism)" />
        <designation>
          <language value="en-US" />
          <use>
            <system value="http://snomed.info/sct" />
            <code value="900000000000003001" />
          </use>
          <value value="Yersinia enterocolitica serogroup O:18 (organism)" />
        </designation>
        <designation>
          <language value="de-DE" />
          <value value="Yersinia enterocolitica, Serogruppe O:18" />
        </designation>
      </concept>
      <concept>
        <extension url="http://hl7.org/fhir/StructureDefinition/valueset-conceptOrder">
          <valueInteger value="1" />
        </extension>
        <code value="720775000" />
        <display value="Yersinia enterocolitica serogroup O:1,2,3 (organism)" />
        <designation>
          <language value="en-US" />
          <use>
            <system value="http://snomed.info/sct" />
            <code value="900000000000003001" />
          </use>
          <value value="Yersinia enterocolitica serogroup O:1,2,3 (organism)" />
        </designation>
        <designation>
          <language value="de-DE" />
          <value value="Yersinia enterocolitica, Serogruppe O:1,2,3" />
        </designation>
      </concept>
      <concept>
        <extension url="http://hl7.org/fhir/StructureDefinition/valueset-conceptOrder">
          <valueInteger value="1" />
        </extension>
        <code value="720776004" />
        <display value="Yersinia enterocolitica serogroup O:2,3 (organism)" />
        <designation>
          <language value="en-US" />
          <use>
            <system value="http://snomed.info/sct" />
            <code value="900000000000003001" />
          </use>
          <value value="Yersinia enterocolitica serogroup O:2,3 (organism)" />
        </designation>
        <designation>
          <language value="de-DE" />
          <value value="Yersinia enterocolitica, Serogruppe O:2,3" />
        </designation>
      </concept>
      <concept>
        <extension url="http://hl7.org/fhir/StructureDefinition/valueset-conceptOrder">
          <valueInteger value="1" />
        </extension>
        <code value="720777008" />
        <display value="Yersinia enterocolitica biotype 1A non-serotypable (organism)" />
        <designation>
          <language value="en-US" />
          <use>
            <system value="http://snomed.info/sct" />
            <code value="900000000000003001" />
          </use>
          <value value="Yersinia enterocolitica biotype 1A non-serotypable (organism)" />
        </designation>
        <designation>
          <language value="de-DE" />
          <value value="Yersinia enterocolitica, Biotyp 1A nicht-serotypisierbar" />
        </designation>
      </concept>
      <concept>
        <extension url="http://hl7.org/fhir/StructureDefinition/valueset-conceptOrder">
          <valueInteger value="1" />
        </extension>
        <code value="720778003" />
        <display value="Yersinia enterocolitica biotype 1A serotype O rough (organism)" />
        <designation>
          <language value="en-US" />
          <use>
            <system value="http://snomed.info/sct" />
            <code value="900000000000003001" />
          </use>
          <value value="Yersinia enterocolitica biotype 1A serotype O rough (organism)" />
        </designation>
        <designation>
          <language value="de-DE" />
          <value value="Yersinia enterocolitica, Biotyp 1A, Serotyp O rau" />
        </designation>
      </concept>
      <concept>
        <extension url="http://hl7.org/fhir/StructureDefinition/valueset-conceptOrder">
          <valueInteger value="1" />
        </extension>
        <code value="720779006" />
        <display value="Yersinia enterocolitica biotype 1A serotype O:5 (organism)" />
        <designation>
          <language value="en-US" />
          <use>
            <system value="http://snomed.info/sct" />
            <code value="900000000000003001" />
          </use>
          <value value="Yersinia enterocolitica biotype 1A serotype O:5 (organism)" />
        </designation>
        <designation>
          <language value="de-DE" />
          <value value="Yersinia enterocolitica, Biotyp 1A, Serotyp O:5" />
        </designation>
      </concept>
      <concept>
        <extension url="http://hl7.org/fhir/StructureDefinition/valueset-conceptOrder">
          <valueInteger value="1" />
        </extension>
        <code value="720780009" />
        <display value="Yersinia enterocolitica biotype 1A serotype O:6,30 (organism)" />
        <designation>
          <language value="en-US" />
          <use>
            <system value="http://snomed.info/sct" />
            <code value="900000000000003001" />
          </use>
          <value value="Yersinia enterocolitica biotype 1A serotype O:6,30 (organism)" />
        </designation>
        <designation>
          <language value="de-DE" />
          <value value="Yersinia enterocolitica, Biotyp 1A, Serotyp O:6,30" />
        </designation>
      </concept>
      <concept>
        <extension url="http://hl7.org/fhir/StructureDefinition/valueset-conceptOrder">
          <valueInteger value="1" />
        </extension>
        <code value="720781008" />
        <display value="Yersinia enterocolitica biotype 1A serotype O:6,31 (organism)" />
        <designation>
          <language value="en-US" />
          <use>
            <system value="http://snomed.info/sct" />
            <code value="900000000000003001" />
          </use>
          <value value="Yersinia enterocolitica biotype 1A serotype O:6,31 (organism)" />
        </designation>
        <designation>
          <language value="de-DE" />
          <value value="Yersinia enterocolitica, Biotyp 1A, Serotyp O:6,31" />
        </designation>
      </concept>
      <concept>
        <extension url="http://hl7.org/fhir/StructureDefinition/valueset-conceptOrder">
          <valueInteger value="1" />
        </extension>
        <code value="720782001" />
        <display value="Yersinia enterocolitica biotype 1A serotype O:7,8 (organism)" />
        <designation>
          <language value="en-US" />
          <use>
            <system value="http://snomed.info/sct" />
            <code value="900000000000003001" />
          </use>
          <value value="Yersinia enterocolitica biotype 1A serotype O:7,8 (organism)" />
        </designation>
        <designation>
          <language value="de-DE" />
          <value value="Yersinia enterocolitica, Biotyp 1A, Serotyp O:7,8" />
        </designation>
      </concept>
      <concept>
        <extension url="http://hl7.org/fhir/StructureDefinition/valueset-conceptOrder">
          <valueInteger value="1" />
        </extension>
        <code value="720784000" />
        <display value="Yersinia enterocolitica biotype 1A serotype O:7,13 (organism)" />
        <designation>
          <language value="en-US" />
          <use>
            <system value="http://snomed.info/sct" />
            <code value="900000000000003001" />
          </use>
          <value value="Yersinia enterocolitica biotype 1A serotype O:7,13 (organism)" />
        </designation>
        <designation>
          <language value="de-DE" />
          <value value="Yersinia enterocolitica, Biotyp 1A, Serotyp O:7,13" />
        </designation>
      </concept>
      <concept>
        <extension url="http://hl7.org/fhir/StructureDefinition/valueset-conceptOrder">
          <valueInteger value="1" />
        </extension>
        <code value="720785004" />
        <display value="Yersinia enterocolitica serogroup O:7,13 (organism)" />
        <designation>
          <language value="en-US" />
          <use>
            <system value="http://snomed.info/sct" />
            <code value="900000000000003001" />
          </use>
          <value value="Yersinia enterocolitica serogroup O:7,13 (organism)" />
        </designation>
        <designation>
          <language value="de-DE" />
          <value value="Yersinia enterocolitica, Serogruppe O:7,13" />
        </designation>
      </concept>
      <concept>
        <extension url="http://hl7.org/fhir/StructureDefinition/valueset-conceptOrder">
          <valueInteger value="1" />
        </extension>
        <code value="720786003" />
        <display value="Yersinia enterocolitica biotype 1A serotype O:10 (organism)" />
        <designation>
          <language value="en-US" />
          <use>
            <system value="http://snomed.info/sct" />
            <code value="900000000000003001" />
          </use>
          <value value="Yersinia enterocolitica biotype 1A serotype O:10 (organism)" />
        </designation>
        <designation>
          <language value="de-DE" />
          <value value="Yersinia enterocolitica, Biotyp 1A, Serotyp O:10" />
        </designation>
      </concept>
      <concept>
        <extension url="http://hl7.org/fhir/StructureDefinition/valueset-conceptOrder">
          <valueInteger value="1" />
        </extension>
        <code value="720787007" />
        <display value="Yersinia enterocolitica biotype 1A serotype O:14 (organism)" />
        <designation>
          <language value="en-US" />
          <use>
            <system value="http://snomed.info/sct" />
            <code value="900000000000003001" />
          </use>
          <value value="Yersinia enterocolitica biotype 1A serotype O:14 (organism)" />
        </designation>
        <designation>
          <language value="de-DE" />
          <value value="Yersinia enterocolitica, Biotyp 1A, Serotyp O:14" />
        </designation>
      </concept>
      <concept>
        <extension url="http://hl7.org/fhir/StructureDefinition/valueset-conceptOrder">
          <valueInteger value="1" />
        </extension>
        <code value="720788002" />
        <display value="Yersinia enterocolitica biotype 1A serotype O:16 (organism)" />
        <designation>
          <language value="en-US" />
          <use>
            <system value="http://snomed.info/sct" />
            <code value="900000000000003001" />
          </use>
          <value value="Yersinia enterocolitica biotype 1A serotype O:16 (organism)" />
        </designation>
        <designation>
          <language value="de-DE" />
          <value value="Yersinia enterocolitica, Biotyp 1A, Serotyp O:16" />
        </designation>
      </concept>
      <concept>
        <extension url="http://hl7.org/fhir/StructureDefinition/valueset-conceptOrder">
          <valueInteger value="1" />
        </extension>
        <code value="720790001" />
        <display value="Yersinia enterocolitica biotype 1A serotype O:22 (organism)" />
        <designation>
          <language value="en-US" />
          <use>
            <system value="http://snomed.info/sct" />
            <code value="900000000000003001" />
          </use>
          <value value="Yersinia enterocolitica biotype 1A serotype O:22 (organism)" />
        </designation>
        <designation>
          <language value="de-DE" />
          <value value="Yersinia enterocolitica, Biotyp 1A, Serotyp O:22" />
        </designation>
      </concept>
      <concept>
        <extension url="http://hl7.org/fhir/StructureDefinition/valueset-conceptOrder">
          <valueInteger value="1" />
        </extension>
        <code value="720791002" />
        <display value="Yersinia enterocolitica biotype 1A serotype O:36 (organism)" />
        <designation>
          <language value="en-US" />
          <use>
            <system value="http://snomed.info/sct" />
            <code value="900000000000003001" />
          </use>
          <value value="Yersinia enterocolitica biotype 1A serotype O:36 (organism)" />
        </designation>
        <designation>
          <language value="de-DE" />
          <value value="Yersinia enterocolitica, Biotyp 1A, Serotyp O:36" />
        </designation>
      </concept>
      <concept>
        <extension url="http://hl7.org/fhir/StructureDefinition/valueset-conceptOrder">
          <valueInteger value="1" />
        </extension>
        <code value="720792009" />
        <display value="Yersinia enterocolitica biotype 1A serotype O:57 (organism)" />
        <designation>
          <language value="en-US" />
          <use>
            <system value="http://snomed.info/sct" />
            <code value="900000000000003001" />
          </use>
          <value value="Yersinia enterocolitica biotype 1A serotype O:57 (organism)" />
        </designation>
        <designation>
          <language value="de-DE" />
          <value value="Yersinia enterocolitica, Biotyp 1A, Serotyp O:57" />
        </designation>
      </concept>
      <concept>
        <extension url="http://hl7.org/fhir/StructureDefinition/valueset-conceptOrder">
          <valueInteger value="1" />
        </extension>
        <code value="720793004" />
        <display value="Yersinia enterocolitica biotype 1B non-serotypable (organism)" />
        <designation>
          <language value="en-US" />
          <use>
            <system value="http://snomed.info/sct" />
            <code value="900000000000003001" />
          </use>
          <value value="Yersinia enterocolitica biotype 1B non-serotypable (organism)" />
        </designation>
        <designation>
          <language value="de-DE" />
          <value value="Yersinia enterocolitica, Biotyp 1B nicht-serotypisierbar" />
        </designation>
      </concept>
      <concept>
        <extension url="http://hl7.org/fhir/StructureDefinition/valueset-conceptOrder">
          <valueInteger value="1" />
        </extension>
        <code value="720794005" />
        <display value="Yersinia enterocolitica biotype 1B serotype O:8 (organism)" />
        <designation>
          <language value="en-US" />
          <use>
            <system value="http://snomed.info/sct" />
            <code value="900000000000003001" />
          </use>
          <value value="Yersinia enterocolitica biotype 1B serotype O:8 (organism)" />
        </designation>
        <designation>
          <language value="de-DE" />
          <value value="Yersinia enterocolitica, Biotyp 1B, Serotyp O:8" />
        </designation>
      </concept>
      <concept>
        <extension url="http://hl7.org/fhir/StructureDefinition/valueset-conceptOrder">
          <valueInteger value="1" />
        </extension>
        <code value="720795006" />
        <display value="Yersinia enterocolitica biotype 1B serotype O:13a,13b (organism)" />
        <designation>
          <language value="en-US" />
          <use>
            <system value="http://snomed.info/sct" />
            <code value="900000000000003001" />
          </use>
          <value value="Yersinia enterocolitica biotype 1B serotype O:13a,13b (organism)" />
        </designation>
        <designation>
          <language value="de-DE" />
          <value value="Yersinia enterocolitica, Biotyp 1B, Serotyp O:13a,13b" />
        </designation>
      </concept>
      <concept>
        <extension url="http://hl7.org/fhir/StructureDefinition/valueset-conceptOrder">
          <valueInteger value="1" />
        </extension>
        <code value="720796007" />
        <display value="Yersinia enterocolitica biotype 1B serotype O:18 (organism)" />
        <designation>
          <language value="en-US" />
          <use>
            <system value="http://snomed.info/sct" />
            <code value="900000000000003001" />
          </use>
          <value value="Yersinia enterocolitica biotype 1B serotype O:18 (organism)" />
        </designation>
        <designation>
          <language value="de-DE" />
          <value value="Yersinia enterocolitica, Biotyp 1B, Serotyp O:18" />
        </designation>
      </concept>
      <concept>
        <extension url="http://hl7.org/fhir/StructureDefinition/valueset-conceptOrder">
          <valueInteger value="1" />
        </extension>
        <code value="720797003" />
        <display value="Yersinia enterocolitica biotype 1B serotype O:20 (organism)" />
        <designation>
          <language value="en-US" />
          <use>
            <system value="http://snomed.info/sct" />
            <code value="900000000000003001" />
          </use>
          <value value="Yersinia enterocolitica biotype 1B serotype O:20 (organism)" />
        </designation>
        <designation>
          <language value="de-DE" />
          <value value="Yersinia enterocolitica, Biotyp 1B, Serotyp O:20" />
        </designation>
      </concept>
      <concept>
        <extension url="http://hl7.org/fhir/StructureDefinition/valueset-conceptOrder">
          <valueInteger value="1" />
        </extension>
        <code value="720798008" />
        <display value="Yersinia enterocolitica biotype 1B serotype O:21 (organism)" />
        <designation>
          <language value="en-US" />
          <use>
            <system value="http://snomed.info/sct" />
            <code value="900000000000003001" />
          </use>
          <value value="Yersinia enterocolitica biotype 1B serotype O:21 (organism)" />
        </designation>
        <designation>
          <language value="de-DE" />
          <value value="Yersinia enterocolitica, Biotyp 1B, Serotyp O:21" />
        </designation>
      </concept>
      <concept>
        <extension url="http://hl7.org/fhir/StructureDefinition/valueset-conceptOrder">
          <valueInteger value="1" />
        </extension>
        <code value="720799000" />
        <display value="Yersinia enterocolitica biotype 2 serotype O:5,27 (organism)" />
        <designation>
          <language value="en-US" />
          <use>
            <system value="http://snomed.info/sct" />
            <code value="900000000000003001" />
          </use>
          <value value="Yersinia enterocolitica biotype 2 serotype O:5,27 (organism)" />
        </designation>
        <designation>
          <language value="de-DE" />
          <value value="Yersinia enterocolitica, Biotyp 2, Serotyp O:5,27" />
        </designation>
      </concept>
      <concept>
        <extension url="http://hl7.org/fhir/StructureDefinition/valueset-conceptOrder">
          <valueInteger value="1" />
        </extension>
        <code value="720800001" />
        <display value="Yersinia enterocolitica biotype 2 serotype O:9 (organism)" />
        <designation>
          <language value="en-US" />
          <use>
            <system value="http://snomed.info/sct" />
            <code value="900000000000003001" />
          </use>
          <value value="Yersinia enterocolitica biotype 2 serotype O:9 (organism)" />
        </designation>
        <designation>
          <language value="de-DE" />
          <value value="Yersinia enterocolitica, Biotyp 2, Serotyp O:9" />
        </designation>
      </concept>
      <concept>
        <extension url="http://hl7.org/fhir/StructureDefinition/valueset-conceptOrder">
          <valueInteger value="1" />
        </extension>
        <code value="720801002" />
        <display value="Yersinia enterocolitica biotype 3 serotype O:1,2,3 (organism)" />
        <designation>
          <language value="en-US" />
          <use>
            <system value="http://snomed.info/sct" />
            <code value="900000000000003001" />
          </use>
          <value value="Yersinia enterocolitica biotype 3 serotype O:1,2,3 (organism)" />
        </designation>
        <designation>
          <language value="de-DE" />
          <value value="Yersinia enterocolitica, Biotyp 3, Serotyp O:1,2,3" />
        </designation>
      </concept>
      <concept>
        <extension url="http://hl7.org/fhir/StructureDefinition/valueset-conceptOrder">
          <valueInteger value="1" />
        </extension>
        <code value="720802009" />
        <display value="Yersinia enterocolitica biotype 3 serotype O:3 (organism)" />
        <designation>
          <language value="en-US" />
          <use>
            <system value="http://snomed.info/sct" />
            <code value="900000000000003001" />
          </use>
          <value value="Yersinia enterocolitica biotype 3 serotype O:3 (organism)" />
        </designation>
        <designation>
          <language value="de-DE" />
          <value value="Yersinia enterocolitica, Biotyp 3, Serotyp O:3" />
        </designation>
      </concept>
      <concept>
        <extension url="http://hl7.org/fhir/StructureDefinition/valueset-conceptOrder">
          <valueInteger value="1" />
        </extension>
        <code value="720803004" />
        <display value="Yersinia enterocolitica biotype 3 serotype O:5,27 (organism)" />
        <designation>
          <language value="en-US" />
          <use>
            <system value="http://snomed.info/sct" />
            <code value="900000000000003001" />
          </use>
          <value value="Yersinia enterocolitica biotype 3 serotype O:5,27 (organism)" />
        </designation>
        <designation>
          <language value="de-DE" />
          <value value="Yersinia enterocolitica, Biotyp 3, Serotyp O:5,27" />
        </designation>
      </concept>
      <concept>
        <extension url="http://hl7.org/fhir/StructureDefinition/valueset-conceptOrder">
          <valueInteger value="1" />
        </extension>
        <code value="720804005" />
        <display value="Yersinia enterocolitica biotype 4 serotype O:3 (organism)" />
        <designation>
          <language value="en-US" />
          <use>
            <system value="http://snomed.info/sct" />
            <code value="900000000000003001" />
          </use>
          <value value="Yersinia enterocolitica biotype 4 serotype O:3 (organism)" />
        </designation>
        <designation>
          <language value="de-DE" />
          <value value="Yersinia enterocolitica, Biotyp 4, Serotyp O:3" />
        </designation>
      </concept>
      <concept>
        <extension url="http://hl7.org/fhir/StructureDefinition/valueset-conceptOrder">
          <valueInteger value="1" />
        </extension>
        <code value="720805006" />
        <display value="Yersinia enterocolitica biotype 5 serotype O:2,3 (organism)" />
        <designation>
          <language value="en-US" />
          <use>
            <system value="http://snomed.info/sct" />
            <code value="900000000000003001" />
          </use>
          <value value="Yersinia enterocolitica biotype 5 serotype O:2,3 (organism)" />
        </designation>
        <designation>
          <language value="de-DE" />
          <value value="Yersinia enterocolitica, Biotyp 5, Serotyp O:2,3" />
        </designation>
      </concept>
      <concept>
        <extension url="http://hl7.org/fhir/StructureDefinition/valueset-conceptOrder">
          <valueInteger value="1" />
        </extension>
        <code value="720869003" />
        <display value="Yersinia enterocolitica biotype 3 non-serotypable (organism)" />
        <designation>
          <language value="en-US" />
          <use>
            <system value="http://snomed.info/sct" />
            <code value="900000000000003001" />
          </use>
          <value value="Yersinia enterocolitica biotype 3 non-serotypable (organism)" />
        </designation>
        <designation>
          <language value="de-DE" />
          <value value="Yersinia enterocolitica, Biotyp 3 nicht-serotypisierbar" />
        </designation>
      </concept>
      <concept>
        <extension url="http://hl7.org/fhir/StructureDefinition/valueset-conceptOrder">
          <valueInteger value="1" />
        </extension>
        <code value="720870002" />
        <display value="Yersinia enterocolitica serogroup O:4,33 (organism)" />
        <designation>
          <language value="en-US" />
          <use>
            <system value="http://snomed.info/sct" />
            <code value="900000000000003001" />
          </use>
          <value value="Yersinia enterocolitica serogroup O:4,33 (organism)" />
        </designation>
        <designation>
          <language value="de-DE" />
          <value value="Yersinia enterocolitica, Serogruppe O:4,33" />
        </designation>
      </concept>
      <concept>
        <extension url="http://hl7.org/fhir/StructureDefinition/valueset-conceptOrder">
          <valueInteger value="1" />
        </extension>
        <code value="720871003" />
        <display value="Yersinia enterocolitica biotype 1A serotype O:4,33 (organism)" />
        <designation>
          <language value="en-US" />
          <use>
            <system value="http://snomed.info/sct" />
            <code value="900000000000003001" />
          </use>
          <value value="Yersinia enterocolitica biotype 1A serotype O:4,33 (organism)" />
        </designation>
        <designation>
          <language value="de-DE" />
          <value value="Yersinia enterocolitica, Biotyp 1A, Serotyp O:4,33" />
        </designation>
      </concept>
      <concept>
        <extension url="http://hl7.org/fhir/StructureDefinition/valueset-conceptOrder">
          <valueInteger value="1" />
        </extension>
        <code value="732253000" />
        <display value="Yersinia enterocolitica biotype 1A serotype O:19,8 (organism)" />
        <designation>
          <language value="en-US" />
          <use>
            <system value="http://snomed.info/sct" />
            <code value="900000000000003001" />
          </use>
          <value value="Yersinia enterocolitica biotype 1A serotype O:19,8 (organism)" />
        </designation>
        <designation>
          <language value="de-DE" />
          <value value="Yersinia enterocolitica, Biotyp 1A, Serotyp O:19,8" />
        </designation>
      </concept>
      <concept>
        <extension url="http://hl7.org/fhir/StructureDefinition/valueset-conceptOrder">
          <valueInteger value="1" />
        </extension>
        <code value="732254006" />
        <display value="Yersinia enterocolitica serogroup O:19,8 (organism)" />
        <designation>
          <language value="en-US" />
          <use>
            <system value="http://snomed.info/sct" />
            <code value="900000000000003001" />
          </use>
          <value value="Yersinia enterocolitica serogroup O:19,8 (organism)" />
        </designation>
        <designation>
          <language value="de-DE" />
          <value value="Yersinia enterocolitica, Serogruppe O:19,8" />
        </designation>
      </concept>
      <concept>
        <extension url="http://hl7.org/fhir/StructureDefinition/valueset-conceptOrder">
          <valueInteger value="1" />
        </extension>
        <code value="85159008" />
        <display value="Yersinia frederiksenii (organism)" />
        <designation>
          <language value="en-US" />
          <use>
            <system value="http://snomed.info/sct" />
            <code value="900000000000003001" />
          </use>
          <value value="Yersinia frederiksenii (organism)" />
        </designation>
        <designation>
          <language value="de-DE" />
          <value value="Yersinia frederiksenii" />
        </designation>
      </concept>
      <concept>
        <extension url="http://hl7.org/fhir/StructureDefinition/valueset-conceptOrder">
          <valueInteger value="1" />
        </extension>
        <code value="87145000" />
        <display value="Yersinia rohdei (organism)" />
        <designation>
          <language value="en-US" />
          <use>
            <system value="http://snomed.info/sct" />
            <code value="900000000000003001" />
          </use>
          <value value="Yersinia rohdei (organism)" />
        </designation>
        <designation>
          <language value="de-DE" />
          <value value="Yersinia rohdei" />
        </designation>
      </concept>
      <concept>
        <extension url="http://hl7.org/fhir/StructureDefinition/valueset-conceptOrder">
          <valueInteger value="1" />
        </extension>
        <code value="90530002" />
        <display value="Yersinia pseudotuberculosis (organism)" />
        <designation>
          <language value="en-US" />
          <use>
            <system value="http://snomed.info/sct" />
            <code value="900000000000003001" />
          </use>
          <value value="Yersinia pseudotuberculosis (organism)" />
        </designation>
        <designation>
          <language value="de-DE" />
          <value value="Yersinia pseudotuberculosis" />
        </designation>
      </concept>
      <concept>
        <extension url="http://hl7.org/fhir/StructureDefinition/valueset-conceptOrder">
          <valueInteger value="1" />
        </extension>
        <code value="91042006" />
        <display value="Yersinia kristensenii (organism)" />
        <designation>
          <language value="en-US" />
          <use>
            <system value="http://snomed.info/sct" />
            <code value="900000000000003001" />
          </use>
          <value value="Yersinia kristensenii (organism)" />
        </designation>
        <designation>
          <language value="de-DE" />
          <value value="Yersinia kristensenii" />
        </designation>
      </concept>
      <concept>
        <extension url="http://hl7.org/fhir/StructureDefinition/valueset-conceptOrder">
          <valueInteger value="1" />
        </extension>
        <code value="91246002" />
        <display value="Yersinia aldovae (organism)" />
        <designation>
          <language value="en-US" />
          <use>
            <system value="http://snomed.info/sct" />
            <code value="900000000000003001" />
          </use>
          <value value="Yersinia aldovae (organism)" />
        </designation>
        <designation>
          <language value="de-DE" />
          <value value="Yersinia aldovae" />
        </designation>
      </concept>
    </include>
    <include>
      <valueSet value="https://demis.rki.de/fhir/ValueSet/answerSetLaboratoryTest-SNOMED" />
    </include>
    <include>
      <valueSet value="https://demis.rki.de/fhir/ValueSet/answerSetResistance-SNOMED" />
    </include>
  </compose>
</ValueSet>