<?xml version="1.0" encoding="utf-8"?>
<ValueSet xmlns="http://hl7.org/fhir">
  <id value="answerSetMPMP" />
  <url value="https://demis.rki.de/fhir/ValueSet/answerSetMPMP" />
  <version value="1.4.1" />
  <name value="AnswerSetMPMP" />
  <title value="AnswerSet für Mycoplasmen" />
  <status value="active" />
  <experimental value="false" />
  <date value="2025-02-25" />
  <publisher value="Robert Koch-Institut" />
  <description value="Das ValueSet AnswerSetMPMP enthält die Codes der Answer-Codes für Mycoplasmen." />
  <copyright value="This material includes SNOMED Clinical Terms® (SNOMED CT®) which is used by permission of the International Health Terminology Standards Development Organisation (IHTSDO). All rights reserved. SNOMED CT®, was originally created by The College of American Pathologists. “SNOMED” and “SNOMED CT” are registered trademarks of the IHTSDO.&#xD;&#xA;&#xD;&#xA;Dieses Material enthält SNOMED Clinical Terms® (SNOMED CT®), die mit Genehmigung der International Health Terminology Standards Development Organisation (IHTSDO) verwendet werden. Alle Rechte vorbehalten. SNOMED CT® wurde ursprünglich vom College of American Pathologists entwickelt. &quot;SNOMED&quot; und &quot;SNOMED CT&quot; sind eingetragene Warenzeichen der IHTSDO.&#xD;&#xA;&#xD;&#xA;Downloadbedingungen für SNOMED-CT&#xD;&#xA;&#xD;&#xA;Enthält durch SNOMED International urheberrechtlich geschützte Information. Jede Verwendung von SNOMED CT in Deutschland erfordert eine vollgültige Affiliate Lizenz oder eine Sublizenz. Die entsprechende Lizenz ist kostenlos, vorausgesetzt die Verwendung findet nur in Deutschland statt und erfüllt die Bedingungen des Affiliate License Agreements. Affiliate Lizenzen können über das Mitglieder-Lizenzierungs- und Distributions-Service (MLDS) direkt beim jeweiligen NRC beantragt werden. https://mlds.ihtsdotools.org/#/landing/DE?lang=de&#xD;&#xA;&#xD;&#xA;Contains information protected by copyright of SNOMED International. Any use of SNOMED CT in Austria requires a valid affiliate license or sublicense. The corresponding license is free of charge, provided that the use only takes place in Austria and fulfills the conditions of the Affiliate License Agreement. Affiliate licenses can be requested directly from the respective NRC via the Member Licensing and Distribution Service (MLDS). ttps://mlds.ihtsdotools.org/#/landing/DE?lang=de" />
  <compose>
    <include>
      <system value="http://snomed.info/sct" />
      <version value="http://snomed.info/sct/11000274103/version/20241115" />
      <concept>
        <extension url="http://hl7.org/fhir/StructureDefinition/valueset-conceptOrder">
          <valueInteger value="1" />
        </extension>
        <code value="1290001" />
        <display value="Metamycoplasma hominis (organism)" />
        <designation>
          <language value="en-US" />
          <use>
            <system value="http://snomed.info/sct" />
            <code value="900000000000003001" />
          </use>
          <value value="Metamycoplasma hominis (organism)" />
        </designation>
        <designation>
          <language value="de-DE" />
          <value value="Mycoplasma hominis" />
        </designation>
      </concept>
      <concept>
        <extension url="http://hl7.org/fhir/StructureDefinition/valueset-conceptOrder">
          <valueInteger value="1" />
        </extension>
        <code value="5056007" />
        <display value="Mycoplasma genitalium (organism)" />
        <designation>
          <language value="en-US" />
          <use>
            <system value="http://snomed.info/sct" />
            <code value="900000000000003001" />
          </use>
          <value value="Mycoplasma genitalium (organism)" />
        </designation>
        <designation>
          <language value="de-DE" />
          <value value="Mycoplasma genitalium" />
        </designation>
      </concept>
      <concept>
        <extension url="http://hl7.org/fhir/StructureDefinition/valueset-conceptOrder">
          <valueInteger value="1" />
        </extension>
        <code value="58720004" />
        <display value="Mycoplasma pneumoniae (organism)" />
        <designation>
          <language value="en-US" />
          <use>
            <system value="http://snomed.info/sct" />
            <code value="900000000000003001" />
          </use>
          <value value="Mycoplasma pneumoniae (organism)" />
        </designation>
        <designation>
          <language value="de-DE" />
          <value value="Mycoplasma pneumoniae" />
        </designation>
      </concept>
      <concept>
        <extension url="http://hl7.org/fhir/StructureDefinition/valueset-conceptOrder">
          <valueInteger value="100" />
        </extension>
        <code value="78981005" />
        <display value="Genus Mycoplasma (organism)" />
        <designation>
          <language value="en-US" />
          <use>
            <system value="http://snomed.info/sct" />
            <code value="900000000000003001" />
          </use>
          <value value="Genus Mycoplasma (organism)" />
        </designation>
        <designation>
          <language value="de-DE" />
          <value value="Gattung Mycoplasma" />
        </designation>
      </concept>
    </include>
    <include>
      <valueSet value="https://demis.rki.de/fhir/ValueSet/answerSetLaboratoryTest-SNOMED" />
    </include>
    <include>
      <valueSet value="https://demis.rki.de/fhir/ValueSet/answerSetResistance-SNOMED" />
    </include>
  </compose>
</ValueSet>