<?xml version="1.0" encoding="utf-8"?>
<ValueSet xmlns="http://hl7.org/fhir">
  <id value="materialCAUP" />
  <url value="https://demis.rki.de/fhir/ValueSet/materialCAUP" />
  <version value="1.4.0" />
  <name value="MaterialCAUP" />
  <title value="Material für Candida auris; Meldepflicht nur für den direkten Nachweis" />
  <status value="active" />
  <experimental value="false" />
  <date value="2025-02-25" />
  <publisher value="Robert Koch-Institut" />
  <description value="Das ValueSet MaterialCAUP enthält die Codes der Materialien für Candida auris; Meldepflicht nur für den direkten Nachweis." />
  <copyright value="This material includes SNOMED Clinical Terms® (SNOMED CT®) which is used by permission of the International Health Terminology Standards Development Organisation (IHTSDO). All rights reserved. SNOMED CT®, was originally created by The College of American Pathologists. “SNOMED” and “SNOMED CT” are registered trademarks of the IHTSDO.&#xD;&#xA;&#xD;&#xA;Dieses Material enthält SNOMED Clinical Terms® (SNOMED CT®), die mit Genehmigung der International Health Terminology Standards Development Organisation (IHTSDO) verwendet werden. Alle Rechte vorbehalten. SNOMED CT® wurde ursprünglich vom College of American Pathologists entwickelt. &quot;SNOMED&quot; und &quot;SNOMED CT&quot; sind eingetragene Warenzeichen der IHTSDO.&#xD;&#xA;&#xD;&#xA;Downloadbedingungen für SNOMED-CT&#xD;&#xA;&#xD;&#xA;Enthält durch SNOMED International urheberrechtlich geschützte Information. Jede Verwendung von SNOMED CT in Deutschland erfordert eine vollgültige Affiliate Lizenz oder eine Sublizenz. Die entsprechende Lizenz ist kostenlos, vorausgesetzt die Verwendung findet nur in Deutschland statt und erfüllt die Bedingungen des Affiliate License Agreements. Affiliate Lizenzen können über das Mitglieder-Lizenzierungs- und Distributions-Service (MLDS) direkt beim jeweiligen NRC beantragt werden. https://mlds.ihtsdotools.org/#/landing/DE?lang=de&#xD;&#xA;&#xD;&#xA;Contains information protected by copyright of SNOMED International. Any use of SNOMED CT in Austria requires a valid affiliate license or sublicense. The corresponding license is free of charge, provided that the use only takes place in Austria and fulfills the conditions of the Affiliate License Agreement. Affiliate licenses can be requested directly from the respective NRC via the Member Licensing and Distribution Service (MLDS). ttps://mlds.ihtsdotools.org/#/landing/DE?lang=de" />
  <compose>
    <include>
      <system value="http://snomed.info/sct" />
      <version value="http://snomed.info/sct/11000274103/version/20241115" />
      <concept>
        <extension url="http://hl7.org/fhir/StructureDefinition/valueset-conceptOrder">
          <valueInteger value="0" />
        </extension>
        <code value="119297000" />
        <display value="Blood specimen (specimen)" />
        <designation>
          <language value="en-US" />
          <use>
            <system value="http://snomed.info/sct" />
            <code value="900000000000003001" />
          </use>
          <value value="Blood specimen (specimen)" />
        </designation>
        <designation>
          <language value="de-DE" />
          <value value="Blutprobe" />
        </designation>
      </concept>
      <concept>
        <extension url="http://hl7.org/fhir/StructureDefinition/valueset-conceptOrder">
          <valueInteger value="0" />
        </extension>
        <code value="119303007" />
        <display value="Microbial isolate specimen (specimen)" />
        <designation>
          <language value="en-US" />
          <use>
            <system value="http://snomed.info/sct" />
            <code value="900000000000003001" />
          </use>
          <value value="Microbial isolate specimen (specimen)" />
        </designation>
        <designation>
          <language value="de-DE" />
          <value value="Probenmaterial von mikrobiellem Isolat" />
        </designation>
      </concept>
      <concept>
        <extension url="http://hl7.org/fhir/StructureDefinition/valueset-conceptOrder">
          <valueInteger value="17" />
        </extension>
        <code value="122575003" />
        <display value="Urine specimen (specimen)" />
        <designation>
          <language value="en-US" />
          <use>
            <system value="http://snomed.info/sct" />
            <code value="900000000000003001" />
          </use>
          <value value="Urine specimen (specimen)" />
        </designation>
        <designation>
          <language value="de-DE" />
          <value value="Urinprobe" />
        </designation>
      </concept>
      <concept>
        <extension url="http://hl7.org/fhir/StructureDefinition/valueset-conceptOrder">
          <valueInteger value="1" />
        </extension>
        <code value="123038009" />
        <display value="Specimen (specimen)" />
        <designation>
          <language value="en-US" />
          <use>
            <system value="http://snomed.info/sct" />
            <code value="900000000000003001" />
          </use>
          <value value="Specimen (specimen)" />
        </designation>
        <designation>
          <language value="de-DE" />
          <value value="Probenmaterial" />
        </designation>
      </concept>
      <concept>
        <extension url="http://hl7.org/fhir/StructureDefinition/valueset-conceptOrder">
          <valueInteger value="0" />
        </extension>
        <code value="258503004" />
        <display value="Skin swab (specimen)" />
        <designation>
          <language value="en-US" />
          <use>
            <system value="http://snomed.info/sct" />
            <code value="900000000000003001" />
          </use>
          <value value="Skin swab (specimen)" />
        </designation>
        <designation>
          <language value="de-DE" />
          <value value="Hautabstrich" />
        </designation>
      </concept>
      <concept>
        <extension url="http://hl7.org/fhir/StructureDefinition/valueset-conceptOrder">
          <valueInteger value="0" />
        </extension>
        <code value="258528007" />
        <display value="Rectal swab (specimen)" />
        <designation>
          <language value="en-US" />
          <use>
            <system value="http://snomed.info/sct" />
            <code value="900000000000003001" />
          </use>
          <value value="Rectal swab (specimen)" />
        </designation>
        <designation>
          <language value="de-DE" />
          <value value="Rektalabstrich" />
        </designation>
      </concept>
      <concept>
        <extension url="http://hl7.org/fhir/StructureDefinition/valueset-conceptOrder">
          <valueInteger value="0" />
        </extension>
        <code value="309166000" />
        <display value="Ear swab specimen (specimen)" />
        <designation>
          <language value="en-US" />
          <use>
            <system value="http://snomed.info/sct" />
            <code value="900000000000003001" />
          </use>
          <value value="Ear swab specimen (specimen)" />
        </designation>
        <designation>
          <language value="de-DE" />
          <value value="Ohrabstrich" />
        </designation>
      </concept>
      <concept>
        <extension url="http://hl7.org/fhir/StructureDefinition/valueset-conceptOrder">
          <valueInteger value="10" />
        </extension>
        <code value="473409003" />
        <display value="Central venous catheter submitted as specimen (specimen)" />
        <designation>
          <language value="en-US" />
          <use>
            <system value="http://snomed.info/sct" />
            <code value="900000000000003001" />
          </use>
          <value value="Central venous catheter submitted as specimen (specimen)" />
        </designation>
        <designation>
          <language value="de-DE" />
          <value value="Zentralvenöser Katheter (ZVK) eingereicht als Probenmaterial" />
        </designation>
      </concept>
      <concept>
        <extension url="http://hl7.org/fhir/StructureDefinition/valueset-conceptOrder">
          <valueInteger value="0" />
        </extension>
        <code value="866032008" />
        <display value="Blood specimen in anaerobic blood culture bottle (specimen)" />
        <designation>
          <language value="en-US" />
          <use>
            <system value="http://snomed.info/sct" />
            <code value="900000000000003001" />
          </use>
          <value value="Blood specimen in anaerobic blood culture bottle (specimen)" />
        </designation>
        <designation>
          <language value="de-DE" />
          <value value="Blutprobe in anaerober Blutkulturflasche" />
        </designation>
      </concept>
      <concept>
        <extension url="http://hl7.org/fhir/StructureDefinition/valueset-conceptOrder">
          <valueInteger value="0" />
        </extension>
        <code value="866033003" />
        <display value="Blood specimen in aerobic blood culture bottle (specimen)" />
        <designation>
          <language value="en-US" />
          <use>
            <system value="http://snomed.info/sct" />
            <code value="900000000000003001" />
          </use>
          <value value="Blood specimen in aerobic blood culture bottle (specimen)" />
        </designation>
        <designation>
          <language value="de-DE" />
          <value value="Blutprobe in aerober Blutkulturflasche" />
        </designation>
      </concept>
      <concept>
        <extension url="http://hl7.org/fhir/StructureDefinition/valueset-conceptOrder">
          <valueInteger value="65" />
        </extension>
        <code value="878861003" />
        <display value="Blood specimen in blood culture bottle (specimen)" />
        <designation>
          <language value="en-US" />
          <use>
            <system value="http://snomed.info/sct" />
            <code value="900000000000003001" />
          </use>
          <value value="Blood specimen in blood culture bottle (specimen)" />
        </designation>
        <designation>
          <language value="de-DE" />
          <value value="Blutprobe in Blutkulturflasche" />
        </designation>
      </concept>
    </include>
  </compose>
</ValueSet>