<?xml version="1.0" encoding="utf-8"?>
<ValueSet xmlns="http://hl7.org/fhir">
  <id value="answerSetETVP" />
  <url value="https://demis.rki.de/fhir/ValueSet/answerSetETVP" />
  <version value="1.4.1" />
  <name value="AnswerSetETVP" />
  <title value="AnswerSet für Enteroviren" />
  <status value="active" />
  <experimental value="false" />
  <date value="2025-02-25" />
  <publisher value="Robert Koch-Institut" />
  <description value="Das ValueSet AnswerSetETVP enthält die Codes der Answer-Codes für Enteroviren." />
  <copyright value="This material includes SNOMED Clinical Terms® (SNOMED CT®) which is used by permission of the International Health Terminology Standards Development Organisation (IHTSDO). All rights reserved. SNOMED CT®, was originally created by The College of American Pathologists. “SNOMED” and “SNOMED CT” are registered trademarks of the IHTSDO.&#xD;&#xA;&#xD;&#xA;Dieses Material enthält SNOMED Clinical Terms® (SNOMED CT®), die mit Genehmigung der International Health Terminology Standards Development Organisation (IHTSDO) verwendet werden. Alle Rechte vorbehalten. SNOMED CT® wurde ursprünglich vom College of American Pathologists entwickelt. &quot;SNOMED&quot; und &quot;SNOMED CT&quot; sind eingetragene Warenzeichen der IHTSDO.&#xD;&#xA;&#xD;&#xA;Downloadbedingungen für SNOMED-CT&#xD;&#xA;&#xD;&#xA;Enthält durch SNOMED International urheberrechtlich geschützte Information. Jede Verwendung von SNOMED CT in Deutschland erfordert eine vollgültige Affiliate Lizenz oder eine Sublizenz. Die entsprechende Lizenz ist kostenlos, vorausgesetzt die Verwendung findet nur in Deutschland statt und erfüllt die Bedingungen des Affiliate License Agreements. Affiliate Lizenzen können über das Mitglieder-Lizenzierungs- und Distributions-Service (MLDS) direkt beim jeweiligen NRC beantragt werden. https://mlds.ihtsdotools.org/#/landing/DE?lang=de&#xD;&#xA;&#xD;&#xA;Contains information protected by copyright of SNOMED International. Any use of SNOMED CT in Austria requires a valid affiliate license or sublicense. The corresponding license is free of charge, provided that the use only takes place in Austria and fulfills the conditions of the Affiliate License Agreement. Affiliate licenses can be requested directly from the respective NRC via the Member Licensing and Distribution Service (MLDS). ttps://mlds.ihtsdotools.org/#/landing/DE?lang=de" />
  <compose>
    <include>
      <system value="http://snomed.info/sct" />
      <version value="http://snomed.info/sct/11000274103/version/20241115" />
      <concept>
        <extension url="http://hl7.org/fhir/StructureDefinition/valueset-conceptOrder">
          <valueInteger value="1" />
        </extension>
        <code value="12842000" />
        <display value="Human echovirus 21 (organism)" />
        <designation>
          <language value="en-US" />
          <use>
            <system value="http://snomed.info/sct" />
            <code value="900000000000003001" />
          </use>
          <value value="Human echovirus 21 (organism)" />
        </designation>
        <designation>
          <language value="de-DE" />
          <value value="Humanes Echovirus 21" />
        </designation>
      </concept>
      <concept>
        <extension url="http://hl7.org/fhir/StructureDefinition/valueset-conceptOrder">
          <valueInteger value="1" />
        </extension>
        <code value="1293004" />
        <display value="Human coxsackievirus A8 (organism)" />
        <designation>
          <language value="en-US" />
          <use>
            <system value="http://snomed.info/sct" />
            <code value="900000000000003001" />
          </use>
          <value value="Human coxsackievirus A8 (organism)" />
        </designation>
        <designation>
          <language value="de-DE" />
          <value value="Humanes Coxsackie-Virus A8" />
        </designation>
      </concept>
      <concept>
        <extension url="http://hl7.org/fhir/StructureDefinition/valueset-conceptOrder">
          <valueInteger value="1" />
        </extension>
        <code value="12997006" />
        <display value="Human enterovirus 68 (organism)" />
        <designation>
          <language value="en-US" />
          <use>
            <system value="http://snomed.info/sct" />
            <code value="900000000000003001" />
          </use>
          <value value="Human enterovirus 68 (organism)" />
        </designation>
        <designation>
          <language value="de-DE" />
          <value value="Humanes Enterovirus 68" />
        </designation>
      </concept>
      <concept>
        <extension url="http://hl7.org/fhir/StructureDefinition/valueset-conceptOrder">
          <valueInteger value="1" />
        </extension>
        <code value="15652005" />
        <display value="Human echovirus 13 (organism)" />
        <designation>
          <language value="en-US" />
          <use>
            <system value="http://snomed.info/sct" />
            <code value="900000000000003001" />
          </use>
          <value value="Human echovirus 13 (organism)" />
        </designation>
        <designation>
          <language value="de-DE" />
          <value value="Humanes Echovirus 13" />
        </designation>
      </concept>
      <concept>
        <extension url="http://hl7.org/fhir/StructureDefinition/valueset-conceptOrder">
          <valueInteger value="1" />
        </extension>
        <code value="16815003" />
        <display value="Human echovirus 5 (organism)" />
        <designation>
          <language value="en-US" />
          <use>
            <system value="http://snomed.info/sct" />
            <code value="900000000000003001" />
          </use>
          <value value="Human echovirus 5 (organism)" />
        </designation>
        <designation>
          <language value="de-DE" />
          <value value="Humanes Echovirus 5" />
        </designation>
      </concept>
      <concept>
        <extension url="http://hl7.org/fhir/StructureDefinition/valueset-conceptOrder">
          <valueInteger value="1" />
        </extension>
        <code value="17833003" />
        <display value="Human echovirus 31 (organism)" />
        <designation>
          <language value="en-US" />
          <use>
            <system value="http://snomed.info/sct" />
            <code value="900000000000003001" />
          </use>
          <value value="Human echovirus 31 (organism)" />
        </designation>
        <designation>
          <language value="de-DE" />
          <value value="Humanes Echovirus 31" />
        </designation>
      </concept>
      <concept>
        <extension url="http://hl7.org/fhir/StructureDefinition/valueset-conceptOrder">
          <valueInteger value="1" />
        </extension>
        <code value="19319001" />
        <display value="Human echovirus 18 (organism)" />
        <designation>
          <language value="en-US" />
          <use>
            <system value="http://snomed.info/sct" />
            <code value="900000000000003001" />
          </use>
          <value value="Human echovirus 18 (organism)" />
        </designation>
        <designation>
          <language value="de-DE" />
          <value value="Humanes Echovirus 18" />
        </designation>
      </concept>
      <concept>
        <extension url="http://hl7.org/fhir/StructureDefinition/valueset-conceptOrder">
          <valueInteger value="1" />
        </extension>
        <code value="21206001" />
        <display value="Human echovirus 2 (organism)" />
        <designation>
          <language value="en-US" />
          <use>
            <system value="http://snomed.info/sct" />
            <code value="900000000000003001" />
          </use>
          <value value="Human echovirus 2 (organism)" />
        </designation>
        <designation>
          <language value="de-DE" />
          <value value="Humanes Echovirus 2" />
        </designation>
      </concept>
      <concept>
        <extension url="http://hl7.org/fhir/StructureDefinition/valueset-conceptOrder">
          <valueInteger value="1" />
        </extension>
        <code value="21813007" />
        <display value="Human echovirus 17 (organism)" />
        <designation>
          <language value="en-US" />
          <use>
            <system value="http://snomed.info/sct" />
            <code value="900000000000003001" />
          </use>
          <value value="Human echovirus 17 (organism)" />
        </designation>
        <designation>
          <language value="de-DE" />
          <value value="Humanes Echovirus 17" />
        </designation>
      </concept>
      <concept>
        <extension url="http://hl7.org/fhir/StructureDefinition/valueset-conceptOrder">
          <valueInteger value="1" />
        </extension>
        <code value="23831003" />
        <display value="Human coxsackievirus A2 (organism)" />
        <designation>
          <language value="en-US" />
          <use>
            <system value="http://snomed.info/sct" />
            <code value="900000000000003001" />
          </use>
          <value value="Human coxsackievirus A2 (organism)" />
        </designation>
        <designation>
          <language value="de-DE" />
          <value value="Humanes Coxsackie-Virus A2" />
        </designation>
      </concept>
      <concept>
        <extension url="http://hl7.org/fhir/StructureDefinition/valueset-conceptOrder">
          <valueInteger value="1" />
        </extension>
        <code value="24071003" />
        <display value="Human coxsackievirus A6 (organism)" />
        <designation>
          <language value="en-US" />
          <use>
            <system value="http://snomed.info/sct" />
            <code value="900000000000003001" />
          </use>
          <value value="Human coxsackievirus A6 (organism)" />
        </designation>
        <designation>
          <language value="de-DE" />
          <value value="Humanes Coxsackie-Virus A6" />
        </designation>
      </concept>
      <concept>
        <extension url="http://hl7.org/fhir/StructureDefinition/valueset-conceptOrder">
          <valueInteger value="1" />
        </extension>
        <code value="24747003" />
        <display value="Human coxsackievirus A14 (organism)" />
        <designation>
          <language value="en-US" />
          <use>
            <system value="http://snomed.info/sct" />
            <code value="900000000000003001" />
          </use>
          <value value="Human coxsackievirus A14 (organism)" />
        </designation>
        <designation>
          <language value="de-DE" />
          <value value="Humanes Coxsackie-Virus A14" />
        </designation>
      </concept>
      <concept>
        <extension url="http://hl7.org/fhir/StructureDefinition/valueset-conceptOrder">
          <valueInteger value="1" />
        </extension>
        <code value="27555004" />
        <display value="Human coxsackievirus B2 (organism)" />
        <designation>
          <language value="en-US" />
          <use>
            <system value="http://snomed.info/sct" />
            <code value="900000000000003001" />
          </use>
          <value value="Human coxsackievirus B2 (organism)" />
        </designation>
        <designation>
          <language value="de-DE" />
          <value value="Humanes Coxsackie-Virus B2" />
        </designation>
      </concept>
      <concept>
        <extension url="http://hl7.org/fhir/StructureDefinition/valueset-conceptOrder">
          <valueInteger value="1" />
        </extension>
        <code value="2793000" />
        <display value="Human coxsackievirus A12 (organism)" />
        <designation>
          <language value="en-US" />
          <use>
            <system value="http://snomed.info/sct" />
            <code value="900000000000003001" />
          </use>
          <value value="Human coxsackievirus A12 (organism)" />
        </designation>
        <designation>
          <language value="de-DE" />
          <value value="Humanes Coxsackie-Virus A12" />
        </designation>
      </concept>
      <concept>
        <extension url="http://hl7.org/fhir/StructureDefinition/valueset-conceptOrder">
          <valueInteger value="1" />
        </extension>
        <code value="30154001" />
        <display value="Human echovirus 29 (organism)" />
        <designation>
          <language value="en-US" />
          <use>
            <system value="http://snomed.info/sct" />
            <code value="900000000000003001" />
          </use>
          <value value="Human echovirus 29 (organism)" />
        </designation>
        <designation>
          <language value="de-DE" />
          <value value="Humanes Echovirus 29" />
        </designation>
      </concept>
      <concept>
        <extension url="http://hl7.org/fhir/StructureDefinition/valueset-conceptOrder">
          <valueInteger value="1" />
        </extension>
        <code value="30840007" />
        <display value="Human coxsackievirus A18 (organism)" />
        <designation>
          <language value="en-US" />
          <use>
            <system value="http://snomed.info/sct" />
            <code value="900000000000003001" />
          </use>
          <value value="Human coxsackievirus A18 (organism)" />
        </designation>
        <designation>
          <language value="de-DE" />
          <value value="Humanes Coxsackie-Virus A18" />
        </designation>
      </concept>
      <concept>
        <extension url="http://hl7.org/fhir/StructureDefinition/valueset-conceptOrder">
          <valueInteger value="1" />
        </extension>
        <code value="3096006" />
        <display value="Human coxsackievirus A9 (organism)" />
        <designation>
          <language value="en-US" />
          <use>
            <system value="http://snomed.info/sct" />
            <code value="900000000000003001" />
          </use>
          <value value="Human coxsackievirus A9 (organism)" />
        </designation>
        <designation>
          <language value="de-DE" />
          <value value="Humanes Coxsackie-Virus A9" />
        </designation>
      </concept>
      <concept>
        <extension url="http://hl7.org/fhir/StructureDefinition/valueset-conceptOrder">
          <valueInteger value="1" />
        </extension>
        <code value="31183009" />
        <display value="Human echovirus 30 (organism)" />
        <designation>
          <language value="en-US" />
          <use>
            <system value="http://snomed.info/sct" />
            <code value="900000000000003001" />
          </use>
          <value value="Human echovirus 30 (organism)" />
        </designation>
        <designation>
          <language value="de-DE" />
          <value value="Humanes Echovirus 30" />
        </designation>
      </concept>
      <concept>
        <extension url="http://hl7.org/fhir/StructureDefinition/valueset-conceptOrder">
          <valueInteger value="1" />
        </extension>
        <code value="34632007" />
        <display value="Human echovirus 27 (organism)" />
        <designation>
          <language value="en-US" />
          <use>
            <system value="http://snomed.info/sct" />
            <code value="900000000000003001" />
          </use>
          <value value="Human echovirus 27 (organism)" />
        </designation>
        <designation>
          <language value="de-DE" />
          <value value="Humanes Echovirus 27" />
        </designation>
      </concept>
      <concept>
        <extension url="http://hl7.org/fhir/StructureDefinition/valueset-conceptOrder">
          <valueInteger value="1" />
        </extension>
        <code value="36204005" />
        <display value="Human echovirus 1 (organism)" />
        <designation>
          <language value="en-US" />
          <use>
            <system value="http://snomed.info/sct" />
            <code value="900000000000003001" />
          </use>
          <value value="Human echovirus 1 (organism)" />
        </designation>
        <designation>
          <language value="de-DE" />
          <value value="Humanes Echovirus 1" />
        </designation>
      </concept>
      <concept>
        <extension url="http://hl7.org/fhir/StructureDefinition/valueset-conceptOrder">
          <valueInteger value="1" />
        </extension>
        <code value="37870004" />
        <display value="Human echovirus 11 (organism)" />
        <designation>
          <language value="en-US" />
          <use>
            <system value="http://snomed.info/sct" />
            <code value="900000000000003001" />
          </use>
          <value value="Human echovirus 11 (organism)" />
        </designation>
        <designation>
          <language value="de-DE" />
          <value value="Humanes Echovirus 11" />
        </designation>
      </concept>
      <concept>
        <extension url="http://hl7.org/fhir/StructureDefinition/valueset-conceptOrder">
          <valueInteger value="1" />
        </extension>
        <code value="38203008" />
        <display value="Human coxsackievirus A10 (organism)" />
        <designation>
          <language value="en-US" />
          <use>
            <system value="http://snomed.info/sct" />
            <code value="900000000000003001" />
          </use>
          <value value="Human coxsackievirus A10 (organism)" />
        </designation>
        <designation>
          <language value="de-DE" />
          <value value="Humanes Coxsackie-Virus A10" />
        </designation>
      </concept>
      <concept>
        <extension url="http://hl7.org/fhir/StructureDefinition/valueset-conceptOrder">
          <valueInteger value="1" />
        </extension>
        <code value="38219001" />
        <display value="Human coxsackievirus A5 (organism)" />
        <designation>
          <language value="en-US" />
          <use>
            <system value="http://snomed.info/sct" />
            <code value="900000000000003001" />
          </use>
          <value value="Human coxsackievirus A5 (organism)" />
        </designation>
        <designation>
          <language value="de-DE" />
          <value value="Humanes Coxsackie-Virus A5" />
        </designation>
      </concept>
      <concept>
        <extension url="http://hl7.org/fhir/StructureDefinition/valueset-conceptOrder">
          <valueInteger value="1" />
        </extension>
        <code value="38889001" />
        <display value="Human coxsackievirus A19 (organism)" />
        <designation>
          <language value="en-US" />
          <use>
            <system value="http://snomed.info/sct" />
            <code value="900000000000003001" />
          </use>
          <value value="Human coxsackievirus A19 (organism)" />
        </designation>
        <designation>
          <language value="de-DE" />
          <value value="Humanes Coxsackie-Virus A19" />
        </designation>
      </concept>
      <concept>
        <extension url="http://hl7.org/fhir/StructureDefinition/valueset-conceptOrder">
          <valueInteger value="1" />
        </extension>
        <code value="39164004" />
        <display value="Human echovirus (organism)" />
        <designation>
          <language value="en-US" />
          <use>
            <system value="http://snomed.info/sct" />
            <code value="900000000000003001" />
          </use>
          <value value="Human echovirus (organism)" />
        </designation>
        <designation>
          <language value="de-DE" />
          <value value="Humanes Echovirus" />
        </designation>
      </concept>
      <concept>
        <extension url="http://hl7.org/fhir/StructureDefinition/valueset-conceptOrder">
          <valueInteger value="1" />
        </extension>
        <code value="41988004" />
        <display value="Human coxsackievirus B4 (organism)" />
        <designation>
          <language value="en-US" />
          <use>
            <system value="http://snomed.info/sct" />
            <code value="900000000000003001" />
          </use>
          <value value="Human coxsackievirus B4 (organism)" />
        </designation>
        <designation>
          <language value="de-DE" />
          <value value="Humanes Coxsackie-Virus B4" />
        </designation>
      </concept>
      <concept>
        <extension url="http://hl7.org/fhir/StructureDefinition/valueset-conceptOrder">
          <valueInteger value="1" />
        </extension>
        <code value="420441008" />
        <display value="Human enterovirus 77 (organism)" />
        <designation>
          <language value="en-US" />
          <use>
            <system value="http://snomed.info/sct" />
            <code value="900000000000003001" />
          </use>
          <value value="Human enterovirus 77 (organism)" />
        </designation>
        <designation>
          <language value="de-DE" />
          <value value="Humanes Enterovirus 77" />
        </designation>
      </concept>
      <concept>
        <extension url="http://hl7.org/fhir/StructureDefinition/valueset-conceptOrder">
          <valueInteger value="1" />
        </extension>
        <code value="42067008" />
        <display value="Human coxsackievirus A16 (organism)" />
        <designation>
          <language value="en-US" />
          <use>
            <system value="http://snomed.info/sct" />
            <code value="900000000000003001" />
          </use>
          <value value="Human coxsackievirus A16 (organism)" />
        </designation>
        <designation>
          <language value="de-DE" />
          <value value="Humanes Coxsackie-Virus A16" />
        </designation>
      </concept>
      <concept>
        <extension url="http://hl7.org/fhir/StructureDefinition/valueset-conceptOrder">
          <valueInteger value="1" />
        </extension>
        <code value="421124007" />
        <display value="Human enterovirus 75 (organism)" />
        <designation>
          <language value="en-US" />
          <use>
            <system value="http://snomed.info/sct" />
            <code value="900000000000003001" />
          </use>
          <value value="Human enterovirus 75 (organism)" />
        </designation>
        <designation>
          <language value="de-DE" />
          <value value="Humanes Enterovirus 75" />
        </designation>
      </concept>
      <concept>
        <extension url="http://hl7.org/fhir/StructureDefinition/valueset-conceptOrder">
          <valueInteger value="1" />
        </extension>
        <code value="421170000" />
        <display value="Human enterovirus 78 (organism)" />
        <designation>
          <language value="en-US" />
          <use>
            <system value="http://snomed.info/sct" />
            <code value="900000000000003001" />
          </use>
          <value value="Human enterovirus 78 (organism)" />
        </designation>
        <designation>
          <language value="de-DE" />
          <value value="Humanes Enterovirus 78" />
        </designation>
      </concept>
      <concept>
        <extension url="http://hl7.org/fhir/StructureDefinition/valueset-conceptOrder">
          <valueInteger value="1" />
        </extension>
        <code value="421603003" />
        <display value="Human enterovirus 73 (organism)" />
        <designation>
          <language value="en-US" />
          <use>
            <system value="http://snomed.info/sct" />
            <code value="900000000000003001" />
          </use>
          <value value="Human enterovirus 73 (organism)" />
        </designation>
        <designation>
          <language value="de-DE" />
          <value value="Humanes Enterovirus 73" />
        </designation>
      </concept>
      <concept>
        <extension url="http://hl7.org/fhir/StructureDefinition/valueset-conceptOrder">
          <valueInteger value="1" />
        </extension>
        <code value="421887001" />
        <display value="Human enterovirus 76 (organism)" />
        <designation>
          <language value="en-US" />
          <use>
            <system value="http://snomed.info/sct" />
            <code value="900000000000003001" />
          </use>
          <value value="Human enterovirus 76 (organism)" />
        </designation>
        <designation>
          <language value="de-DE" />
          <value value="Humanes Enterovirus 76" />
        </designation>
      </concept>
      <concept>
        <extension url="http://hl7.org/fhir/StructureDefinition/valueset-conceptOrder">
          <valueInteger value="1" />
        </extension>
        <code value="422793002" />
        <display value="Human enterovirus B (organism)" />
        <designation>
          <language value="en-US" />
          <use>
            <system value="http://snomed.info/sct" />
            <code value="900000000000003001" />
          </use>
          <value value="Human enterovirus B (organism)" />
        </designation>
        <designation>
          <language value="de-DE" />
          <value value="Humanes Enterovirus B" />
        </designation>
      </concept>
      <concept>
        <extension url="http://hl7.org/fhir/StructureDefinition/valueset-conceptOrder">
          <valueInteger value="1" />
        </extension>
        <code value="422982005" />
        <display value="Human enterovirus C (organism)" />
        <designation>
          <language value="en-US" />
          <use>
            <system value="http://snomed.info/sct" />
            <code value="900000000000003001" />
          </use>
          <value value="Human enterovirus C (organism)" />
        </designation>
        <designation>
          <language value="de-DE" />
          <value value="Humanes Enterovirus C" />
        </designation>
      </concept>
      <concept>
        <extension url="http://hl7.org/fhir/StructureDefinition/valueset-conceptOrder">
          <valueInteger value="1" />
        </extension>
        <code value="423043004" />
        <display value="Human enterovirus A (organism)" />
        <designation>
          <language value="en-US" />
          <use>
            <system value="http://snomed.info/sct" />
            <code value="900000000000003001" />
          </use>
          <value value="Human enterovirus A (organism)" />
        </designation>
        <designation>
          <language value="de-DE" />
          <value value="Humanes Enterovirus A" />
        </designation>
      </concept>
      <concept>
        <extension url="http://hl7.org/fhir/StructureDefinition/valueset-conceptOrder">
          <valueInteger value="1" />
        </extension>
        <code value="427004" />
        <display value="Human echovirus 4 (organism)" />
        <designation>
          <language value="en-US" />
          <use>
            <system value="http://snomed.info/sct" />
            <code value="900000000000003001" />
          </use>
          <value value="Human echovirus 4 (organism)" />
        </designation>
        <designation>
          <language value="de-DE" />
          <value value="Humanes Echovirus 4" />
        </designation>
      </concept>
      <concept>
        <extension url="http://hl7.org/fhir/StructureDefinition/valueset-conceptOrder">
          <valueInteger value="1" />
        </extension>
        <code value="428234001" />
        <display value="Human enterovirus D (organism)" />
        <designation>
          <language value="en-US" />
          <use>
            <system value="http://snomed.info/sct" />
            <code value="900000000000003001" />
          </use>
          <value value="Human enterovirus D (organism)" />
        </designation>
        <designation>
          <language value="de-DE" />
          <value value="Humanes Enterovirus D" />
        </designation>
      </concept>
      <concept>
        <extension url="http://hl7.org/fhir/StructureDefinition/valueset-conceptOrder">
          <valueInteger value="1" />
        </extension>
        <code value="43794009" />
        <display value="Human echovirus 3 (organism)" />
        <designation>
          <language value="en-US" />
          <use>
            <system value="http://snomed.info/sct" />
            <code value="900000000000003001" />
          </use>
          <value value="Human echovirus 3 (organism)" />
        </designation>
        <designation>
          <language value="de-DE" />
          <value value="Humanes Echovirus 3" />
        </designation>
      </concept>
      <concept>
        <extension url="http://hl7.org/fhir/StructureDefinition/valueset-conceptOrder">
          <valueInteger value="1" />
        </extension>
        <code value="4433000" />
        <display value="Human echovirus 6 (organism)" />
        <designation>
          <language value="en-US" />
          <use>
            <system value="http://snomed.info/sct" />
            <code value="900000000000003001" />
          </use>
          <value value="Human echovirus 6 (organism)" />
        </designation>
        <designation>
          <language value="de-DE" />
          <value value="Humanes Echovirus 6" />
        </designation>
      </concept>
      <concept>
        <extension url="http://hl7.org/fhir/StructureDefinition/valueset-conceptOrder">
          <valueInteger value="1" />
        </extension>
        <code value="46506009" />
        <display value="Human echovirus 7 (organism)" />
        <designation>
          <language value="en-US" />
          <use>
            <system value="http://snomed.info/sct" />
            <code value="900000000000003001" />
          </use>
          <value value="Human echovirus 7 (organism)" />
        </designation>
        <designation>
          <language value="de-DE" />
          <value value="Humanes Echovirus 7" />
        </designation>
      </concept>
      <concept>
        <extension url="http://hl7.org/fhir/StructureDefinition/valueset-conceptOrder">
          <valueInteger value="1" />
        </extension>
        <code value="48171002" />
        <display value="Human coxsackievirus B6 (organism)" />
        <designation>
          <language value="en-US" />
          <use>
            <system value="http://snomed.info/sct" />
            <code value="900000000000003001" />
          </use>
          <value value="Human coxsackievirus B6 (organism)" />
        </designation>
        <designation>
          <language value="de-DE" />
          <value value="Humanes Coxsackie-Virus B6" />
        </designation>
      </concept>
      <concept>
        <extension url="http://hl7.org/fhir/StructureDefinition/valueset-conceptOrder">
          <valueInteger value="1" />
        </extension>
        <code value="49018005" />
        <display value="Human coxsackievirus B (organism)" />
        <designation>
          <language value="en-US" />
          <use>
            <system value="http://snomed.info/sct" />
            <code value="900000000000003001" />
          </use>
          <value value="Human coxsackievirus B (organism)" />
        </designation>
        <designation>
          <language value="de-DE" />
          <value value="Humanes Coxsackie-Virus B" />
        </designation>
      </concept>
      <concept>
        <extension url="http://hl7.org/fhir/StructureDefinition/valueset-conceptOrder">
          <valueInteger value="1" />
        </extension>
        <code value="50346001" />
        <display value="Human echovirus 15 (organism)" />
        <designation>
          <language value="en-US" />
          <use>
            <system value="http://snomed.info/sct" />
            <code value="900000000000003001" />
          </use>
          <value value="Human echovirus 15 (organism)" />
        </designation>
        <designation>
          <language value="de-DE" />
          <value value="Humanes Echovirus 15" />
        </designation>
      </concept>
      <concept>
        <extension url="http://hl7.org/fhir/StructureDefinition/valueset-conceptOrder">
          <valueInteger value="1" />
        </extension>
        <code value="52657009" />
        <display value="Human coxsackievirus A11 (organism)" />
        <designation>
          <language value="en-US" />
          <use>
            <system value="http://snomed.info/sct" />
            <code value="900000000000003001" />
          </use>
          <value value="Human coxsackievirus A11 (organism)" />
        </designation>
        <designation>
          <language value="de-DE" />
          <value value="Humanes Coxsackie-Virus A11" />
        </designation>
      </concept>
      <concept>
        <extension url="http://hl7.org/fhir/StructureDefinition/valueset-conceptOrder">
          <valueInteger value="1" />
        </extension>
        <code value="53038008" />
        <display value="Human echovirus 8 (organism)" />
        <designation>
          <language value="en-US" />
          <use>
            <system value="http://snomed.info/sct" />
            <code value="900000000000003001" />
          </use>
          <value value="Human echovirus 8 (organism)" />
        </designation>
        <designation>
          <language value="de-DE" />
          <value value="Humanes Echovirus 8" />
        </designation>
      </concept>
      <concept>
        <extension url="http://hl7.org/fhir/StructureDefinition/valueset-conceptOrder">
          <valueInteger value="1" />
        </extension>
        <code value="53744000" />
        <display value="Human coxsackievirus A (organism)" />
        <designation>
          <language value="en-US" />
          <use>
            <system value="http://snomed.info/sct" />
            <code value="900000000000003001" />
          </use>
          <value value="Human coxsackievirus A (organism)" />
        </designation>
        <designation>
          <language value="de-DE" />
          <value value="Humanes Coxsackie-Virus A" />
        </designation>
      </concept>
      <concept>
        <extension url="http://hl7.org/fhir/StructureDefinition/valueset-conceptOrder">
          <valueInteger value="1" />
        </extension>
        <code value="55982000" />
        <display value="Human coxsackievirus A3 (organism)" />
        <designation>
          <language value="en-US" />
          <use>
            <system value="http://snomed.info/sct" />
            <code value="900000000000003001" />
          </use>
          <value value="Human coxsackievirus A3 (organism)" />
        </designation>
        <designation>
          <language value="de-DE" />
          <value value="Humanes Coxsackie-Virus A3" />
        </designation>
      </concept>
      <concept>
        <extension url="http://hl7.org/fhir/StructureDefinition/valueset-conceptOrder">
          <valueInteger value="1" />
        </extension>
        <code value="58445002" />
        <display value="Human coxsackievirus A17 (organism)" />
        <designation>
          <language value="en-US" />
          <use>
            <system value="http://snomed.info/sct" />
            <code value="900000000000003001" />
          </use>
          <value value="Human coxsackievirus A17 (organism)" />
        </designation>
        <designation>
          <language value="de-DE" />
          <value value="Humanes Coxsackie-Virus A17" />
        </designation>
      </concept>
      <concept>
        <extension url="http://hl7.org/fhir/StructureDefinition/valueset-conceptOrder">
          <valueInteger value="1" />
        </extension>
        <code value="58657002" />
        <display value="Human echovirus 12 (organism)" />
        <designation>
          <language value="en-US" />
          <use>
            <system value="http://snomed.info/sct" />
            <code value="900000000000003001" />
          </use>
          <value value="Human echovirus 12 (organism)" />
        </designation>
        <designation>
          <language value="de-DE" />
          <value value="Humanes Echovirus 12" />
        </designation>
      </concept>
      <concept>
        <extension url="http://hl7.org/fhir/StructureDefinition/valueset-conceptOrder">
          <valueInteger value="1" />
        </extension>
        <code value="59056002" />
        <display value="Human echovirus 32 (organism)" />
        <designation>
          <language value="en-US" />
          <use>
            <system value="http://snomed.info/sct" />
            <code value="900000000000003001" />
          </use>
          <value value="Human echovirus 32 (organism)" />
        </designation>
        <designation>
          <language value="de-DE" />
          <value value="Humanes Echovirus 32" />
        </designation>
      </concept>
      <concept>
        <extension url="http://hl7.org/fhir/StructureDefinition/valueset-conceptOrder">
          <valueInteger value="1" />
        </extension>
        <code value="60066004" />
        <display value="Human echovirus 34 (organism)" />
        <designation>
          <language value="en-US" />
          <use>
            <system value="http://snomed.info/sct" />
            <code value="900000000000003001" />
          </use>
          <value value="Human echovirus 34 (organism)" />
        </designation>
        <designation>
          <language value="de-DE" />
          <value value="Humanes Echovirus 34" />
        </designation>
      </concept>
      <concept>
        <extension url="http://hl7.org/fhir/StructureDefinition/valueset-conceptOrder">
          <valueInteger value="1" />
        </extension>
        <code value="62408001" />
        <display value="Human coxsackievirus B5 (organism)" />
        <designation>
          <language value="en-US" />
          <use>
            <system value="http://snomed.info/sct" />
            <code value="900000000000003001" />
          </use>
          <value value="Human coxsackievirus B5 (organism)" />
        </designation>
        <designation>
          <language value="de-DE" />
          <value value="Humanes Coxsackie-Virus B5" />
        </designation>
      </concept>
      <concept>
        <extension url="http://hl7.org/fhir/StructureDefinition/valueset-conceptOrder">
          <valueInteger value="1" />
        </extension>
        <code value="66619009" />
        <display value="Human echovirus 9 (organism)" />
        <designation>
          <language value="en-US" />
          <use>
            <system value="http://snomed.info/sct" />
            <code value="900000000000003001" />
          </use>
          <value value="Human echovirus 9 (organism)" />
        </designation>
        <designation>
          <language value="de-DE" />
          <value value="Humanes Echovirus 9" />
        </designation>
      </concept>
      <concept>
        <extension url="http://hl7.org/fhir/StructureDefinition/valueset-conceptOrder">
          <valueInteger value="1" />
        </extension>
        <code value="6771007" />
        <display value="Human coxsackievirus A20 (organism)" />
        <designation>
          <language value="en-US" />
          <use>
            <system value="http://snomed.info/sct" />
            <code value="900000000000003001" />
          </use>
          <value value="Human coxsackievirus A20 (organism)" />
        </designation>
        <designation>
          <language value="de-DE" />
          <value value="Humanes Coxsackie-Virus A20" />
        </designation>
      </concept>
      <concept>
        <extension url="http://hl7.org/fhir/StructureDefinition/valueset-conceptOrder">
          <valueInteger value="1" />
        </extension>
        <code value="68874003" />
        <display value="Human enterovirus 71 (organism)" />
        <designation>
          <language value="en-US" />
          <use>
            <system value="http://snomed.info/sct" />
            <code value="900000000000003001" />
          </use>
          <value value="Human enterovirus 71 (organism)" />
        </designation>
        <designation>
          <language value="de-DE" />
          <value value="Humanes Enterovirus 71" />
        </designation>
      </concept>
      <concept>
        <extension url="http://hl7.org/fhir/StructureDefinition/valueset-conceptOrder">
          <valueInteger value="100" />
        </extension>
        <code value="69239002" />
        <display value="Human enterovirus (organism)" />
        <designation>
          <language value="en-US" />
          <use>
            <system value="http://snomed.info/sct" />
            <code value="900000000000003001" />
          </use>
          <value value="Human enterovirus (organism)" />
        </designation>
        <designation>
          <language value="de-DE" />
          <value value="Humanes Enterovirus" />
        </designation>
      </concept>
      <concept>
        <extension url="http://hl7.org/fhir/StructureDefinition/valueset-conceptOrder">
          <valueInteger value="1" />
        </extension>
        <code value="698222005" />
        <display value="Human coxsackievirus A24 variant (organism)" />
        <designation>
          <language value="en-US" />
          <use>
            <system value="http://snomed.info/sct" />
            <code value="900000000000003001" />
          </use>
          <value value="Human coxsackievirus A24 variant (organism)" />
        </designation>
        <designation>
          <language value="de-DE" />
          <value value="Humanes Coxsackie-Virus A24-Variante" />
        </designation>
      </concept>
      <concept>
        <extension url="http://hl7.org/fhir/StructureDefinition/valueset-conceptOrder">
          <valueInteger value="1" />
        </extension>
        <code value="70855006" />
        <display value="Human echovirus 16 (organism)" />
        <designation>
          <language value="en-US" />
          <use>
            <system value="http://snomed.info/sct" />
            <code value="900000000000003001" />
          </use>
          <value value="Human echovirus 16 (organism)" />
        </designation>
        <designation>
          <language value="de-DE" />
          <value value="Humanes Echovirus 16" />
        </designation>
      </concept>
      <concept>
        <extension url="http://hl7.org/fhir/StructureDefinition/valueset-conceptOrder">
          <valueInteger value="1" />
        </extension>
        <code value="716253006" />
        <display value="Human echovirus 10 (organism)" />
        <designation>
          <language value="en-US" />
          <use>
            <system value="http://snomed.info/sct" />
            <code value="900000000000003001" />
          </use>
          <value value="Human echovirus 10 (organism)" />
        </designation>
        <designation>
          <language value="de-DE" />
          <value value="Humanes Echovirus 10" />
        </designation>
      </concept>
      <concept>
        <extension url="http://hl7.org/fhir/StructureDefinition/valueset-conceptOrder">
          <valueInteger value="1" />
        </extension>
        <code value="716254000" />
        <display value="Human echovirus 22 (organism)" />
        <designation>
          <language value="en-US" />
          <use>
            <system value="http://snomed.info/sct" />
            <code value="900000000000003001" />
          </use>
          <value value="Human echovirus 22 (organism)" />
        </designation>
        <designation>
          <language value="de-DE" />
          <value value="Humanes Echovirus 22" />
        </designation>
      </concept>
      <concept>
        <extension url="http://hl7.org/fhir/StructureDefinition/valueset-conceptOrder">
          <valueInteger value="1" />
        </extension>
        <code value="716255004" />
        <display value="Human echovirus 23 (organism)" />
        <designation>
          <language value="en-US" />
          <use>
            <system value="http://snomed.info/sct" />
            <code value="900000000000003001" />
          </use>
          <value value="Human echovirus 23 (organism)" />
        </designation>
        <designation>
          <language value="de-DE" />
          <value value="Humanes Echovirus 23" />
        </designation>
      </concept>
      <concept>
        <extension url="http://hl7.org/fhir/StructureDefinition/valueset-conceptOrder">
          <valueInteger value="1" />
        </extension>
        <code value="72254008" />
        <display value="Human coxsackievirus A1 (organism)" />
        <designation>
          <language value="en-US" />
          <use>
            <system value="http://snomed.info/sct" />
            <code value="900000000000003001" />
          </use>
          <value value="Human coxsackievirus A1 (organism)" />
        </designation>
        <designation>
          <language value="de-DE" />
          <value value="Humanes Coxsackie-Virus A1" />
        </designation>
      </concept>
      <concept>
        <extension url="http://hl7.org/fhir/StructureDefinition/valueset-conceptOrder">
          <valueInteger value="1" />
        </extension>
        <code value="72593000" />
        <display value="Human coxsackievirus A15 (organism)" />
        <designation>
          <language value="en-US" />
          <use>
            <system value="http://snomed.info/sct" />
            <code value="900000000000003001" />
          </use>
          <value value="Human coxsackievirus A15 (organism)" />
        </designation>
        <designation>
          <language value="de-DE" />
          <value value="Humanes Coxsackie-Virus A15" />
        </designation>
      </concept>
      <concept>
        <extension url="http://hl7.org/fhir/StructureDefinition/valueset-conceptOrder">
          <valueInteger value="1" />
        </extension>
        <code value="72597004" />
        <display value="Human coxsackievirus A21 (organism)" />
        <designation>
          <language value="en-US" />
          <use>
            <system value="http://snomed.info/sct" />
            <code value="900000000000003001" />
          </use>
          <value value="Human coxsackievirus A21 (organism)" />
        </designation>
        <designation>
          <language value="de-DE" />
          <value value="Humanes Coxsackie-Virus A21" />
        </designation>
      </concept>
      <concept>
        <extension url="http://hl7.org/fhir/StructureDefinition/valueset-conceptOrder">
          <valueInteger value="1" />
        </extension>
        <code value="72877003" />
        <display value="Human coxsackievirus A24 (organism)" />
        <designation>
          <language value="en-US" />
          <use>
            <system value="http://snomed.info/sct" />
            <code value="900000000000003001" />
          </use>
          <value value="Human coxsackievirus A24 (organism)" />
        </designation>
        <designation>
          <language value="de-DE" />
          <value value="Humanes Coxsackie-Virus A24" />
        </designation>
      </concept>
      <concept>
        <extension url="http://hl7.org/fhir/StructureDefinition/valueset-conceptOrder">
          <valueInteger value="1" />
        </extension>
        <code value="74305002" />
        <display value="Human echovirus 14 (organism)" />
        <designation>
          <language value="en-US" />
          <use>
            <system value="http://snomed.info/sct" />
            <code value="900000000000003001" />
          </use>
          <value value="Human echovirus 14 (organism)" />
        </designation>
        <designation>
          <language value="de-DE" />
          <value value="Humanes Echovirus 14" />
        </designation>
      </concept>
      <concept>
        <extension url="http://hl7.org/fhir/StructureDefinition/valueset-conceptOrder">
          <valueInteger value="1" />
        </extension>
        <code value="74533001" />
        <display value="Human echovirus 20 (organism)" />
        <designation>
          <language value="en-US" />
          <use>
            <system value="http://snomed.info/sct" />
            <code value="900000000000003001" />
          </use>
          <value value="Human echovirus 20 (organism)" />
        </designation>
        <designation>
          <language value="de-DE" />
          <value value="Humanes Echovirus 20" />
        </designation>
      </concept>
      <concept>
        <extension url="http://hl7.org/fhir/StructureDefinition/valueset-conceptOrder">
          <valueInteger value="1" />
        </extension>
        <code value="74924008" />
        <display value="Human coxsackievirus A7 (organism)" />
        <designation>
          <language value="en-US" />
          <use>
            <system value="http://snomed.info/sct" />
            <code value="900000000000003001" />
          </use>
          <value value="Human coxsackievirus A7 (organism)" />
        </designation>
        <designation>
          <language value="de-DE" />
          <value value="Humanes Coxsackie-Virus A7" />
        </designation>
      </concept>
      <concept>
        <extension url="http://hl7.org/fhir/StructureDefinition/valueset-conceptOrder">
          <valueInteger value="1" />
        </extension>
        <code value="7543009" />
        <display value="Human coxsackievirus A13 (organism)" />
        <designation>
          <language value="en-US" />
          <use>
            <system value="http://snomed.info/sct" />
            <code value="900000000000003001" />
          </use>
          <value value="Human coxsackievirus A13 (organism)" />
        </designation>
        <designation>
          <language value="de-DE" />
          <value value="Humanes Coxsackie-Virus A13" />
        </designation>
      </concept>
      <concept>
        <extension url="http://hl7.org/fhir/StructureDefinition/valueset-conceptOrder">
          <valueInteger value="1" />
        </extension>
        <code value="75565006" />
        <display value="Human echovirus 25 (organism)" />
        <designation>
          <language value="en-US" />
          <use>
            <system value="http://snomed.info/sct" />
            <code value="900000000000003001" />
          </use>
          <value value="Human echovirus 25 (organism)" />
        </designation>
        <designation>
          <language value="de-DE" />
          <value value="Humanes Echovirus 25" />
        </designation>
      </concept>
      <concept>
        <extension url="http://hl7.org/fhir/StructureDefinition/valueset-conceptOrder">
          <valueInteger value="1" />
        </extension>
        <code value="7746003" />
        <display value="Human echovirus 24 (organism)" />
        <designation>
          <language value="en-US" />
          <use>
            <system value="http://snomed.info/sct" />
            <code value="900000000000003001" />
          </use>
          <value value="Human echovirus 24 (organism)" />
        </designation>
        <designation>
          <language value="de-DE" />
          <value value="Humanes Echovirus 24" />
        </designation>
      </concept>
      <concept>
        <extension url="http://hl7.org/fhir/StructureDefinition/valueset-conceptOrder">
          <valueInteger value="1" />
        </extension>
        <code value="78434004" />
        <display value="Human enterovirus 69 (organism)" />
        <designation>
          <language value="en-US" />
          <use>
            <system value="http://snomed.info/sct" />
            <code value="900000000000003001" />
          </use>
          <value value="Human enterovirus 69 (organism)" />
        </designation>
        <designation>
          <language value="de-DE" />
          <value value="Humanes Enterovirus 69" />
        </designation>
      </concept>
      <concept>
        <extension url="http://hl7.org/fhir/StructureDefinition/valueset-conceptOrder">
          <valueInteger value="1" />
        </extension>
        <code value="79968007" />
        <display value="Human echovirus 33 (organism)" />
        <designation>
          <language value="en-US" />
          <use>
            <system value="http://snomed.info/sct" />
            <code value="900000000000003001" />
          </use>
          <value value="Human echovirus 33 (organism)" />
        </designation>
        <designation>
          <language value="de-DE" />
          <value value="Humanes Echovirus 33" />
        </designation>
      </concept>
      <concept>
        <extension url="http://hl7.org/fhir/StructureDefinition/valueset-conceptOrder">
          <valueInteger value="1" />
        </extension>
        <code value="82059001" />
        <display value="Human coxsackievirus B1 (organism)" />
        <designation>
          <language value="en-US" />
          <use>
            <system value="http://snomed.info/sct" />
            <code value="900000000000003001" />
          </use>
          <value value="Human coxsackievirus B1 (organism)" />
        </designation>
        <designation>
          <language value="de-DE" />
          <value value="Humanes Coxsackie-Virus B1" />
        </designation>
      </concept>
      <concept>
        <extension url="http://hl7.org/fhir/StructureDefinition/valueset-conceptOrder">
          <valueInteger value="1" />
        </extension>
        <code value="82519006" />
        <display value="Human echovirus 19 (organism)" />
        <designation>
          <language value="en-US" />
          <use>
            <system value="http://snomed.info/sct" />
            <code value="900000000000003001" />
          </use>
          <value value="Human echovirus 19 (organism)" />
        </designation>
        <designation>
          <language value="de-DE" />
          <value value="Humanes Echovirus 19" />
        </designation>
      </concept>
      <concept>
        <extension url="http://hl7.org/fhir/StructureDefinition/valueset-conceptOrder">
          <valueInteger value="1" />
        </extension>
        <code value="83593001" />
        <display value="Human coxsackievirus A22 (organism)" />
        <designation>
          <language value="en-US" />
          <use>
            <system value="http://snomed.info/sct" />
            <code value="900000000000003001" />
          </use>
          <value value="Human coxsackievirus A22 (organism)" />
        </designation>
        <designation>
          <language value="de-DE" />
          <value value="Humanes Coxsackie-Virus A22" />
        </designation>
      </concept>
      <concept>
        <extension url="http://hl7.org/fhir/StructureDefinition/valueset-conceptOrder">
          <valueInteger value="1" />
        </extension>
        <code value="86886003" />
        <display value="Human coxsackievirus A4 (organism)" />
        <designation>
          <language value="en-US" />
          <use>
            <system value="http://snomed.info/sct" />
            <code value="900000000000003001" />
          </use>
          <value value="Human coxsackievirus A4 (organism)" />
        </designation>
        <designation>
          <language value="de-DE" />
          <value value="Humanes Coxsackie-Virus A4" />
        </designation>
      </concept>
      <concept>
        <extension url="http://hl7.org/fhir/StructureDefinition/valueset-conceptOrder">
          <valueInteger value="1" />
        </extension>
        <code value="89585007" />
        <display value="Human coxsackievirus B3 (organism)" />
        <designation>
          <language value="en-US" />
          <use>
            <system value="http://snomed.info/sct" />
            <code value="900000000000003001" />
          </use>
          <value value="Human coxsackievirus B3 (organism)" />
        </designation>
        <designation>
          <language value="de-DE" />
          <value value="Humanes Coxsackie-Virus B3" />
        </designation>
      </concept>
      <concept>
        <extension url="http://hl7.org/fhir/StructureDefinition/valueset-conceptOrder">
          <valueInteger value="1" />
        </extension>
        <code value="90779008" />
        <display value="Human enterovirus 70 (organism)" />
        <designation>
          <language value="en-US" />
          <use>
            <system value="http://snomed.info/sct" />
            <code value="900000000000003001" />
          </use>
          <value value="Human enterovirus 70 (organism)" />
        </designation>
        <designation>
          <language value="de-DE" />
          <value value="Humanes Enterovirus 70" />
        </designation>
      </concept>
      <concept>
        <extension url="http://hl7.org/fhir/StructureDefinition/valueset-conceptOrder">
          <valueInteger value="1" />
        </extension>
        <code value="91072000" />
        <display value="Human echovirus 26 (organism)" />
        <designation>
          <language value="en-US" />
          <use>
            <system value="http://snomed.info/sct" />
            <code value="900000000000003001" />
          </use>
          <value value="Human echovirus 26 (organism)" />
        </designation>
        <designation>
          <language value="de-DE" />
          <value value="Humanes Echovirus 26" />
        </designation>
      </concept>
    </include>
    <include>
      <valueSet value="https://demis.rki.de/fhir/ValueSet/answerSetLaboratoryTest-SNOMED" />
    </include>
    <include>
      <valueSet value="https://demis.rki.de/fhir/ValueSet/answerSetResistance-SNOMED" />
    </include>
  </compose>
</ValueSet>