<QuestionnaireResponse xmlns="http://hl7.org/fhir">
   <id value="6f293b6a-789c-3ca6-b230-9de8c6ac9f2f"></id>
   <meta>
      <profile value="https://demis.rki.de/fhir/StructureDefinition/DiseaseInformationVZZD"></profile>
   </meta>
   <questionnaire value="https://demis.rki.de/fhir/Questionnaire/DiseaseQuestionsVZZD"></questionnaire>
   <status value="completed"></status>
   <subject>
      <reference value="Patient/486f4d8e-337a-3dd0-83c7-3758273ecd05"></reference>
   </subject>
   <item>
      <linkId value="immunization"></linkId>
      <answer>
         <valueCoding>
            <system value="http://terminology.hl7.org/CodeSystem/v3-NullFlavor"></system>
            <code value="ASKU"></code>
            <display value="asked but unknown"></display>
         </valueCoding>
      </answer>
   </item>
   <item>
      <linkId value="outbreak"></linkId>
      <answer>
         <valueCoding>
            <system value="https://demis.rki.de/fhir/CodeSystem/yesOrNoAnswer"></system>
            <code value="no"></code>
            <display value="Nein"></display>
         </valueCoding>
      </answer>
   </item>
</QuestionnaireResponse>