<QuestionnaireResponse xmlns="http://hl7.org/fhir">
  <id value="17a5339d-f142-3388-bc3f-fc8e16ba7076"></id>
  <meta>
    <profile value="https://demis.rki.de/fhir/StructureDefinition/DiseaseInformationHTVD"></profile>
  </meta>
  <questionnaire value="https://demis.rki.de/fhir/Questionnaire/DiseaseQuestionsHTVD"></questionnaire>
  <status value="completed"></status>
  <subject>
    <reference value="Patient/ee1a8f25-3792-3f6d-9979-03fcb77976d7"></reference>
  </subject>
  <item>
    <linkId value="infectionRiskKindGroup"></linkId>
    <item>
      <linkId value="infectionRiskKindJob"></linkId>
      <answer>
        <valueCoding>
          <system value="http://snomed.info/sct"></system>
          <code value="34484007"></code>
          <display value="Förster/-in, Waldarbeiter /-in"></display>
        </valueCoding>
      </answer>
    </item>
  </item>
  <item>
    <linkId value="outbreak"></linkId>
    <answer>
      <valueCoding>
        <system value="https://demis.rki.de/fhir/CodeSystem/yesOrNoAnswer"></system>
        <code value="no"></code>
        <display value="Nein"></display>
      </valueCoding>
    </answer>
  </item>
</QuestionnaireResponse>