<?xml version="1.0" encoding="UTF-8"?>
<ValueSet xmlns="http://hl7.org/fhir">
  <id value="instrument" />
  <url value="https://demis.rki.de/fhir/ValueSet/instrument" />
  <version value="1.1.0" />
  <name value="Instrument" />
  <title value="Name des Sequenziergerätes" />
  <status value="active" />
  <experimental value="false" />
  <date value="2023-12-28" />
  <publisher value="Robert Koch-Institut" />
  <description value="Das ValueSet Instrument enthält die Codes der Sequenzierungsgerätenamen (angelehnt an ENA)." />
  <compose>
    <include>
      <system value="https://demis.rki.de/fhir/CodeSystem/instrument" />
      <version value="1.1.0" />
    </include>
  </compose>
</ValueSet>
