<Condition xmlns="http://hl7.org/fhir">
   <id value="d4dd535f-d2de-334c-a17d-909d0adc378a"></id>
   <meta>
      <profile value="https://demis.rki.de/fhir/StructureDefinition/DiseaseHAVD"></profile>
   </meta>
   <verificationStatus>
      <coding>
         <system value="http://terminology.hl7.org/CodeSystem/condition-ver-status"></system>
         <code value="confirmed"></code>
      </coding>
   </verificationStatus>
   <code>
      <coding>
         <system value="https://demis.rki.de/fhir/CodeSystem/notificationDiseaseCategory"></system>
         <code value="havd"></code>
         <display value="Hepatitis A"></display>
      </coding>
   </code>
   <subject>
      <reference value="Patient/94093013-3f84-3f26-97c7-4528cf773eb9"></reference>
   </subject>
   <onsetDateTime value="2023-01-20"></onsetDateTime>
   <recordedDate value="2023-01-26"></recordedDate>
   <evidence>
      <code>
         <coding>
            <system value="http://snomed.info/sct"></system>
            <code value="105721009:363698007=80581009"></code>
            <display value="Oberbauchbeschwerden"></display>
         </coding>
      </code>
   </evidence>
   <evidence>
      <code>
         <coding>
            <system value="http://snomed.info/sct"></system>
            <code value="386661006"></code>
            <display value="Fieber"></display>
         </coding>
      </code>
   </evidence>
   <evidence>
      <code>
         <coding>
            <system value="http://snomed.info/sct"></system>
            <code value="707724006"></code>
            <display value="Serumtransaminasen, erhöht;"></display>
         </coding>
      </code>
   </evidence>
   <note>
      <text value="Textueller Hinweis"></text>
   </note>
</Condition>