<Condition xmlns="http://hl7.org/fhir">
   <id value="4b8e8c55-a032-38cf-a995-e28eb2616162"></id>
   <meta>
      <profile value="https://demis.rki.de/fhir/StructureDefinition/DiseaseIZVD"></profile>
   </meta>
   <verificationStatus>
      <coding>
         <system value="http://terminology.hl7.org/CodeSystem/condition-ver-status"></system>
         <code value="confirmed"></code>
      </coding>
   </verificationStatus>
   <code>
      <coding>
         <system value="https://demis.rki.de/fhir/CodeSystem/notificationDiseaseCategory"></system>
         <code value="izvd"></code>
         <display value="Influenza, zoonotisch"></display>
      </coding>
   </code>
   <subject>
      <reference value="Patient/3835fc33-7d99-3386-bc41-ffd0801f95e8"></reference>
   </subject>
   <onsetDateTime value="2023-03-31"></onsetDateTime>
   <recordedDate value="2023-04-04"></recordedDate>
   <evidence>
      <code>
         <coding>
            <system value="http://snomed.info/sct"></system>
            <code value="95891005"></code>
            <display value="grippetypische Symptomatik"></display>
         </coding>
      </code>
   </evidence>
   <evidence>
      <code>
         <coding>
            <system value="http://snomed.info/sct"></system>
            <code value="267036007"></code>
            <display value="Atemstörung (Dyspnoe)"></display>
         </coding>
      </code>
   </evidence>
   <evidence>
      <code>
         <coding>
            <system value="http://snomed.info/sct"></system>
            <code value="9826008"></code>
            <display value="Bindehautentzündung (Konjunktivitis)"></display>
         </coding>
      </code>
   </evidence>
   <note>
      <text value="Leidet an Hypertonie."></text>
   </note>
</Condition>