<QuestionnaireResponse xmlns="http://hl7.org/fhir">
   <id value="146e5ced-db63-36e0-b8d3-85fa94218d8b"></id>
   <meta>
      <profile value="https://demis.rki.de/fhir/StructureDefinition/DiseaseInformationCVDD"></profile>
   </meta>
   <questionnaire value="https://demis.rki.de/fhir/Questionnaire/DiseaseQuestionsCVDD"></questionnaire>
   <status value="completed"></status>
   <subject>
      <reference value="Patient/ac163863-fefa-3ce2-8511-7a4150d6ad43"></reference>
   </subject>
   <item>
      <linkId value="infectionSource"></linkId>
      <answer>
         <valueCoding>
            <system value="http://terminology.hl7.org/CodeSystem/v3-NullFlavor"></system>
            <code value="NASK"></code>
            <display value="not asked"></display>
         </valueCoding>
      </answer>
   </item>
   <item>
      <linkId value="infectionEnvironmentSetting"></linkId>
      <answer>
         <valueCoding>
            <system value="http://terminology.hl7.org/CodeSystem/v3-NullFlavor"></system>
            <code value="NASK"></code>
            <display value="not asked"></display>
         </valueCoding>
      </answer>
   </item>
   <item>
      <linkId value="immunization"></linkId>
      <answer>
         <valueCoding>
            <system value="http://terminology.hl7.org/CodeSystem/v3-NullFlavor"></system>
            <code value="NASK"></code>
            <display value="not asked"></display>
         </valueCoding>
      </answer>
   </item>
   <item>
      <linkId value="outbreak"></linkId>
      <answer>
         <valueCoding>
            <system value="http://terminology.hl7.org/CodeSystem/v3-NullFlavor"></system>
            <code value="NASK"></code>
            <display value="not asked"></display>
         </valueCoding>
      </answer>
   </item>
</QuestionnaireResponse>