<Condition xmlns="http://hl7.org/fhir">
   <id value="8b4cb026-2560-3e9b-bbe7-2e3e9a6d44dc"></id>
   <meta>
      <profile value="https://demis.rki.de/fhir/StructureDefinition/DiseaseMYBD"></profile>
   </meta>
   <verificationStatus>
      <coding>
         <system value="http://terminology.hl7.org/CodeSystem/condition-ver-status"></system>
         <code value="confirmed"></code>
      </coding>
   </verificationStatus>
   <code>
      <coding>
         <system value="https://demis.rki.de/fhir/CodeSystem/notificationDiseaseCategory"></system>
         <code value="mybd"></code>
         <display value="Tuberkulose, bei Behandlungsabbruch"></display>
      </coding>
   </code>
   <subject>
      <reference value="Patient/b2a47276-f22e-3ca9-8f8a-f08729ec7b19"></reference>
   </subject>
   <recordedDate value="2023-04-20"></recordedDate>
   <note>
      <text value="Textueller Hinweis"></text>
   </note>
</Condition>