<QuestionnaireResponse xmlns="http://hl7.org/fhir">
   <id value="aad1af94-25c3-3e8b-adaa-31837af72b92"></id>
   <meta>
      <profile value="https://demis.rki.de/fhir/StructureDefinition/DiseaseInformationVCHD"></profile>
   </meta>
   <questionnaire value="https://demis.rki.de/fhir/Questionnaire/DiseaseQuestionsVCHD"></questionnaire>
   <status value="completed"></status>
   <subject>
      <reference value="Patient/be5f358b-d7a7-3ea3-9ad9-efa742153395"></reference>
   </subject>
   <item>
      <linkId value="immunization"></linkId>
      <answer>
         <valueCoding>
            <system value="https://demis.rki.de/fhir/CodeSystem/yesOrNoAnswer"></system>
            <code value="yes"></code>
            <display value="Ja"></display>
         </valueCoding>
         <item>
            <linkId value="immunizationRef"></linkId>
            <answer>
               <valueReference>
                  <reference value="Immunization/68636b03-91bb-35d5-bb83-b50f05fabcb8"></reference>
               </valueReference>
            </answer>
         </item>
         <item>
            <linkId value="immunizationRef"></linkId>
            <answer>
               <valueReference>
                  <reference value="Immunization/2acdd6f5-4f6b-349a-8463-edf5dcf8cf99"></reference>
               </valueReference>
            </answer>
         </item>
         <item>
            <linkId value="immunizationRef"></linkId>
            <answer>
               <valueReference>
                  <reference value="Immunization/a34407f5-25c6-30ff-ba5e-864ee98beae9"></reference>
               </valueReference>
            </answer>
         </item>
         <item>
            <linkId value="immunizationRef"></linkId>
            <answer>
               <valueReference>
                  <reference value="Immunization/6c765ea5-1d22-3b0c-b6fb-83a4eff2dbfb"></reference>
               </valueReference>
            </answer>
         </item>
      </answer>
   </item>
   <item>
      <linkId value="outbreak"></linkId>
      <answer>
         <valueCoding>
            <system value="https://demis.rki.de/fhir/CodeSystem/yesOrNoAnswer"></system>
            <code value="no"></code>
            <display value="Nein"></display>
         </valueCoding>
      </answer>
   </item>
</QuestionnaireResponse>