<QuestionnaireResponse xmlns="http://hl7.org/fhir">
   <id value="de7b4a25-a6fb-3333-a3d2-9a27bcc87911"></id>
   <meta>
      <profile value="https://demis.rki.de/fhir/StructureDefinition/DiseaseInformationSXXD"></profile>
   </meta>
   <questionnaire value="https://demis.rki.de/fhir/Questionnaire/DiseaseQuestionsSXXD"></questionnaire>
   <status value="completed"></status>
   <subject>
      <reference value="Patient/198b8948-67bc-3ced-8b37-d3ab6e335f97"></reference>
   </subject>
   <item>
      <linkId value="immunization"></linkId>
      <answer>
         <valueCoding>
            <system value="https://demis.rki.de/fhir/CodeSystem/yesOrNoAnswer"></system>
            <code value="yes"></code>
            <display value="Ja"></display>
         </valueCoding>
         <item>
            <linkId value="immunizationRef"></linkId>
            <answer>
               <valueReference>
                  <reference value="Immunization/01b1cc5b-d70f-38f9-92cb-1c9e209608b8"></reference>
               </valueReference>
            </answer>
         </item>
         <item>
            <linkId value="immunizationRef"></linkId>
            <answer>
               <valueReference>
                  <reference value="Immunization/35acb898-e67f-38fd-8373-5714186fed17"></reference>
               </valueReference>
            </answer>
         </item>
         <item>
            <linkId value="immunizationRef"></linkId>
            <answer>
               <valueReference>
                  <reference value="Immunization/01b4ee88-33bd-3e8a-8683-a84cf4920eaa"></reference>
               </valueReference>
            </answer>
         </item>
      </answer>
   </item>
   <item>
      <linkId value="suspectedCase"></linkId>
      <answer>
         <valueCoding>
            <system value="https://demis.rki.de/fhir/CodeSystem/yesOrNoAnswer"></system>
            <code value="no"></code>
            <display value="Nein"></display>
         </valueCoding>
      </answer>
   </item>
   <item>
      <linkId value="outbreak"></linkId>
      <answer>
         <valueCoding>
            <system value="https://demis.rki.de/fhir/CodeSystem/yesOrNoAnswer"></system>
            <code value="no"></code>
            <display value="Nein"></display>
         </valueCoding>
      </answer>
   </item>
</QuestionnaireResponse>