<Immunization xmlns="http://hl7.org/fhir">
   <id value="7f8b8d88-7be0-32ce-b541-17e134565387"></id>
   <meta>
      <profile value="https://demis.rki.de/fhir/StructureDefinition/ImmunizationInformationSSPD"></profile>
   </meta>
   <status value="completed"></status>
   <vaccineCode>
      <coding>
         <system value="http://snomed.info/sct"></system>
         <code value="2241000221103"></code>
         <display value="Masern-Mumps-Röteln-Lebendvirusimpfstoff (Priorix,M-M-RVAXPRO)"></display>
      </coding>
   </vaccineCode>
   <patient>
      <reference value="Patient/2a64e4ad-b0c9-3a90-a2aa-4b66e393a16a"></reference>
   </patient>
   <occurrenceDateTime value="1988-10-20"></occurrenceDateTime>
   <note>
      <text value="-"></text>
   </note>
</Immunization>