<Condition xmlns="http://hl7.org/fhir">
   <id value="e4568b2c-40d6-3b05-b317-7c57861d4430"></id>
   <meta>
      <profile value="https://demis.rki.de/fhir/StructureDefinition/DiseaseVCHD"></profile>
   </meta>
   <verificationStatus>
      <coding>
         <system value="http://terminology.hl7.org/CodeSystem/condition-ver-status"></system>
         <code value="confirmed"></code>
      </coding>
   </verificationStatus>
   <code>
      <coding>
         <system value="https://demis.rki.de/fhir/CodeSystem/notificationDiseaseCategory"></system>
         <code value="vchd"></code>
         <display value="Cholera"></display>
      </coding>
   </code>
   <subject>
      <reference value="Patient/be5f358b-d7a7-3ea3-9ad9-efa742153395"></reference>
   </subject>
   <onsetDateTime value="2023-04-17"></onsetDateTime>
   <recordedDate value="2023-04-20"></recordedDate>
   <evidence>
      <code>
         <coding>
            <system value="http://snomed.info/sct"></system>
            <code value="409966000"></code>
            <display value="Durchfall, akut"></display>
         </coding>
      </code>
   </evidence>
   <evidence>
      <code>
         <coding>
            <system value="http://snomed.info/sct"></system>
            <code value="18425006"></code>
            <display value="Reiswasserstuhl"></display>
         </coding>
      </code>
   </evidence>
   <evidence>
      <code>
         <coding>
            <system value="http://snomed.info/sct"></system>
            <code value="422400008"></code>
            <display value="Erbrechen"></display>
         </coding>
      </code>
   </evidence>
   <note>
      <text value="-"></text>
   </note>
</Condition>