<Condition xmlns="http://hl7.org/fhir">
   <id value="e28dc57f-fdb9-3e2b-808a-8398075d5aa5"></id>
   <meta>
      <profile value="https://demis.rki.de/fhir/StructureDefinition/DiseaseSSPD"></profile>
   </meta>
   <verificationStatus>
      <coding>
         <system value="http://terminology.hl7.org/CodeSystem/condition-ver-status"></system>
         <code value="confirmed"></code>
      </coding>
   </verificationStatus>
   <code>
      <coding>
         <system value="https://demis.rki.de/fhir/CodeSystem/notificationDiseaseCategory"></system>
         <code value="sspd"></code>
         <display value="Subakute sklerosierende Panenzephalitis"></display>
      </coding>
   </code>
   <subject>
      <reference value="Patient/2a64e4ad-b0c9-3a90-a2aa-4b66e393a16a"></reference>
   </subject>
   <onsetDateTime value="2023-03-20"></onsetDateTime>
   <recordedDate value="2023-03-20"></recordedDate>
   <evidence>
      <code>
         <coding>
            <system value="http://snomed.info/sct"></system>
            <code value="102943000"></code>
            <display value="Persönlichkeitsveränderungen (z.B. Reizbarkeit)"></display>
         </coding>
      </code>
   </evidence>
   <evidence>
      <code>
         <coding>
            <system value="http://snomed.info/sct"></system>
            <code value="224398005"></code>
            <display value="Rückgang der Leistungen in Ausbildung oder Beruf"></display>
         </coding>
      </code>
   </evidence>
   <evidence>
      <code>
         <coding>
            <system value="http://snomed.info/sct"></system>
            <code value="17450006"></code>
            <display value="Myoklonien"></display>
         </coding>
      </code>
   </evidence>
</Condition>