<QuestionnaireResponse xmlns="http://hl7.org/fhir">
   <id value="450df31e-ac68-311c-9046-5175bf38e247"></id>
   <meta>
      <profile value="https://demis.rki.de/fhir/StructureDefinition/DiseaseInformationHAVD"></profile>
   </meta>
   <questionnaire value="https://demis.rki.de/fhir/Questionnaire/DiseaseQuestionsHAVD"></questionnaire>
   <status value="completed"></status>
   <subject>
      <reference value="Patient/94093013-3f84-3f26-97c7-4528cf773eb9"></reference>
   </subject>
   <item>
      <linkId value="immunization"></linkId>
      <answer>
         <valueCoding>
            <system value="https://demis.rki.de/fhir/CodeSystem/yesOrNoAnswer"></system>
            <code value="yes"></code>
            <display value="Ja"></display>
         </valueCoding>
         <item>
            <linkId value="immunizationRef"></linkId>
            <answer>
               <valueReference>
                  <reference value="Immunization/0ba5e608-c62b-399c-b869-eac0fb8b6462"></reference>
               </valueReference>
            </answer>
         </item>
         <item>
            <linkId value="immunizationRef"></linkId>
            <answer>
               <valueReference>
                  <reference value="Immunization/de699996-4d77-3b4d-8b15-c03ca2a54428"></reference>
               </valueReference>
            </answer>
         </item>
         <item>
            <linkId value="immunizationRef"></linkId>
            <answer>
               <valueReference>
                  <reference value="Immunization/36b97d4c-ffed-3f4a-b6bc-27886cc908b8"></reference>
               </valueReference>
            </answer>
         </item>
      </answer>
   </item>
   <item>
      <linkId value="infectionPathKind"></linkId>
      <answer>
         <valueCoding>
            <system value="http://snomed.info/sct"></system>
            <code value="44027008"></code>
            <display value="Meeresfrüchte, z.B. Austern Muscheln"></display>
         </valueCoding>
      </answer>
   </item>
   <item>
      <linkId value="outbreak"></linkId>
      <answer>
         <valueCoding>
            <system value="https://demis.rki.de/fhir/CodeSystem/yesOrNoAnswer"></system>
            <code value="no"></code>
            <display value="Nein"></display>
         </valueCoding>
      </answer>
   </item>
</QuestionnaireResponse>