<Composition xmlns="http://hl7.org/fhir">
   <id value="89882003-7af6-3a52-8112-741d96c294f0"></id>
   <meta>
      <lastUpdated value="2022-12-07T09:50:00.000+01:00"></lastUpdated>
      <profile value="https://demis.rki.de/fhir/StructureDefinition/NotificationDiseaseSPAD"></profile>
   </meta>
   <identifier>
      <system value="https://demis.rki.de/fhir/NamingSystem/NotificationId"></system>
      <value value="5eed16b2-e9d2-48ca-97c7-bae508e873f7"></value>
   </identifier>
   <status value="final"></status>
   <type>
      <coding>
         <system value="http://loinc.org"></system>
         <code value="34782-3"></code>
         <display value="Infectious disease Note"></display>
      </coding>
   </type>
   <category>
      <coding>
         <system value="https://demis.rki.de/fhir/CodeSystem/notificationType"></system>
         <code value="6.1_2"></code>
         <display value="Meldung gemäß §6 Absatz 1, 2"></display>
      </coding>
   </category>
   <subject>
      <reference value="Patient/21b23f64-f54b-351d-95df-22e5a4d9c4b0"></reference>
   </subject>
   <date value="2022-12-07T01:00:00+01:00"></date>
   <author>
      <reference value="PractitionerRole/1c9a0343-7cee-3607-b74f-2447bafca22b"></reference>
   </author>
   <title value="Meldung gemäß §6 Absatz 1, 2 IfSG"></title>
   <section>
      <title value="Diagnose"></title>
      <code>
         <coding>
            <system value="https://demis.rki.de/fhir/CodeSystem/sectionCode"></system>
            <code value="diagnosis"></code>
            <display value="Diagnose"></display>
         </coding>
      </code>
      <entry>
         <reference value="Condition/4c14a267-6cf7-3455-8339-3b9cdea1e197"></reference>
      </entry>
   </section>
   <section>
      <title value="Meldetatbestandsübergreifende klinische und epidemiologische Angaben"></title>
      <code>
         <coding>
            <system value="https://demis.rki.de/fhir/CodeSystem/sectionCode"></system>
            <code value="generalClinAndEpiInformation"></code>
            <display value="Meldetatbestandsübergreifende klinische und epidemiologische Angaben"></display>
         </coding>
      </code>
      <entry>
         <reference value="QuestionnaireResponse/59c4f4b4-8158-3019-b9cf-617460f63f76"></reference>
      </entry>
   </section>
   <section>
      <title value="Meldetatbestandsspezifische klinische und epidemiologische Angaben"></title>
      <code>
         <coding>
            <system value="https://demis.rki.de/fhir/CodeSystem/sectionCode"></system>
            <code value="specificClinAndEpiInformation"></code>
            <display value="Meldetatbestandsspezifische klinische und epidemiologische Angaben"></display>
         </coding>
      </code>
      <entry>
         <reference value="QuestionnaireResponse/df81da95-8256-32aa-bab4-e169c02eb51d"></reference>
      </entry>
   </section>
</Composition>