<Immunization xmlns="http://hl7.org/fhir">
   <id value="b0cfa859-a6d1-31a1-abf2-633805388d60"></id>
   <meta>
      <profile value="https://demis.rki.de/fhir/StructureDefinition/ImmunizationInformationNEID"></profile>
   </meta>
   <status value="completed"></status>
   <vaccineCode>
      <coding>
         <system value="http://snomed.info/sct"></system>
         <code value="951000221102"></code>
         <display value="Meningokokken-C-Konjugat-Impfstoff (Konjugat C) (Menjugate 10 Mikrogramm, NeisVac-C,MENJUGATE KIT)"></display>
      </coding>
   </vaccineCode>
   <patient>
      <reference value="Patient/a5a2a64c-ddcb-3d27-94c2-1c1fc646ce5f"></reference>
   </patient>
   <occurrenceDateTime value="2022-12-12"></occurrenceDateTime>
   <note>
      <text value="-"></text>
   </note>
</Immunization>