<Condition xmlns="http://hl7.org/fhir">
   <id value="2c97528e-6a57-3fea-96fb-ceae377c0821"></id>
   <meta>
      <profile value="https://demis.rki.de/fhir/StructureDefinition/DiseaseHXXD"></profile>
   </meta>
   <verificationStatus>
      <coding>
         <system value="http://terminology.hl7.org/CodeSystem/condition-ver-status"></system>
         <code value="unconfirmed"></code>
      </coding>
   </verificationStatus>
   <code>
      <coding>
         <system value="https://demis.rki.de/fhir/CodeSystem/notificationDiseaseCategory"></system>
         <code value="hxxd"></code>
         <display value="Hepatitis, Verdachtsmeldung"></display>
      </coding>
   </code>
   <subject>
      <reference value="Patient/80fca103-42ef-339c-a8c1-ca2200a1efb7"></reference>
   </subject>
   <onsetDateTime value="2023-04-15"></onsetDateTime>
   <recordedDate value="2023-04-15"></recordedDate>
   <evidence>
      <code>
         <coding>
            <system value="http://snomed.info/sct"></system>
            <code value="105721009:363698007=80581009"></code>
            <display value="Oberbauchbeschwerden"></display>
         </coding>
      </code>
   </evidence>
   <evidence>
      <code>
         <coding>
            <system value="http://snomed.info/sct"></system>
            <code value="707724006"></code>
            <display value="Serumtransaminasen, erhöht"></display>
         </coding>
      </code>
   </evidence>
   <note>
      <text value="-"></text>
   </note>
</Condition>