<Condition xmlns="http://hl7.org/fhir">
   <id value="12ad2b92-b9ac-3695-93a3-0cb8799394b7"></id>
   <meta>
      <profile value="https://demis.rki.de/fhir/StructureDefinition/DiseaseHDVD"></profile>
   </meta>
   <verificationStatus>
      <coding>
         <system value="http://terminology.hl7.org/CodeSystem/condition-ver-status"></system>
         <code value="confirmed"></code>
      </coding>
   </verificationStatus>
   <code>
      <coding>
         <system value="https://demis.rki.de/fhir/CodeSystem/notificationDiseaseCategory"></system>
         <code value="hdvd"></code>
         <display value="Hepatitis D"></display>
      </coding>
   </code>
   <subject>
      <reference value="Patient/23f0f78f-528b-3213-becb-1bd9170f5257"></reference>
   </subject>
   <onsetDateTime value="2023-04-10"></onsetDateTime>
   <recordedDate value="2023-04-10"></recordedDate>
   <evidence>
      <code>
         <coding>
            <system value="http://snomed.info/sct"></system>
            <code value="105721009:363698007=80581009"></code>
            <display value="Oberbauchbeschwerden"></display>
         </coding>
      </code>
   </evidence>
   <evidence>
      <code>
         <coding>
            <system value="http://snomed.info/sct"></system>
            <code value="707724006"></code>
            <display value="Serumtransaminasen, erhöht"></display>
         </coding>
      </code>
   </evidence>
   <note>
      <text value="-"></text>
   </note>
</Condition>