<Condition xmlns="http://hl7.org/fhir">
   <id value="ec0a28f1-cedb-3a54-92d8-62c4ca808be4"></id>
   <meta>
      <profile value="https://demis.rki.de/fhir/StructureDefinition/DiseaseHUSD"></profile>
   </meta>
   <verificationStatus>
      <coding>
         <system value="http://terminology.hl7.org/CodeSystem/condition-ver-status"></system>
         <code value="confirmed"></code>
      </coding>
   </verificationStatus>
   <code>
      <coding>
         <system value="https://demis.rki.de/fhir/CodeSystem/notificationDiseaseCategory"></system>
         <code value="husd"></code>
         <display value="Hämolytisch-Urämisches Syndrom, enteropathisch"></display>
      </coding>
   </code>
   <subject>
      <reference value="Patient/9ebf11d0-45f4-3e9d-a81b-e2e0601d88af"></reference>
   </subject>
   <onsetDateTime value="2023-03-15"></onsetDateTime>
   <recordedDate value="2023-04-04"></recordedDate>
   <evidence>
      <code>
         <coding>
            <system value="http://snomed.info/sct"></system>
            <code value="409966000"></code>
            <display value="Durchfall, akut"></display>
         </coding>
      </code>
   </evidence>
   <evidence>
      <code>
         <coding>
            <system value="http://snomed.info/sct"></system>
            <code value="422400008"></code>
            <display value="Erbrechen"></display>
         </coding>
      </code>
   </evidence>
   <evidence>
      <code>
         <coding>
            <system value="http://snomed.info/sct"></system>
            <code value="236423003"></code>
            <display value="Nierenfunktionsstörung"></display>
         </coding>
      </code>
   </evidence>
</Condition>