<Condition xmlns="http://hl7.org/fhir">
   <id value="35606d59-ece4-3338-a182-d42f7943ff81"></id>
   <meta>
      <profile value="https://demis.rki.de/fhir/StructureDefinition/DiseaseVZWD"></profile>
   </meta>
   <verificationStatus>
      <coding>
         <system value="http://terminology.hl7.org/CodeSystem/condition-ver-status"></system>
         <code value="confirmed"></code>
      </coding>
   </verificationStatus>
   <code>
      <coding>
         <system value="https://demis.rki.de/fhir/CodeSystem/notificationDiseaseCategory"></system>
         <code value="vzwd"></code>
         <display value="Windpocken"></display>
      </coding>
   </code>
   <subject>
      <reference value="Patient/219fec76-9414-3698-a767-4447430c9223"></reference>
   </subject>
   <onsetDateTime value="2022-12-05"></onsetDateTime>
   <recordedDate value="2022-12-07"></recordedDate>
   <evidence>
      <code>
         <coding>
            <system value="http://snomed.info/sct"></system>
            <code value="271807003:116676008=112629002"></code>
            <display value="Ausschlag an Haut oder Schleimhaut mit Flecken (makulös)"></display>
         </coding>
      </code>
   </evidence>
   <evidence>
      <code>
         <coding>
            <system value="http://snomed.info/sct"></system>
            <code value="271807003:116676008=339008"></code>
            <display value="Ausschlag an Haut oder Schleimhaut mit Bläschen (vesikulös)"></display>
         </coding>
      </code>
   </evidence>
   <note>
      <text value="Textueller Hinweis"></text>
   </note>
</Condition>