<QuestionnaireResponse xmlns="http://hl7.org/fhir">
   <id value="df81da95-8256-32aa-bab4-e169c02eb51d"></id>
   <meta>
      <profile value="https://demis.rki.de/fhir/StructureDefinition/DiseaseInformationSPAD"></profile>
   </meta>
   <questionnaire value="https://demis.rki.de/fhir/Questionnaire/DiseaseQuestionsSPAD"></questionnaire>
   <status value="completed"></status>
   <subject>
      <reference value="Patient/21b23f64-f54b-351d-95df-22e5a4d9c4b0"></reference>
   </subject>
   <item>
      <linkId value="outbreak"></linkId>
      <answer>
         <valueCoding>
            <system value="https://demis.rki.de/fhir/CodeSystem/yesOrNoAnswer"></system>
            <code value="no"></code>
            <display value="Nein"></display>
         </valueCoding>
      </answer>
   </item>
</QuestionnaireResponse>