<QuestionnaireResponse xmlns="http://hl7.org/fhir">
   <id value="db8a7046-5868-3e7a-8169-e56a20621fc9"></id>
   <meta>
      <profile value="https://demis.rki.de/fhir/StructureDefinition/DiseaseInformationIZVD"></profile>
   </meta>
   <questionnaire value="https://demis.rki.de/fhir/Questionnaire/DiseaseQuestionsIZVD"></questionnaire>
   <status value="completed"></status>
   <subject>
      <reference value="Patient/3835fc33-7d99-3386-bc41-ffd0801f95e8"></reference>
   </subject>
   <item>
      <linkId value="immunization"></linkId>
      <answer>
         <valueCoding>
            <system value="https://demis.rki.de/fhir/CodeSystem/yesOrNoAnswer"></system>
            <code value="yes"></code>
            <display value="Ja"></display>
         </valueCoding>
         <item>
            <linkId value="immunizationRef"></linkId>
            <answer>
               <valueReference>
                  <reference value="Immunization/28322eee-cd6e-35b2-9167-17b0021b8540"></reference>
               </valueReference>
            </answer>
         </item>
      </answer>
   </item>
   <item>
      <linkId value="pregnancy"></linkId>
      <answer>
         <valueCoding>
            <system value="https://demis.rki.de/fhir/CodeSystem/yesOrNoAnswer"></system>
            <code value="yes"></code>
            <display value="Ja"></display>
         </valueCoding>
         <item>
            <linkId value="trimester"></linkId>
            <answer>
               <valueCoding>
                  <system value="http://snomed.info/sct"></system>
                  <code value="255247007"></code>
                  <display value="2. Trimester"></display>
               </valueCoding>
            </answer>
         </item>
      </answer>
   </item>
   <item>
      <linkId value="infectionRiskKind"></linkId>
      <answer>
         <valueCoding>
            <system value="http://snomed.info/sct"></system>
            <code value="77386006"></code>
            <display value="Schwangerschaft"></display>
         </valueCoding>
      </answer>
   </item>
   <item>
      <linkId value="infectionRiskKind"></linkId>
      <answer>
         <valueCoding>
            <system value="http://snomed.info/sct"></system>
            <code value="49601007"></code>
            <display value="Herz-Kreislauf-Erkrankung (inkl. Bluthochdruck)"></display>
         </valueCoding>
      </answer>
   </item>
   <item>
      <linkId value="infectionPathKind"></linkId>
      <answer>
         <valueCoding>
            <system value="http://snomed.info/sct"></system>
            <code value="409496000:{704319004=256363008,704326004=424681004}"></code>
            <display value="Direkter Kontakt zu Tieren mit möglicher oder bestätigter Influenza-Infektion oder deren Ausscheidungen (Geflügel, Wildvögel, Schweine)"></display>
         </valueCoding>
      </answer>
   </item>
   <item>
      <linkId value="therapy"></linkId>
      <answer>
         <valueCoding>
            <system value="https://demis.rki.de/fhir/CodeSystem/yesOrNoAnswer"></system>
            <code value="no"></code>
            <display value="Nein"></display>
         </valueCoding>
      </answer>
   </item>
   <item>
      <linkId value="outbreak"></linkId>
      <answer>
         <valueCoding>
            <system value="https://demis.rki.de/fhir/CodeSystem/yesOrNoAnswer"></system>
            <code value="no"></code>
            <display value="Nein"></display>
         </valueCoding>
      </answer>
   </item>
</QuestionnaireResponse>