<QuestionnaireResponse xmlns="http://hl7.org/fhir">
   <id value="ae4c3435-911d-358a-8221-3f9f4636906a"></id>
   <meta>
      <profile value="https://demis.rki.de/fhir/StructureDefinition/DiseaseInformationHCVD"></profile>
   </meta>
   <questionnaire value="https://demis.rki.de/fhir/Questionnaire/DiseaseQuestionsHCVD"></questionnaire>
   <status value="completed"></status>
   <subject>
      <reference value="Patient/cb27ff85-839c-3e45-a7a9-ec62277b9e73"></reference>
   </subject>
   <item>
      <linkId value="nationalityGroup"></linkId>
      <item>
         <linkId value="nationality"></linkId>
         <answer>
            <valueCoding>
               <system value="urn:iso:std:iso:3166"></system>
               <code value="HR"></code>
               <display value="Kroatien"></display>
            </valueCoding>
         </answer>
      </item>
      <item>
         <linkId value="countryOfBirth"></linkId>
         <answer>
            <valueCoding>
               <system value="urn:iso:std:iso:3166"></system>
               <code value="DE"></code>
               <display value="Deutschland"></display>
            </valueCoding>
         </answer>
      </item>
   </item>
   <item>
      <linkId value="stadium"></linkId>
      <answer>
         <valueCoding>
            <system value="http://snomed.info/sct"></system>
            <code value="773114002"></code>
            <display value="Verdacht auf akute Infektion"></display>
         </valueCoding>
         <item>
            <linkId value="acute"></linkId>
            <answer>
               <valueCoding>
                  <system value="http://terminology.hl7.org/CodeSystem/v3-NullFlavor"></system>
                  <code value="NASK"></code>
                  <display value="not asked"></display>
               </valueCoding>
            </answer>
         </item>
      </answer>
   </item>
   <item>
      <linkId value="liverCirrhosis"></linkId>
      <answer>
         <valueCoding>
            <system value="https://demis.rki.de/fhir/CodeSystem/yesOrNoAnswer"></system>
            <code value="yes"></code>
            <display value="Ja"></display>
         </valueCoding>
      </answer>
   </item>
   <item>
      <linkId value="diagnosisKnown"></linkId>
      <answer>
         <valueCoding>
            <system value="https://demis.rki.de/fhir/CodeSystem/yesOrNoAnswer"></system>
            <code value="no"></code>
            <display value="Nein"></display>
         </valueCoding>
      </answer>
   </item>
   <item>
      <linkId value="infectionPathKind"></linkId>
      <answer>
         <valueCoding>
            <system value="http://snomed.info/sct"></system>
            <code value="409496000:{704326004=408678008}"></code>
            <display value="Nosokomiale Übertragung"></display>
         </valueCoding>
         <item>
            <linkId value="transmissionKind"></linkId>
            <answer>
               <valueCoding>
                  <system value="http://snomed.info/sct"></system>
                  <code value="409496000:{704326004=5447007}"></code>
                  <display value="Erhalt von Blutprodukten"></display>
               </valueCoding>
               <item>
                  <linkId value="receiptBloodProductsUnknownDate"></linkId>
                  <answer>
                     <valueCoding>
                        <system value="https://demis.rki.de/fhir/CodeSystem/beforeOrAfter1991"></system>
                        <code value="128522"></code>
                        <display value="vor 1991"></display>
                     </valueCoding>
                  </answer>
               </item>
            </answer>
         </item>
      </answer>
   </item>
   <item>
      <linkId value="outbreak"></linkId>
      <answer>
         <valueCoding>
            <system value="https://demis.rki.de/fhir/CodeSystem/yesOrNoAnswer"></system>
            <code value="no"></code>
            <display value="Nein"></display>
         </valueCoding>
      </answer>
   </item>
</QuestionnaireResponse>