<Condition xmlns="http://hl7.org/fhir">
   <id value="198cb7b4-2a18-3913-b3d2-cbf4bf3676ef"></id>
   <meta>
      <profile value="https://demis.rki.de/fhir/StructureDefinition/DiseaseNEID"></profile>
   </meta>
   <verificationStatus>
      <coding>
         <system value="http://terminology.hl7.org/CodeSystem/condition-ver-status"></system>
         <code value="confirmed"></code>
      </coding>
   </verificationStatus>
   <code>
      <coding>
         <system value="https://demis.rki.de/fhir/CodeSystem/notificationDiseaseCategory"></system>
         <code value="neid"></code>
         <display value="Meningokokken, invasive Erkrankung"></display>
      </coding>
   </code>
   <subject>
      <reference value="Patient/a5a2a64c-ddcb-3d27-94c2-1c1fc646ce5f"></reference>
   </subject>
   <onsetDateTime value="2023-04-13"></onsetDateTime>
   <recordedDate value="2023-04-15"></recordedDate>
   <evidence>
      <code>
         <coding>
            <system value="http://snomed.info/sct"></system>
            <code value="386661006"></code>
            <display value="Fieber"></display>
         </coding>
      </code>
   </evidence>
   <evidence>
      <code>
         <coding>
            <system value="http://snomed.info/sct"></system>
            <code value="422400008"></code>
            <display value="Erbrechen"></display>
         </coding>
      </code>
   </evidence>
   <evidence>
      <code>
         <coding>
            <system value="http://snomed.info/sct"></system>
            <code value="233604007"></code>
            <display value="Lungenentzündung (Pneumonie)"></display>
         </coding>
      </code>
   </evidence>
   <evidence>
      <code>
         <coding>
            <system value="http://snomed.info/sct"></system>
            <code value="447931005"></code>
            <display value="septisches Krankheitsbild"></display>
         </coding>
      </code>
   </evidence>
   <evidence>
      <code>
         <coding>
            <system value="http://snomed.info/sct"></system>
            <code value="271813007"></code>
            <display value="Hauteinblutung, Petechien"></display>
         </coding>
      </code>
   </evidence>
</Condition>