<QuestionnaireResponse xmlns="http://hl7.org/fhir">
   <id value="5f7b17e2-801f-30a9-92ae-8f71f75713b6"></id>
   <meta>
      <profile value="https://demis.rki.de/fhir/StructureDefinition/DiseaseInformationCJKD"></profile>
   </meta>
   <questionnaire value="https://demis.rki.de/fhir/Questionnaire/DiseaseQuestionsCJKD"></questionnaire>
   <status value="completed"></status>
   <subject>
      <reference value="Patient/9c03dea3-66d8-3f87-ba88-a7f4339cff54"></reference>
   </subject>
   <item>
      <linkId value="form"></linkId>
      <answer>
         <valueCoding>
            <system value="http://snomed.info/sct"></system>
            <code value="304603007"></code>
            <display value="Creutzfeldt-Jakob-Krankheit, variante Form (vCJK)"></display>
         </valueCoding>
      </answer>
   </item>
   <item>
      <linkId value="biopsy"></linkId>
      <answer>
         <valueCoding>
            <system value="http://terminology.hl7.org/CodeSystem/v3-NullFlavor"></system>
            <code value="NASK"></code>
            <display value="not asked"></display>
         </valueCoding>
      </answer>
   </item>
   <item>
      <linkId value="autopsy"></linkId>
      <answer>
         <valueCoding>
            <system value="https://demis.rki.de/fhir/CodeSystem/yesOrNoAnswer"></system>
            <code value="yes"></code>
            <display value="Ja"></display>
         </valueCoding>
      </answer>
   </item>
   <item>
      <linkId value="diagnosis"></linkId>
      <answer>
         <valueCoding>
            <system value="http://snomed.info/sct"></system>
            <code value="715662009"></code>
            <display value="iatrogene CJK"></display>
         </valueCoding>
      </answer>
   </item>
   <item>
      <linkId value="infectionPathKind"></linkId>
      <answer>
         <valueCoding>
            <system value="http://snomed.info/sct"></system>
            <code value="409496000+704319004=410942007"></code>
            <display value="Kontakt mit potentiell kontaminierten intrazerebralle Substanzen (z.B. Behandlung mit Hypophysenhormonen)"></display>
         </valueCoding>
      </answer>
   </item>
   <item>
      <linkId value="neuropath"></linkId>
      <answer>
         <valueCoding>
            <system value="https://demis.rki.de/fhir/CodeSystem/yesOrNoAnswer"></system>
            <code value="yes"></code>
            <display value="Ja"></display>
         </valueCoding>
      </answer>
   </item>
   <item>
      <linkId value="outbreak"></linkId>
      <answer>
         <valueCoding>
            <system value="https://demis.rki.de/fhir/CodeSystem/yesOrNoAnswer"></system>
            <code value="no"></code>
            <display value="Nein"></display>
         </valueCoding>
      </answer>
   </item>
</QuestionnaireResponse>