<Immunization xmlns="http://hl7.org/fhir">
   <id value="4912a0c2-32d2-38fd-a19e-cfa06737d9b6"></id>
   <meta>
      <profile value="https://demis.rki.de/fhir/StructureDefinition/ImmunizationInformationRBVD"></profile>
   </meta>
   <status value="completed"></status>
   <vaccineCode>
      <coding>
         <system value="http://snomed.info/sct"></system>
         <code value="1131000221109"></code>
         <display value="Tollwut-Impfstoff (Virusimpfstoff, inaktiviert) (Rabipur,Tollwut-Impfstoff (HDC) inaktiviert)"></display>
      </coding>
   </vaccineCode>
   <patient>
      <reference value="Patient/ebf5c161-e375-3a62-9608-f0a6c69bc902"></reference>
   </patient>
   <occurrenceDateTime value="2017-08-08"></occurrenceDateTime>
   <note>
      <text value="-"></text>
   </note>
</Immunization>