<Immunization xmlns="http://hl7.org/fhir">
   <id value="099f0a3c-4182-354f-9edc-f58cfa229eb4"></id>
   <meta>
      <profile value="https://demis.rki.de/fhir/StructureDefinition/ImmunizationInformationPKVD"></profile>
   </meta>
   <status value="completed"></status>
   <vaccineCode>
      <coding>
         <system value="http://snomed.info/sct"></system>
         <code value="871727001"></code>
         <display value="MVA-Impfstoff (Imvanex oder Jynneos; Drittgenerationsimpfstoff)"></display>
      </coding>
   </vaccineCode>
   <patient>
      <reference value="Patient/a5188cef-b5d7-38c8-a4bd-b0fb1262e4d8"></reference>
   </patient>
   <occurrenceDateTime value="2023-01-18"></occurrenceDateTime>
   <note>
      <text value="-"></text>
   </note>
</Immunization>