<QuestionnaireResponse xmlns="http://hl7.org/fhir">
   <id value="ddd0c137-d7ea-3aa1-b155-7493753b0ec8"></id>
   <meta>
      <profile value="https://demis.rki.de/fhir/StructureDefinition/DiseaseInformationTTVD"></profile>
   </meta>
   <questionnaire value="https://demis.rki.de/fhir/Questionnaire/DiseaseQuestionsTTVD"></questionnaire>
   <status value="completed"></status>
   <subject>
      <reference value="Patient/3355d427-ea9b-33aa-88da-f48acd78cd73"></reference>
   </subject>
   <item>
      <linkId value="immunization"></linkId>
      <answer>
         <valueCoding>
            <system value="https://demis.rki.de/fhir/CodeSystem/yesOrNoAnswer"></system>
            <code value="yes"></code>
            <display value="Ja"></display>
         </valueCoding>
         <item>
            <linkId value="immunizationRef"></linkId>
            <answer>
               <valueReference>
                  <reference value="Immunization/4305faac-c4f6-3210-bf15-4b4983a67c48"></reference>
               </valueReference>
            </answer>
         </item>
         <item>
            <linkId value="immunizationRef"></linkId>
            <answer>
               <valueReference>
                  <reference value="Immunization/4732caa4-333c-3f8c-bae4-ff05aa81e535"></reference>
               </valueReference>
            </answer>
         </item>
         <item>
            <linkId value="immunizationRef"></linkId>
            <answer>
               <valueReference>
                  <reference value="Immunization/8c193a1d-c79e-35db-97b0-53437cbec612"></reference>
               </valueReference>
            </answer>
         </item>
         <item>
            <linkId value="immunizationRef"></linkId>
            <answer>
               <valueReference>
                  <reference value="Immunization/40a850c0-dc42-3ce6-a47b-c8b113d870fe"></reference>
               </valueReference>
            </answer>
         </item>
      </answer>
   </item>
   <item>
      <linkId value="infectionRiskKindAnimal"></linkId>
      <answer>
         <valueCoding>
            <system value="http://snomed.info/sct"></system>
            <code value="18646008"></code>
            <display value="Fuchs"></display>
         </valueCoding>
         <item>
            <linkId value="animal"></linkId>
            <answer>
               <valueCoding>
                  <system value="http://terminology.hl7.org/CodeSystem/v3-NullFlavor"></system>
                  <code value="NASK"></code>
                  <display value="not asked"></display>
               </valueCoding>
            </answer>
         </item>
      </answer>
   </item>
</QuestionnaireResponse>