<?xml version="1.0" encoding="UTF-8"?>
<ValueSet xmlns="http://hl7.org/fhir">
  <id value="instrument" />
  <url value="https://demis.rki.de/fhir/ValueSet/instrument" />
  <version value="1.0.0" />
  <name value="Instrument" />
  <title value="Name des Sequenziergerätes" />
  <status value="active" />
  <date value="2023-07-17" />
  <description value="Das ValueSet Instrument enthält die Codes für den Namen des Gerätes, welches zur Sequenzierung verwendet wurde (angelehnt an ENA)." />
  <compose>
    <include>
      <system value="https://demis.rki.de/fhir/CodeSystem/instrument" />
      <version value="1.0.0" />
    </include>
  </compose>
</ValueSet>
