<ValueSet xmlns="http://hl7.org/fhir">
  <id value="sequencingPlatform" />
  <url value="https://demis.rki.de/fhir/ValueSet/sequencingPlatform" />
  <version value="1.0.0" />
  <name value="SequencingPlatform" />
  <title value="Sequenzierungsplatform" />
  <status value="active" />
  <date value="2023-07-17" />
  <description value="Das ValueSet SequencingPlatform enthält die Codes zur Angabe der Sequenzierungsplattform, welche verwendet wurde (angelehnt an ENA)." />
  <compose>
    <include>
      <system value="https://demis.rki.de/fhir/CodeSystem/sequencingPlatform" />
      <version value="1.0.0" />
    </include>
  </compose>
</ValueSet>
