<?xml version="1.0" encoding="utf-8"?>
<ValueSet xmlns="http://hl7.org/fhir">
  <id value="laboratoryTestCVDP" />
  <url value="https://demis.rki.de/fhir/ValueSet/laboratoryTestCVDP" />
  <version value="1.10.0" />
  <name value="LaboratoryTestCVDP" />
  <title value="Labortest für Severe-Acute-Respiratory-Syndrome-Coronavirus-2 (SARS-CoV-2)" />
  <status value="active" />
  <experimental value="false" />
  <date value="2025-04-08" />
  <publisher value="Robert Koch-Institut" />
  <contact>
    <telecom>
      <system value="email" />
      <value value="demis-support@rki.de" />
    </telecom>
  </contact>
  <description value="Das ValueSet LaboratoryTestCVDP enthält die Codes der Labortests für Severe-Acute-Respiratory-Syndrome-Coronavirus-2 (SARS-CoV-2)." />
  <jurisdiction>
    <coding>
      <system value="urn:iso:std:iso:3166" />
      <version value="ALPHA-2" />
      <code value="DE" />
    </coding>
  </jurisdiction>
  <copyright value="This material contains content from LOINC (http://loinc.org/). LOINC is copyright © 1995-2023, Regenstrief Institute, Inc. and the Logical Observation Identifiers Names and Codes (LOINC) Committee and is available at no cost under the license at http://loinc.org/license. LOINC® is a registered United States trademark of Regenstrief Institute, Inc.&#xD;&#xA;&#xD;&#xA;Dieses Material enthält Inhalte von LOINC (http://loinc.org/). LOINC ist urheberrechtlich geschützt © 1995-2023, Regenstrief Institute, Inc. und das Logical Observation Identifiers Names and Codes (LOINC) Committee und ist unter der Lizenz http://loinc.org/license kostenlos erhältlich. LOINC® ist eine eingetragene US-amerikanische Marke des Regenstrief Institute, Inc.&#xD;&#xA;&#xD;&#xA;Downloadbedingungen für LOINC-Übersetzungen für Anwendungszwecke in Deutschland&#xD;&#xA;Übersetzungen in verschiedenen Sprachen werden von &quot;LOINC® Adopters&quot;, meistens Behörden oder Forschungsinstituten verschiedener Länder, erstellt und an das Regenstrief Institute weitergegeben. Das Copyright für die Übersetzungen liegt beim Regenstrief Institute. Für Deutschland wird die LOINC®-Übersetzung durch das BfArM bereitgestellt. Die Übersetzungen werden durch das Regenstrief Institute als &quot;Linguistic Variants&quot; in den halbjährlichen LOINC®-Releases (Februar und August) veröffentlicht.&#xD;&#xA;&#xD;&#xA;Das Copyright für die Übersetzungen liegt beim Regenstrief Institute, 1101 W 10th St, Indianapolis, IN 46202, USA.&#xD;&#xA;&#xD;&#xA;Mit dem Download von Dateien kommt ein Nutzungsvertrag zwischen Ihnen und dem Regenstrief Institute zustande. Sie verpflichten sich, die unten verlinkten Nutzungs- und Abgabebedingungen für LOINC vom Regenstrief Institute einzuhalten." />
  <compose>
    <include>
      <system value="http://loinc.org" />
      <version value="2.79" />
      <concept>
        <code value="41852-5" />
        <display value="Mikroorganismus oder Erreger identifiziert in Probenmaterial" />
      </concept>
      <concept>
        <code value="94309-2" />
        <display value="SARS-CoV-2 (COVID-19) RNA [Nachweis] in Probenmaterial mittels Nukleinsäureamplifikation mit Sondendetektion" />
      </concept>
      <concept>
        <code value="94500-6" />
        <display value="SARS-CoV-2 (COVID-19) RNA [Nachweis] in Probenmaterial vom Respirationstrakt mittels Nukleinsäureamplifikation mit Sondendetektion" />
      </concept>
      <concept>
        <code value="94510-5" />
        <display value="SARS-CoV-2 (COVID-19) N-Gen [Schwellenwertzyklus] in Probenmaterial mittels Nukleinsäureamplifikation mit Sondendetektion" />
      </concept>
      <concept>
        <code value="94511-3" />
        <display value="SARS-CoV-2 (COVID-19) ORF1ab-Region [Schwellenwertzyklus] in Probenmaterial mittels Nukleinsäureamplifikation mit Sondendetektion" />
      </concept>
      <concept>
        <code value="94533-7" />
        <display value="SARS-CoV-2 (COVID-19) N-Gen [Nachweis] in Probenmaterial vom Respirationstrakt mittels Nukleinsäureamplifikation mit Sondendetektion" />
      </concept>
      <concept>
        <code value="94534-5" />
        <display value="SARS-CoV-2 (COVID-19) RdRp-Gen [Nachweis] in Probenmaterial vom Respirationstrakt mittels Nukleinsäureamplifikation mit Sondendetektion" />
      </concept>
      <concept>
        <code value="94558-4" />
        <display value="SARS-CoV-2 (COVID-19) Antigen [Nachweis] in Probenmaterial vom Respirationstrakt mittels Immunoassay-Schnelltest" />
      </concept>
      <concept>
        <code value="94559-2" />
        <display value="SARS-CoV-2 (COVID-19) ORF1ab-Region [Nachweis] in Probenmaterial vom Respirationstrakt mittels Nukleinsäureamplifikation mit Sondendetektion" />
      </concept>
      <concept>
        <code value="94562-6" />
        <display value="SARS-CoV-2 (COVID-19) IgA-Antikörper [Nachweis] in Serum oder Plasma mittels Immunoassay" />
      </concept>
      <concept>
        <code value="94563-4" />
        <display value="SARS-CoV-2 (COVID-19) IgG-Antikörper [Nachweis] in Serum oder Plasma mittels Immunoassay" />
      </concept>
      <concept>
        <code value="94564-2" />
        <display value="SARS-CoV-2 (COVID-19) IgM-Antikörper [Nachweis] in Serum oder Plasma mittels Immunoassay" />
      </concept>
      <concept>
        <code value="94644-2" />
        <display value="SARS-CoV-2 (COVID-19) ORF1ab-Region [Schwellenwertzyklus] in Probenmaterial vom Respirationstrakt mittels Nukleinsäureamplifikation mit Sondendetektion" />
      </concept>
      <concept>
        <code value="94646-7" />
        <display value="SARS-CoV-2 (COVID-19) RdRp-Gen [Schwellenwertzyklus] in Probenmaterial vom Respirationstrakt mittels Nukleinsäureamplifikation mit Sondendetektion" />
      </concept>
      <concept>
        <code value="94745-7" />
        <display value="SARS-CoV-2 (COVID-19) RNA [Schwellenwertzyklus] in Probenmaterial vom Respirationstrakt mittels Nukleinsäureamplifikation mit Sondendetektion" />
      </concept>
      <concept>
        <code value="94746-5" />
        <display value="SARS-CoV-2 (COVID-19) RNA [Schwellenwertzyklus] in Probenmaterial mittels Nukleinsäureamplifikation mit Sondendetektion" />
      </concept>
      <concept>
        <code value="94759-8" />
        <display value="SARS-CoV-2 (COVID-19) RNA [Nachweis] in Probenmaterial vom Nasopharynx mittels Nukleinsäureamplifikation mit Sondendetektion" />
      </concept>
      <concept>
        <code value="95406-5" />
        <display value="SARS-CoV-2 (COVID-19) RNA [Nachweis] in Probenmaterial von der Nase mittels Nukleinsäureamplifikation mit Sondendetektion" />
      </concept>
      <concept>
        <code value="96119-3" />
        <display value="SARS-CoV-2 (COVID-19) Antigen [Nachweis] in Probenmaterial vom oberen Respirationstrakt mittels Immunoassay" />
      </concept>
      <concept>
        <code value="96741-4" />
        <display value="SARS-CoV-2 (COVID-19)-Variante [Typ] in Probenmaterial mittels Sequenzierung" />
      </concept>
      <concept>
        <code value="96763-8" />
        <display value="SARS-CoV-2 (COVID-19) E-Gen [Nachweis] in Probenmaterial vom Respirationstrakt mittels Nukleinsäureamplifikation mit Sondendetektion" />
      </concept>
      <concept>
        <code value="96764-6" />
        <display value="SARS-CoV-2 (COVID-19) E-Gen [Schwellenwertzyklus] in Probenmaterial vom Respirationstrakt mittels Nukleinsäureamplifikation mit Sondendetektion" />
      </concept>
      <concept>
        <code value="97097-0" />
        <display value="SARS-CoV-2 (COVID-19) Antigen [Nachweis] in Probenmaterial vom oberen Respirationstrakt mittels Immunoassay-Schnelltest" />
      </concept>
    </include>
  </compose>
</ValueSet>