<?xml version="1.0" encoding="utf-8"?>
<ValueSet xmlns="http://hl7.org/fhir">
  <id value="pathogenDetectionStatus" />
  <url value="https://demis.rki.de/fhir/ValueSet/pathogenDetectionStatus" />
  <version value="1.3.0" />
  <name value="PathogenDetectionStatus" />
  <title value="Erregernachweis-Status" />
  <status value="active" />
  <experimental value="false" />
  <date value="2025-04-08" />
  <publisher value="Robert Koch-Institut" />
  <contact>
    <telecom>
      <system value="email" />
      <value value="demis-support@rki.de" />
    </telecom>
  </contact>
  <description value="Das ValueSet PathogenDetectionStatus enthält die Codes der Status des Erregernachweises" />
  <jurisdiction>
    <coding>
      <system value="urn:iso:std:iso:3166" />
      <version value="ALPHA-2" />
      <code value="DE" />
    </coding>
  </jurisdiction>
  <compose>
    <include>
      <system value="http://hl7.org/fhir/observation-status" />
      <version value="4.0.1" />
      <concept>
        <code value="amended" />
        <display value="Amended" />
      </concept>
      <concept>
        <code value="corrected" />
        <display value="Corrected" />
      </concept>
      <concept>
        <code value="final" />
        <display value="Final" />
      </concept>
    </include>
  </compose>
</ValueSet>