<?xml version="1.0" encoding="utf-8"?>
<ValueSet xmlns="http://hl7.org/fhir">
  <id value="answerSetCAMP" />
  <url value="https://demis.rki.de/fhir/ValueSet/answerSetCAMP" />
  <version value="1.8.0" />
  <name value="AnswerSetCAMP" />
  <title value="AnswerSet für Campylobacter spp. (darmpathogen)" />
  <status value="active" />
  <experimental value="false" />
  <date value="2025-04-08" />
  <publisher value="Robert Koch-Institut" />
  <contact>
    <telecom>
      <system value="email" />
      <value value="demis-support@rki.de" />
    </telecom>
  </contact>
  <description value="Das ValueSet AnswerSetCAMP enthält die Codes der Answer-Codes für Campylobacter spp. (darmpathogen)." />
  <jurisdiction>
    <coding>
      <system value="urn:iso:std:iso:3166" />
      <version value="ALPHA-2" />
      <code value="DE" />
    </coding>
  </jurisdiction>
  <copyright value="This material includes SNOMED Clinical Terms® (SNOMED CT®) which is used by permission of the International Health Terminology Standards Development Organisation (IHTSDO). All rights reserved. SNOMED CT®, was originally created by The College of American Pathologists. “SNOMED” and “SNOMED CT” are registered trademarks of the IHTSDO.&#xD;&#xA;&#xD;&#xA;Dieses Material enthält SNOMED Clinical Terms® (SNOMED CT®), die mit Genehmigung der International Health Terminology Standards Development Organisation (IHTSDO) verwendet werden. Alle Rechte vorbehalten. SNOMED CT® wurde ursprünglich vom College of American Pathologists entwickelt. &quot;SNOMED&quot; und &quot;SNOMED CT&quot; sind eingetragene Warenzeichen der IHTSDO.&#xD;&#xA;&#xD;&#xA;Downloadbedingungen für SNOMED-CT&#xD;&#xA;&#xD;&#xA;Enthält durch SNOMED International urheberrechtlich geschützte Information. Jede Verwendung von SNOMED CT in Deutschland erfordert eine vollgültige Affiliate Lizenz oder eine Sublizenz. Die entsprechende Lizenz ist kostenlos, vorausgesetzt die Verwendung findet nur in Deutschland statt und erfüllt die Bedingungen des Affiliate License Agreements. Affiliate Lizenzen können über das Mitglieder-Lizenzierungs- und Distributions-Service (MLDS) direkt beim jeweiligen NRC beantragt werden. https://mlds.ihtsdotools.org/#/landing/DE?lang=de&#xD;&#xA;&#xD;&#xA;Contains information protected by copyright of SNOMED International. Any use of SNOMED CT in Austria requires a valid affiliate license or sublicense. The corresponding license is free of charge, provided that the use only takes place in Austria and fulfills the conditions of the Affiliate License Agreement. Affiliate licenses can be requested directly from the respective NRC via the Member Licensing and Distribution Service (MLDS). ttps://mlds.ihtsdotools.org/#/landing/DE?lang=de" />
  <compose>
    <include>
      <system value="http://snomed.info/sct" />
      <version value="http://snomed.info/sct/11000274103/version/20241115" />
      <concept>
        <extension url="http://hl7.org/fhir/StructureDefinition/valueset-conceptOrder">
          <valueInteger value="0" />
        </extension>
        <code value="1003776009" />
        <display value="Campylobacter hepaticus" />
      </concept>
      <concept>
        <extension url="http://hl7.org/fhir/StructureDefinition/valueset-conceptOrder">
          <valueInteger value="1" />
        </extension>
        <code value="103427005" />
        <display value="Campylobacter upsaliensis" />
      </concept>
      <concept>
        <extension url="http://hl7.org/fhir/StructureDefinition/valueset-conceptOrder">
          <valueInteger value="0" />
        </extension>
        <code value="113522008" />
        <display value="Campylobacter helveticus" />
      </concept>
      <concept>
        <extension url="http://hl7.org/fhir/StructureDefinition/valueset-conceptOrder">
          <valueInteger value="0" />
        </extension>
        <code value="113523003" />
        <display value="Campylobacter jejuni Subspecies doylei" />
      </concept>
      <concept>
        <extension url="http://hl7.org/fhir/StructureDefinition/valueset-conceptOrder">
          <valueInteger value="1" />
        </extension>
        <code value="113524009" />
        <display value="Campylobacter jejuni Subspecies jejuni" />
      </concept>
      <concept>
        <extension url="http://hl7.org/fhir/StructureDefinition/valueset-conceptOrder">
          <valueInteger value="1" />
        </extension>
        <code value="113525005" />
        <display value="Campylobacter rectus" />
      </concept>
      <concept>
        <extension url="http://hl7.org/fhir/StructureDefinition/valueset-conceptOrder">
          <valueInteger value="0" />
        </extension>
        <code value="113526006" />
        <display value="Campylobacter showae" />
      </concept>
      <concept>
        <extension url="http://hl7.org/fhir/StructureDefinition/valueset-conceptOrder">
          <valueInteger value="0" />
        </extension>
        <code value="113527002" />
        <display value="Campylobacter hyointestinalis Subspecies hyointestinalis" />
      </concept>
      <concept>
        <extension url="http://hl7.org/fhir/StructureDefinition/valueset-conceptOrder">
          <valueInteger value="0" />
        </extension>
        <code value="113528007" />
        <display value="Campylobacter gracilis" />
      </concept>
      <concept>
        <extension url="http://hl7.org/fhir/StructureDefinition/valueset-conceptOrder">
          <valueInteger value="0" />
        </extension>
        <code value="114245005" />
        <display value="Familie Campylobacteraceae" />
      </concept>
      <concept>
        <extension url="http://hl7.org/fhir/StructureDefinition/valueset-conceptOrder">
          <valueInteger value="0" />
        </extension>
        <code value="116037008" />
        <display value="Campylobacter curvus" />
      </concept>
      <concept>
        <extension url="http://hl7.org/fhir/StructureDefinition/valueset-conceptOrder">
          <valueInteger value="1" />
        </extension>
        <code value="116386003" />
        <display value="Campylobacter lari" />
      </concept>
      <concept>
        <extension url="http://hl7.org/fhir/StructureDefinition/valueset-conceptOrder">
          <valueInteger value="0" />
        </extension>
        <code value="19552006" />
        <display value="Campylobacter sputorum Subspecies bubulus" />
      </concept>
      <concept>
        <extension url="http://hl7.org/fhir/StructureDefinition/valueset-conceptOrder">
          <valueInteger value="0" />
        </extension>
        <code value="243357001" />
        <display value="Campylobacter sputorum, Biovar fecalis" />
      </concept>
      <concept>
        <extension url="http://hl7.org/fhir/StructureDefinition/valueset-conceptOrder">
          <valueInteger value="100" />
        </extension>
        <code value="35408001" />
        <display value="Gattung Campylobacter" />
      </concept>
      <concept>
        <extension url="http://hl7.org/fhir/StructureDefinition/valueset-conceptOrder">
          <valueInteger value="0" />
        </extension>
        <code value="372380008" />
        <display value="Campylobacter-ähnliche Species" />
      </concept>
      <concept>
        <extension url="http://hl7.org/fhir/StructureDefinition/valueset-conceptOrder">
          <valueInteger value="98" />
        </extension>
        <code value="40614002" />
        <display value="Campylobacter coli" />
      </concept>
      <concept>
        <extension url="http://hl7.org/fhir/StructureDefinition/valueset-conceptOrder">
          <valueInteger value="0" />
        </extension>
        <code value="416679003" />
        <display value="Campylobacter hominis" />
      </concept>
      <concept>
        <extension url="http://hl7.org/fhir/StructureDefinition/valueset-conceptOrder">
          <valueInteger value="0" />
        </extension>
        <code value="425417007" />
        <display value="Ordnung Campylobacterales" />
      </concept>
      <concept>
        <extension url="http://hl7.org/fhir/StructureDefinition/valueset-conceptOrder">
          <valueInteger value="0" />
        </extension>
        <code value="432459009" />
        <display value="Campylobacter hyointestinalis Subspecies lawsonii" />
      </concept>
      <concept>
        <extension url="http://hl7.org/fhir/StructureDefinition/valueset-conceptOrder">
          <valueInteger value="0" />
        </extension>
        <code value="432460004" />
        <display value="Campylobacter insulaenigrae" />
      </concept>
      <concept>
        <extension url="http://hl7.org/fhir/StructureDefinition/valueset-conceptOrder">
          <valueInteger value="0" />
        </extension>
        <code value="432537009" />
        <display value="Campylobacter lanienae" />
      </concept>
      <concept>
        <extension url="http://hl7.org/fhir/StructureDefinition/valueset-conceptOrder">
          <valueInteger value="0" />
        </extension>
        <code value="445776001" />
        <display value="Campylobacter subantarcticus" />
      </concept>
      <concept>
        <extension url="http://hl7.org/fhir/StructureDefinition/valueset-conceptOrder">
          <valueInteger value="0" />
        </extension>
        <code value="446191000" />
        <display value="Campylobacter lari Subspecies concheus" />
      </concept>
      <concept>
        <extension url="http://hl7.org/fhir/StructureDefinition/valueset-conceptOrder">
          <valueInteger value="0" />
        </extension>
        <code value="447727006" />
        <display value="Campylobacter canadensis" />
      </concept>
      <concept>
        <extension url="http://hl7.org/fhir/StructureDefinition/valueset-conceptOrder">
          <valueInteger value="0" />
        </extension>
        <code value="447728001" />
        <display value="Campylobacter cuniculorum" />
      </concept>
      <concept>
        <extension url="http://hl7.org/fhir/StructureDefinition/valueset-conceptOrder">
          <valueInteger value="0" />
        </extension>
        <code value="447797004" />
        <display value="Campylobacter peloridis" />
      </concept>
      <concept>
        <extension url="http://hl7.org/fhir/StructureDefinition/valueset-conceptOrder">
          <valueInteger value="0" />
        </extension>
        <code value="448130009" />
        <display value="Campylobacter avium" />
      </concept>
      <concept>
        <extension url="http://hl7.org/fhir/StructureDefinition/valueset-conceptOrder">
          <valueInteger value="0" />
        </extension>
        <code value="448403005" />
        <display value="Campylobacter sputorum, Biovar paraureolyticus" />
      </concept>
      <concept>
        <extension url="http://hl7.org/fhir/StructureDefinition/valueset-conceptOrder">
          <valueInteger value="0" />
        </extension>
        <code value="448945001" />
        <display value="Campylobacter lari Subspecies lari" />
      </concept>
      <concept>
        <extension url="http://hl7.org/fhir/StructureDefinition/valueset-conceptOrder">
          <valueInteger value="1" />
        </extension>
        <code value="450602004" />
        <display value="Campylobacter ureolyticus" />
      </concept>
      <concept>
        <extension url="http://hl7.org/fhir/StructureDefinition/valueset-conceptOrder">
          <valueInteger value="0" />
        </extension>
        <code value="450609008" />
        <display value="Campylobacter volucris" />
      </concept>
      <concept>
        <extension url="http://hl7.org/fhir/StructureDefinition/valueset-conceptOrder">
          <valueInteger value="0" />
        </extension>
        <code value="58928003" />
        <display value="Campylobacter sputorum Subspecies sputorum" />
      </concept>
      <concept>
        <extension url="http://hl7.org/fhir/StructureDefinition/valueset-conceptOrder">
          <valueInteger value="0" />
        </extension>
        <code value="60817000" />
        <display value="Campylobacter fetus Subspecies venerealis" />
      </concept>
      <concept>
        <extension url="http://hl7.org/fhir/StructureDefinition/valueset-conceptOrder">
          <valueInteger value="1" />
        </extension>
        <code value="64589009" />
        <display value="Campylobacter fetus Subspecies fetus" />
      </concept>
      <concept>
        <extension url="http://hl7.org/fhir/StructureDefinition/valueset-conceptOrder">
          <valueInteger value="90" />
        </extension>
        <code value="66543000" />
        <display value="Campylobacter jejuni" />
      </concept>
      <concept>
        <extension url="http://hl7.org/fhir/StructureDefinition/valueset-conceptOrder">
          <valueInteger value="1" />
        </extension>
        <code value="703009006" />
        <display value="Campylobacter jejuni or Campylobacter coli (finding)" />
        <designation>
          <language value="de-DE" />
          <value value="Campylobacter jejuni oder Campylobacter coli" />
        </designation>
      </concept>
      <concept>
        <extension url="http://hl7.org/fhir/StructureDefinition/valueset-conceptOrder">
          <valueInteger value="0" />
        </extension>
        <code value="710331003" />
        <display value="Anaerobe Campylobacter Species" />
      </concept>
      <concept>
        <extension url="http://hl7.org/fhir/StructureDefinition/valueset-conceptOrder">
          <valueInteger value="1" />
        </extension>
        <code value="715324000" />
        <display value="Campylobacter Species, nicht Campylobacter jejuni" />
      </concept>
      <concept>
        <extension url="http://hl7.org/fhir/StructureDefinition/valueset-conceptOrder">
          <valueInteger value="0" />
        </extension>
        <code value="726497006" />
        <display value="Fluoroquinolon-resistente Campylobacter" />
      </concept>
      <concept>
        <extension url="http://hl7.org/fhir/StructureDefinition/valueset-conceptOrder">
          <valueInteger value="0" />
        </extension>
        <code value="782519001" />
        <display value="Campylobacter iguaniorum" />
      </concept>
      <concept>
        <extension url="http://hl7.org/fhir/StructureDefinition/valueset-conceptOrder">
          <valueInteger value="0" />
        </extension>
        <code value="830230009" />
        <display value="Campylobacter fetus Subspecies testudinum" />
      </concept>
      <concept>
        <extension url="http://hl7.org/fhir/StructureDefinition/valueset-conceptOrder">
          <valueInteger value="1" />
        </extension>
        <code value="84210007" />
        <display value="Campylobacter fetus" />
      </concept>
      <concept>
        <extension url="http://hl7.org/fhir/StructureDefinition/valueset-conceptOrder">
          <valueInteger value="0" />
        </extension>
        <code value="87402003" />
        <display value="Campylobacter mucosalis" />
      </concept>
      <concept>
        <extension url="http://hl7.org/fhir/StructureDefinition/valueset-conceptOrder">
          <valueInteger value="1" />
        </extension>
        <code value="9041007" />
        <display value="Campylobacter hyointestinalis" />
      </concept>
      <concept>
        <extension url="http://hl7.org/fhir/StructureDefinition/valueset-conceptOrder">
          <valueInteger value="0" />
        </extension>
        <code value="91524009" />
        <display value="Campylobacter sputorum" />
      </concept>
      <concept>
        <extension url="http://hl7.org/fhir/StructureDefinition/valueset-conceptOrder">
          <valueInteger value="0" />
        </extension>
        <code value="9892000" />
        <display value="Campylobacter concisus" />
      </concept>
    </include>
    <include>
      <valueSet value="https://demis.rki.de/fhir/ValueSet/answerSetLaboratoryTest-SNOMED" />
    </include>
    <include>
      <valueSet value="https://demis.rki.de/fhir/ValueSet/answerSetResistance-SNOMED" />
    </include>
  </compose>
</ValueSet>