<Composition xmlns="http://hl7.org/fhir">
   <id value="c6025de4-4925-323e-86b8-92f92aa4af55"></id>
   <meta>
      <lastUpdated value="2022-12-07T09:50:00.000+01:00"></lastUpdated>
      <profile value="https://demis.rki.de/fhir/StructureDefinition/NotificationDiseaseSTYD"></profile>
   </meta>
   <identifier>
      <system value="https://demis.rki.de/fhir/NamingSystem/NotificationId"></system>
      <value value="e7a224d9-d39c-40bf-8197-df8f8893cca5"></value>
   </identifier>
   <status value="final"></status>
   <type>
      <coding>
         <system value="http://loinc.org"></system>
         <code value="34782-3"></code>
         <display value="Infectious disease Note"></display>
      </coding>
   </type>
   <category>
      <coding>
         <system value="https://demis.rki.de/fhir/CodeSystem/notificationType"></system>
         <code value="6.1_2"></code>
         <display value="Meldung gemäß §6 Absatz 1, 2"></display>
      </coding>
   </category>
   <subject>
      <reference value="Patient/22dab620-641a-39b1-a415-19c66cd7a69b"></reference>
   </subject>
   <date value="2022-12-07T01:00:00+01:00"></date>
   <author>
      <reference value="PractitionerRole/f3185305-ce21-389b-9eb6-8f639076cd16"></reference>
   </author>
   <title value="Meldung gemäß §6 Absatz 1, 2 IfSG"></title>
   <section>
      <title value="Diagnose"></title>
      <code>
         <coding>
            <system value="https://demis.rki.de/fhir/CodeSystem/sectionCode"></system>
            <code value="diagnosis"></code>
            <display value="Diagnose"></display>
         </coding>
      </code>
      <entry>
         <reference value="Condition/423f3070-d972-32fe-ba26-6a378a0e8d18"></reference>
      </entry>
   </section>
   <section>
      <title value="Meldetatbestandsübergreifende klinische und epidemiologische Angaben"></title>
      <code>
         <coding>
            <system value="https://demis.rki.de/fhir/CodeSystem/sectionCode"></system>
            <code value="generalClinAndEpiInformation"></code>
            <display value="Meldetatbestandsübergreifende klinische und epidemiologische Angaben"></display>
         </coding>
      </code>
      <entry>
         <reference value="QuestionnaireResponse/bced73d5-fbe2-379f-bf58-b385bf4d3621"></reference>
      </entry>
   </section>
   <section>
      <title value="Meldetatbestandsspezifische klinische und epidemiologische Angaben"></title>
      <code>
         <coding>
            <system value="https://demis.rki.de/fhir/CodeSystem/sectionCode"></system>
            <code value="specificClinAndEpiInformation"></code>
            <display value="Meldetatbestandsspezifische klinische und epidemiologische Angaben"></display>
         </coding>
      </code>
      <entry>
         <reference value="QuestionnaireResponse/f0b6f73c-4ae7-3973-9fee-5608832dc332"></reference>
      </entry>
   </section>
</Composition>