<Condition xmlns="http://hl7.org/fhir">
   <id value="930ae7a1-d1b7-358d-b89c-de349f607047"></id>
   <meta>
      <profile value="https://demis.rki.de/fhir/StructureDefinition/DiseaseCVDD"></profile>
   </meta>
   <verificationStatus>
      <coding>
         <system value="http://terminology.hl7.org/CodeSystem/condition-ver-status"></system>
         <code value="confirmed"></code>
      </coding>
   </verificationStatus>
   <code>
      <coding>
         <system value="https://demis.rki.de/fhir/CodeSystem/notificationDiseaseCategory"></system>
         <code value="cvdd"></code>
         <display value="Coronavirus-Krankheit-2019 (COVID-19)"></display>
      </coding>
   </code>
   <subject>
      <reference value="Patient/b6bb7aa4-e298-3b4e-83a1-32aaf7407eb0"></reference>
   </subject>
   <onsetDateTime value="2023-04-09"></onsetDateTime>
   <recordedDate value="2023-04-11"></recordedDate>
   <evidence>
      <code>
         <coding>
            <system value="http://snomed.info/sct"></system>
            <code value="267036007"></code>
            <display value="Atemstörung (Dyspnoe)"></display>
         </coding>
      </code>
   </evidence>
   <evidence>
      <code>
         <coding>
            <system value="http://snomed.info/sct"></system>
            <code value="386661006"></code>
            <display value="Fieber"></display>
         </coding>
      </code>
   </evidence>
   <evidence>
      <code>
         <coding>
            <system value="http://snomed.info/sct"></system>
            <code value="43724002"></code>
            <display value="Frösteln"></display>
         </coding>
      </code>
   </evidence>
   <evidence>
      <code>
         <coding>
            <system value="http://snomed.info/sct"></system>
            <code value="67782005"></code>
            <display value="akutes schweres Atemnotsyndrom (ARDS)"></display>
         </coding>
      </code>
   </evidence>
   <note>
      <text value="Textueller Hinweis"></text>
   </note>
</Condition>