<Condition xmlns="http://hl7.org/fhir">
   <id value="d2fda150-cb7b-3cdb-b7c3-91626e78832e"></id>
   <meta>
      <profile value="https://demis.rki.de/fhir/StructureDefinition/DiseaseLSVD"></profile>
   </meta>
   <verificationStatus>
      <coding>
         <system value="http://terminology.hl7.org/CodeSystem/condition-ver-status"></system>
         <code value="confirmed"></code>
      </coding>
   </verificationStatus>
   <code>
      <coding>
         <system value="https://demis.rki.de/fhir/CodeSystem/notificationDiseaseCategory"></system>
         <code value="lsvd"></code>
         <display value="Lassafieber"></display>
      </coding>
   </code>
   <subject>
      <reference value="Patient/07c79767-d953-3e9f-8f6c-96806ece3527"></reference>
   </subject>
   <onsetDateTime value="2023-03-13"></onsetDateTime>
   <recordedDate value="2023-03-15"></recordedDate>
   <evidence>
      <code>
         <coding>
            <system value="http://snomed.info/sct"></system>
            <code value="387778001"></code>
            <display value="Hauteinblutung, Purpura"></display>
         </coding>
      </code>
   </evidence>
   <evidence>
      <code>
         <coding>
            <system value="http://snomed.info/sct"></system>
            <code value="302227002"></code>
            <display value="Hauteinblutung, Ekchymosen"></display>
         </coding>
      </code>
   </evidence>
   <evidence>
      <code>
         <coding>
            <system value="http://snomed.info/sct"></system>
            <code value="389026000:42752001=166778002"></code>
            <display value="Anzeichen für Plasmaaustritt (Aszites)"></display>
         </coding>
      </code>
   </evidence>
   <evidence>
      <code>
         <coding>
            <system value="http://snomed.info/sct"></system>
            <code value="302215000"></code>
            <display value="Thrombozytopenie (&lt;= 150.000 Zellen/cmm)"></display>
         </coding>
      </code>
   </evidence>
   <evidence>
      <code>
         <coding>
            <system value="http://snomed.info/sct"></system>
            <code value="386661006"></code>
            <display value="Fieber"></display>
         </coding>
      </code>
   </evidence>
   <note>
      <text value="Textueller Hinweis"></text>
   </note>
</Condition>