<Immunization xmlns="http://hl7.org/fhir">
   <id value="ac6df303-d424-3349-b6b1-70129d72e8d6"></id>
   <meta>
      <profile value="https://demis.rki.de/fhir/StructureDefinition/ImmunizationInformationVZWD"></profile>
   </meta>
   <status value="completed"></status>
   <vaccineCode>
      <coding>
         <system value="http://snomed.info/sct"></system>
         <code value="1010322001"></code>
         <display value="Varizellen Lebendvirusimpfstoff (Varilrix, Varivax)"></display>
      </coding>
   </vaccineCode>
   <patient>
      <reference value="Patient/219fec76-9414-3698-a767-4447430c9223"></reference>
   </patient>
   <occurrenceDateTime value="1987-04-20"></occurrenceDateTime>
   <note>
      <text value="-"></text>
   </note>
</Immunization>