<?xml version="1.0" encoding="UTF-8"?>
<ValueSet xmlns="http://hl7.org/fhir">
  <id value="county"/>
  <url value="https://demis.rki.de/fhir/ValueSet/county"/>
  <version value="1.1.0"/>
  <name value="County"/>
  <title value="Landkreis"/>
  <status value="retired" />
  <experimental value="false"/>
  <date value="2025-04-10" />
  <publisher value="Robert Koch-Institut"/>
  <description value="Das ValueSet County enthält die Codes der Landkreise."/>
  <compose>
    <include>
      <system value="https://demis.rki.de/fhir/CodeSystem/geographicRegion"/>
      <version value="1.1.0"/>
      <concept>
        <code value="11001001"/>
        <display value="SK Flensburg"/>
      </concept>
      <concept>
        <code value="11001002"/>
        <display value="SK Kiel"/>
      </concept>
      <concept>
        <code value="11001003"/>
        <display value="SK Lübeck"/>
      </concept>
      <concept>
        <code value="11001004"/>
        <display value="SK Neumünster"/>
      </concept>
      <concept>
        <code value="11001051"/>
        <display value="LK Dithmarschen"/>
      </concept>
      <concept>
        <code value="11001053"/>
        <display value="LK Herzogtum Lauenburg"/>
      </concept>
      <concept>
        <code value="11001054"/>
        <display value="LK Nordfriesland"/>
      </concept>
      <concept>
        <code value="11001055"/>
        <display value="LK Ostholstein"/>
      </concept>
      <concept>
        <code value="11001056"/>
        <display value="LK Pinneberg"/>
      </concept>
      <concept>
        <code value="11001057"/>
        <display value="LK Plön"/>
      </concept>
      <concept>
        <code value="11001058"/>
        <display value="LK Rendsburg-Eckernförde"/>
      </concept>
      <concept>
        <code value="11001059"/>
        <display value="LK Schleswig-Flensburg"/>
      </concept>
      <concept>
        <code value="11001060"/>
        <display value="LK Segeberg"/>
      </concept>
      <concept>
        <code value="11001061"/>
        <display value="LK Steinburg"/>
      </concept>
      <concept>
        <code value="11001062"/>
        <display value="LK Stormarn"/>
      </concept>

      <concept>
        <code value="11002000"/>
        <display value="SK Hamburg"/>
      </concept>
      <concept>
        <code value="11003101"/>
        <display value="SK Braunschweig"/>
      </concept>
      <concept>
        <code value="11003102"/>
        <display value="SK Salzgitter"/>
      </concept>
      <concept>
        <code value="11003103"/>
        <display value="SK Wolfsburg"/>
      </concept>
      <concept>
        <code value="11003151"/>
        <display value="LK Gifhorn"/>
      </concept>
      <concept>
        <code value="11003159"/>
        <display value="LK Göttingen"/>
      </concept>
      <concept>
        <code value="11003153"/>
        <display value="LK Goslar"/>
      </concept>
      <concept>
        <code value="11003154"/>
        <display value="LK Helmstedt"/>
      </concept>
      <concept>
        <code value="11003155"/>
        <display value="LK Northeim"/>
      </concept>
      <concept>
        <code value="11003157"/>
        <display value="LK Peine"/>
      </concept>
      <concept>
        <code value="11003158"/>
        <display value="LK Wolfenbüttel"/>
      </concept>
      <concept>
        <code value="11003241"/>
        <display value="Region Hannover"/>
      </concept>
      <concept>
        <code value="11003251"/>
        <display value="LK Diepholz"/>
      </concept>
      <concept>
        <code value="11003252"/>
        <display value="LK Hameln-Pyrmont"/>
      </concept>
      <concept>
        <code value="11003254"/>
        <display value="LK Hildesheim"/>
      </concept>
      <concept>
        <code value="11003255"/>
        <display value="LK Holzminden"/>
      </concept>
      <concept>
        <code value="11003256"/>
        <display value="LK Nienburg (Weser)"/>
      </concept>
      <concept>
        <code value="11003257"/>
        <display value="LK Schaumburg"/>
      </concept>
      <concept>
        <code value="11003351"/>
        <display value="LK Celle"/>
      </concept>
      <concept>
        <code value="11003352"/>
        <display value="LK Cuxhaven"/>
      </concept>
      <concept>
        <code value="11003353"/>
        <display value="LK Harburg"/>
      </concept>
      <concept>
        <code value="11003354"/>
        <display value="LK Lüchow-Dannenberg"/>
      </concept>
      <concept>
        <code value="11003355"/>
        <display value="LK Lüneburg"/>
      </concept>
      <concept>
        <code value="11003356"/>
        <display value="LK Osterholz"/>
      </concept>
      <concept>
        <code value="11003357"/>
        <display value="LK Rotenburg (Wümme)"/>
      </concept>
      <concept>
        <code value="11003358"/>
        <display value="LK Heidekreis"/>
      </concept>
      <concept>
        <code value="11003359"/>
        <display value="LK Stade"/>
      </concept>
      <concept>
        <code value="11003360"/>
        <display value="LK Uelzen"/>
      </concept>
      <concept>
        <code value="11003361"/>
        <display value="LK Verden"/>
      </concept>
      <concept>
        <code value="11003401"/>
        <display value="SK Delmenhorst"/>
      </concept>
      <concept>
        <code value="11003402"/>
        <display value="SK Emden"/>
      </concept>
      <concept>
        <code value="11003403"/>
        <display value="SK Oldenburg"/>
      </concept>
      <concept>
        <code value="11003404"/>
        <display value="SK Osnabrück"/>
      </concept>
      <concept>
        <code value="11003405"/>
        <display value="SK Wilhelmshaven"/>
      </concept>
      <concept>
        <code value="11003451"/>
        <display value="LK Ammerland"/>
      </concept>
      <concept>
        <code value="11003452"/>
        <display value="LK Aurich"/>
      </concept>
      <concept>
        <code value="11003453"/>
        <display value="LK Cloppenburg"/>
      </concept>
      <concept>
        <code value="11003454"/>
        <display value="LK Emsland"/>
      </concept>
      <concept>
        <code value="11003455"/>
        <display value="LK Friesland"/>
      </concept>
      <concept>
        <code value="11003456"/>
        <display value="LK Grafschaft Bentheim"/>
      </concept>
      <concept>
        <code value="11003457"/>
        <display value="LK Leer"/>
      </concept>
      <concept>
        <code value="11003458"/>
        <display value="LK Oldenburg"/>
      </concept>
      <concept>
        <code value="11003459"/>
        <display value="LK Osnabrück"/>
      </concept>
      <concept>
        <code value="11003460"/>
        <display value="LK Vechta"/>
      </concept>
      <concept>
        <code value="11003461"/>
        <display value="LK Wesermarsch"/>
      </concept>
      <concept>
        <code value="11003462"/>
        <display value="LK Wittmund"/>
      </concept>
      <concept>
        <code value="11004011"/>
        <display value="SK Bremen"/>
      </concept>
      <concept>
        <code value="11004012"/>
        <display value="SK Bremerhaven"/>
      </concept>
      <concept>
        <code value="11005554"/>
        <display value="LK Borken"/>
      </concept>
      <concept>
        <code value="11005558"/>
        <display value="LK Coesfeld"/>
      </concept>
      <concept>
        <code value="11005358"/>
        <display value="LK Düren"/>
      </concept>
      <concept>
        <code value="11005954"/>
        <display value="LK Ennepe-Ruhr-Kreis"/>
      </concept>
      <concept>
        <code value="11005366"/>
        <display value="LK Euskirchen"/>
      </concept>
      <concept>
        <code value="11005754"/>
        <display value="LK Gütersloh"/>
      </concept>
      <concept>
        <code value="11005370"/>
        <display value="LK Heinsberg"/>
      </concept>
      <concept>
        <code value="11005758"/>
        <display value="LK Herford"/>
      </concept>
      <concept>
        <code value="11005958"/>
        <display value="LK Hochsauerlandkreis"/>
      </concept>
      <concept>
        <code value="11005762"/>
        <display value="LK Höxter"/>
      </concept>
      <concept>
        <code value="11005154"/>
        <display value="LK Kleve"/>
      </concept>
      <concept>
        <code value="11005766"/>
        <display value="LK Lippe"/>
      </concept>
      <concept>
        <code value="11005962"/>
        <display value="LK Märkischer Kreis"/>
      </concept>
      <concept>
        <code value="11005158"/>
        <display value="LK Mettmann"/>
      </concept>
      <concept>
        <code value="11005770"/>
        <display value="LK Minden-Lübbecke"/>
      </concept>
      <concept>
        <code value="11005374"/>
        <display value="LK Oberbergischer Kreis"/>
      </concept>
      <concept>
        <code value="11005966"/>
        <display value="LK Olpe"/>
      </concept>
      <concept>
        <code value="11005774"/>
        <display value="LK Paderborn"/>
      </concept>
      <concept>
        <code value="11005562"/>
        <display value="LK Recklinghausen"/>
      </concept>
      <concept>
        <code value="11005362"/>
        <display value="LK Rhein-Erft-Kreis"/>
      </concept>
      <concept>
        <code value="11005162"/>
        <display value="LK Rhein-Kreis Neuss"/>
      </concept>
      <concept>
        <code value="11005382"/>
        <display value="LK Rhein-Sieg-Kreis"/>
      </concept>
      <concept>
        <code value="11005378"/>
        <display value="LK Rheinisch-Bergischer Kreis"/>
      </concept>
      <concept>
        <code value="11005970"/>
        <display value="LK Siegen-Wittgenstein"/>
      </concept>
      <concept>
        <code value="11005974"/>
        <display value="LK Soest"/>
      </concept>
      <concept>
        <code value="11005566"/>
        <display value="LK Steinfurt"/>
      </concept>
      <concept>
        <code value="11005978"/>
        <display value="LK Unna"/>
      </concept>
      <concept>
        <code value="11005166"/>
        <display value="LK Viersen"/>
      </concept>
      <concept>
        <code value="11005570"/>
        <display value="LK Warendorf"/>
      </concept>
      <concept>
        <code value="11005170"/>
        <display value="LK Wesel"/>
      </concept>
      <concept>
        <code value="11005711"/>
        <display value="SK Bielefeld"/>
      </concept>
      <concept>
        <code value="11005911"/>
        <display value="SK Bochum"/>
      </concept>
      <concept>
        <code value="11005314"/>
        <display value="SK Bonn"/>
      </concept>
      <concept>
        <code value="11005512"/>
        <display value="SK Bottrop"/>
      </concept>
      <concept>
        <code value="11005913"/>
        <display value="SK Dortmund"/>
      </concept>
      <concept>
        <code value="11005112"/>
        <display value="SK Duisburg"/>
      </concept>
      <concept>
        <code value="11005111"/>
        <display value="SK Düsseldorf"/>
      </concept>
      <concept>
        <code value="11005113"/>
        <display value="SK Essen"/>
      </concept>
      <concept>
        <code value="11005513"/>
        <display value="SK Gelsenkirchen"/>
      </concept>
      <concept>
        <code value="11005914"/>
        <display value="SK Hagen"/>
      </concept>
      <concept>
        <code value="11005915"/>
        <display value="SK Hamm"/>
      </concept>
      <concept>
        <code value="11005916"/>
        <display value="SK Herne"/>
      </concept>
      <concept>
        <code value="11005315"/>
        <display value="SK Köln"/>
      </concept>
      <concept>
        <code value="11005114"/>
        <display value="SK Krefeld"/>
      </concept>
      <concept>
        <code value="11005316"/>
        <display value="SK Leverkusen"/>
      </concept>
      <concept>
        <code value="11005116"/>
        <display value="SK Mönchengladbach"/>
      </concept>
      <concept>
        <code value="11005117"/>
        <display value="SK Mülheim a.d.Ruhr"/>
      </concept>
      <concept>
        <code value="11005515"/>
        <display value="SK Münster"/>
      </concept>
      <concept>
        <code value="11005119"/>
        <display value="SK Oberhausen"/>
      </concept>
      <concept>
        <code value="11005120"/>
        <display value="SK Remscheid"/>
      </concept>
      <concept>
        <code value="11005122"/>
        <display value="SK Solingen"/>
      </concept>
      <concept>
        <code value="11005124"/>
        <display value="SK Wuppertal"/>
      </concept>
      <concept>
        <code value="11005334"/>
        <display value="StädteRegion Aachen"/>
      </concept>
      <concept>
        <code value="11006431"/>
        <display value="LK Bergstraße"/>
      </concept>
      <concept>
        <code value="11006432"/>
        <display value="LK Darmstadt-Dieburg"/>
      </concept>
      <concept>
        <code value="11006631"/>
        <display value="LK Fulda"/>
      </concept>
      <concept>
        <code value="11006531"/>
        <display value="LK Gießen"/>
      </concept>
      <concept>
        <code value="11006433"/>
        <display value="LK Groß-Gerau"/>
      </concept>
      <concept>
        <code value="11006632"/>
        <display value="LK Hersfeld-Rotenburg"/>
      </concept>
      <concept>
        <code value="11006434"/>
        <display value="LK Hochtaunuskreis"/>
      </concept>
      <concept>
        <code value="11006633"/>
        <display value="LK Kassel"/>
      </concept>
      <concept>
        <code value="11006532"/>
        <display value="LK Lahn-Dill-Kreis"/>
      </concept>
      <concept>
        <code value="11006533"/>
        <display value="LK Limburg-Weilburg"/>
      </concept>
      <concept>
        <code value="11006435"/>
        <display value="LK Main-Kinzig-Kreis"/>
      </concept>
      <concept>
        <code value="11006436"/>
        <display value="LK Main-Taunus-Kreis"/>
      </concept>
      <concept>
        <code value="11006534"/>
        <display value="LK Marburg-Biedenkopf"/>
      </concept>
      <concept>
        <code value="11006437"/>
        <display value="LK Odenwaldkreis"/>
      </concept>
      <concept>
        <code value="11006438"/>
        <display value="LK Offenbach"/>
      </concept>
      <concept>
        <code value="11006439"/>
        <display value="LK Rheingau-Taunus-Kreis"/>
      </concept>
      <concept>
        <code value="11006634"/>
        <display value="LK Schwalm-Eder-Kreis"/>
      </concept>
      <concept>
        <code value="11006535"/>
        <display value="LK Vogelsbergkreis"/>
      </concept>
      <concept>
        <code value="11006635"/>
        <display value="LK Waldeck-Frankenberg"/>
      </concept>
      <concept>
        <code value="11006636"/>
        <display value="LK Werra-Meißner-Kreis"/>
      </concept>
      <concept>
        <code value="11006440"/>
        <display value="LK Wetteraukreis"/>
      </concept>
      <concept>
        <code value="11006411"/>
        <display value="SK Darmstadt"/>
      </concept>
      <concept>
        <code value="11006412"/>
        <display value="SK Frankfurt am Main"/>
      </concept>
      <concept>
        <code value="11006611"/>
        <display value="SK Kassel"/>
      </concept>
      <concept>
        <code value="11006413"/>
        <display value="SK Offenbach"/>
      </concept>
      <concept>
        <code value="11006414"/>
        <display value="SK Wiesbaden"/>
      </concept>
      <concept>
        <code value="11007131"/>
        <display value="LK Ahrweiler"/>
      </concept>
      <concept>
        <code value="11007132"/>
        <display value="LK Altenkirchen"/>
      </concept>
      <concept>
        <code value="11007331"/>
        <display value="LK Alzey-Worms"/>
      </concept>
      <concept>
        <code value="11007332"/>
        <display value="LK Bad Dürkheim"/>
      </concept>
      <concept>
        <code value="11007133"/>
        <display value="LK Bad Kreuznach"/>
      </concept>
      <concept>
        <code value="11007231"/>
        <display value="LK Bernkastel-Wittlich"/>
      </concept>
      <concept>
        <code value="11007134"/>
        <display value="LK Birkenfeld"/>
      </concept>
      <concept>
        <code value="11007232"/>
        <display value="LK Bitburg-Prüm"/>
      </concept>
      <concept>
        <code value="11007135"/>
        <display value="LK Cochem-Zell"/>
      </concept>
      <concept>
        <code value="11007333"/>
        <display value="LK Donnersbergkreis"/>
      </concept>
      <concept>
        <code value="11007334"/>
        <display value="LK Germersheim"/>
      </concept>
      <concept>
        <code value="11007335"/>
        <display value="LK Kaiserslautern"/>
      </concept>
      <concept>
        <code value="11007336"/>
        <display value="LK Kusel"/>
      </concept>
      <concept>
        <code value="11007339"/>
        <display value="LK Mainz-Bingen"/>
      </concept>
      <concept>
        <code value="11007137"/>
        <display value="LK Mayen-Koblenz"/>
      </concept>
      <concept>
        <code value="11007138"/>
        <display value="LK Neuwied"/>
      </concept>
      <concept>
        <code value="11007140"/>
        <display value="LK Rhein-Hunsrück-Kreis"/>
      </concept>
      <concept>
        <code value="11007141"/>
        <display value="LK Rhein-Lahn-Kreis"/>
      </concept>
      <concept>
        <code value="11007338"/>
        <display value="LK Rhein-Pfalz-Kreis"/>
      </concept>
      <concept>
        <code value="11007337"/>
        <display value="LK Südliche Weinstraße"/>
      </concept>
      <concept>
        <code value="11007340"/>
        <display value="LK Südwestpfalz"/>
      </concept>
      <concept>
        <code value="11007235"/>
        <display value="LK Trier-Saarburg"/>
      </concept>
      <concept>
        <code value="11007233"/>
        <display value="LK Vulkaneifel"/>
      </concept>
      <concept>
        <code value="11007143"/>
        <display value="LK Westerwaldkreis"/>
      </concept>
      <concept>
        <code value="11007311"/>
        <display value="SK Frankenthal"/>
      </concept>
      <concept>
        <code value="11007312"/>
        <display value="SK Kaiserslautern"/>
      </concept>
      <concept>
        <code value="11007111"/>
        <display value="SK Koblenz"/>
      </concept>
      <concept>
        <code value="11007313"/>
        <display value="SK Landau i.d.Pfalz"/>
      </concept>
      <concept>
        <code value="11007314"/>
        <display value="SK Ludwigshafen"/>
      </concept>
      <concept>
        <code value="11007315"/>
        <display value="SK Mainz"/>
      </concept>
      <concept>
        <code value="11007316"/>
        <display value="SK Neustadt a.d.Weinstraße"/>
      </concept>
      <concept>
        <code value="11007317"/>
        <display value="SK Pirmasens"/>
      </concept>
      <concept>
        <code value="11007318"/>
        <display value="SK Speyer"/>
      </concept>
      <concept>
        <code value="11007211"/>
        <display value="SK Trier"/>
      </concept>
      <concept>
        <code value="11007319"/>
        <display value="SK Worms"/>
      </concept>
      <concept>
        <code value="11007320"/>
        <display value="SK Zweibrücken"/>
      </concept>
      <concept>
        <code value="11008425"/>
        <display value="LK Alb-Donau-Kreis"/>
      </concept>
      <concept>
        <code value="11008426"/>
        <display value="LK Biberach"/>
      </concept>
      <concept>
        <code value="11008115"/>
        <display value="LK Böblingen"/>
      </concept>
      <concept>
        <code value="11008435"/>
        <display value="LK Bodenseekreis"/>
      </concept>
      <concept>
        <code value="11008315"/>
        <display value="LK Breisgau-Hochschwarzwald"/>
      </concept>
      <concept>
        <code value="11008235"/>
        <display value="LK Calw"/>
      </concept>
      <concept>
        <code value="11008316"/>
        <display value="LK Emmendingen"/>
      </concept>
      <concept>
        <code value="11008236"/>
        <display value="LK Enzkreis"/>
      </concept>
      <concept>
        <code value="11008116"/>
        <display value="LK Esslingen"/>
      </concept>
      <concept>
        <code value="11008237"/>
        <display value="LK Freudenstadt"/>
      </concept>
      <concept>
        <code value="11008117"/>
        <display value="LK Göppingen"/>
      </concept>
      <concept>
        <code value="11008135"/>
        <display value="LK Heidenheim"/>
      </concept>
      <concept>
        <code value="11008125"/>
        <display value="LK Heilbronn"/>
      </concept>
      <concept>
        <code value="11008126"/>
        <display value="LK Hohenlohekreis"/>
      </concept>
      <concept>
        <code value="11008215"/>
        <display value="LK Karlsruhe"/>
      </concept>
      <concept>
        <code value="11008335"/>
        <display value="LK Konstanz"/>
      </concept>
      <concept>
        <code value="11008336"/>
        <display value="LK Lörrach"/>
      </concept>
      <concept>
        <code value="11008118"/>
        <display value="LK Ludwigsburg"/>
      </concept>
      <concept>
        <code value="11008128"/>
        <display value="LK Main-Tauber-Kreis"/>
      </concept>
      <concept>
        <code value="11008225"/>
        <display value="LK Neckar-Odenwald-Kreis"/>
      </concept>
      <concept>
        <code value="11008317"/>
        <display value="LK Ortenaukreis"/>
      </concept>
      <concept>
        <code value="11008136"/>
        <display value="LK Ostalbkreis"/>
      </concept>
      <concept>
        <code value="11008216"/>
        <display value="LK Rastatt"/>
      </concept>
      <concept>
        <code value="11008436"/>
        <display value="LK Ravensburg"/>
      </concept>
      <concept>
        <code value="11008119"/>
        <display value="LK Rems-Murr-Kreis"/>
      </concept>
      <concept>
        <code value="11008415"/>
        <display value="LK Reutlingen"/>
      </concept>
      <concept>
        <code value="11008226"/>
        <display value="LK Rhein-Neckar-Kreis"/>
      </concept>
      <concept>
        <code value="11008325"/>
        <display value="LK Rottweil"/>
      </concept>
      <concept>
        <code value="11008127"/>
        <display value="LK Schwäbisch Hall"/>
      </concept>
      <concept>
        <code value="11008326"/>
        <display value="LK Schwarzwald-Baar-Kreis"/>
      </concept>
      <concept>
        <code value="11008437"/>
        <display value="LK Sigmaringen"/>
      </concept>
      <concept>
        <code value="11008416"/>
        <display value="LK Tübingen"/>
      </concept>
      <concept>
        <code value="11008327"/>
        <display value="LK Tuttlingen"/>
      </concept>
      <concept>
        <code value="11008337"/>
        <display value="LK Waldshut"/>
      </concept>
      <concept>
        <code value="11008417"/>
        <display value="LK Zollernalbkreis"/>
      </concept>
      <concept>
        <code value="11008211"/>
        <display value="SK Baden-Baden"/>
      </concept>
      <concept>
        <code value="11008311"/>
        <display value="SK Freiburg i.Breisgau"/>
      </concept>
      <concept>
        <code value="11008221"/>
        <display value="SK Heidelberg"/>
      </concept>
      <concept>
        <code value="11008121"/>
        <display value="SK Heilbronn"/>
      </concept>
      <concept>
        <code value="11008212"/>
        <display value="SK Karlsruhe"/>
      </concept>
      <concept>
        <code value="11008222"/>
        <display value="SK Mannheim"/>
      </concept>
      <concept>
        <code value="11008231"/>
        <display value="SK Pforzheim"/>
      </concept>
      <concept>
        <code value="11008111"/>
        <display value="SK Stuttgart"/>
      </concept>
      <concept>
        <code value="11008421"/>
        <display value="SK Ulm"/>
      </concept>
      <concept>
        <code value="11009771"/>
        <display value="LK Aichach-Friedberg"/>
      </concept>
      <concept>
        <code value="11009171"/>
        <display value="LK Altötting"/>
      </concept>
      <concept>
        <code value="11009371"/>
        <display value="LK Amberg-Sulzbach"/>
      </concept>
      <concept>
        <code value="11009571"/>
        <display value="LK Ansbach"/>
      </concept>
      <concept>
        <code value="11009671"/>
        <display value="LK Aschaffenburg"/>
      </concept>
      <concept>
        <code value="11009772"/>
        <display value="LK Augsburg"/>
      </concept>
      <concept>
        <code value="11009672"/>
        <display value="LK Bad Kissingen"/>
      </concept>
      <concept>
        <code value="11009173"/>
        <display value="LK Bad Tölz-Wolfratshausen"/>
      </concept>
      <concept>
        <code value="11009471"/>
        <display value="LK Bamberg"/>
      </concept>
      <concept>
        <code value="11009472"/>
        <display value="LK Bayreuth"/>
      </concept>
      <concept>
        <code value="11009172"/>
        <display value="LK Berchtesgadener Land"/>
      </concept>
      <concept>
        <code value="11009372"/>
        <display value="LK Cham"/>
      </concept>
      <concept>
        <code value="11009473"/>
        <display value="LK Coburg"/>
      </concept>
      <concept>
        <code value="11009174"/>
        <display value="LK Dachau"/>
      </concept>
      <concept>
        <code value="11009271"/>
        <display value="LK Deggendorf"/>
      </concept>
      <concept>
        <code value="11009773"/>
        <display value="LK Dillingen a.d.Donau"/>
      </concept>
      <concept>
        <code value="11009279"/>
        <display value="LK Dingolfing-Landau"/>
      </concept>
      <concept>
        <code value="11009779"/>
        <display value="LK Donau-Ries"/>
      </concept>
      <concept>
        <code value="11009175"/>
        <display value="LK Ebersberg"/>
      </concept>
      <concept>
        <code value="11009176"/>
        <display value="LK Eichstätt"/>
      </concept>
      <concept>
        <code value="11009177"/>
        <display value="LK Erding"/>
      </concept>
      <concept>
        <code value="11009572"/>
        <display value="LK Erlangen-Höchstadt"/>
      </concept>
      <concept>
        <code value="11009474"/>
        <display value="LK Forchheim"/>
      </concept>
      <concept>
        <code value="11009178"/>
        <display value="LK Freising"/>
      </concept>
      <concept>
        <code value="11009272"/>
        <display value="LK Freyung-Grafenau"/>
      </concept>
      <concept>
        <code value="11009179"/>
        <display value="LK Fürstenfeldbruck"/>
      </concept>
      <concept>
        <code value="11009573"/>
        <display value="LK Fürth"/>
      </concept>
      <concept>
        <code value="11009180"/>
        <display value="LK Garmisch-Partenkirchen"/>
      </concept>
      <concept>
        <code value="11009774"/>
        <display value="LK Günzburg"/>
      </concept>
      <concept>
        <code value="11009674"/>
        <display value="LK Haßberge"/>
      </concept>
      <concept>
        <code value="11009475"/>
        <display value="LK Hof"/>
      </concept>
      <concept>
        <code value="11009273"/>
        <display value="LK Kelheim"/>
      </concept>
      <concept>
        <code value="11009675"/>
        <display value="LK Kitzingen"/>
      </concept>
      <concept>
        <code value="11009476"/>
        <display value="LK Kronach"/>
      </concept>
      <concept>
        <code value="11009477"/>
        <display value="LK Kulmbach"/>
      </concept>
      <concept>
        <code value="11009181"/>
        <display value="LK Landsberg a.Lech"/>
      </concept>
      <concept>
        <code value="11009274"/>
        <display value="LK Landshut"/>
      </concept>
      <concept>
        <code value="11009478"/>
        <display value="LK Lichtenfels"/>
      </concept>
      <concept>
        <code value="11009776"/>
        <display value="LK Lindau"/>
      </concept>
      <concept>
        <code value="11009677"/>
        <display value="LK Main-Spessart"/>
      </concept>
      <concept>
        <code value="11009182"/>
        <display value="LK Miesbach"/>
      </concept>
      <concept>
        <code value="11009676"/>
        <display value="LK Miltenberg"/>
      </concept>
      <concept>
        <code value="11009183"/>
        <display value="LK Mühldorf a.Inn"/>
      </concept>
      <concept>
        <code value="11009184"/>
        <display value="LK München"/>
      </concept>
      <concept>
        <code value="11009775"/>
        <display value="LK Neu-Ulm"/>
      </concept>
      <concept>
        <code value="11009185"/>
        <display value="LK Neuburg-Schrobenhausen"/>
      </concept>
      <concept>
        <code value="11009373"/>
        <display value="LK Neumarkt i.d.OPf."/>
      </concept>
      <concept>
        <code value="11009575"/>
        <display value="LK Neustadt a.d.Aisch-Bad Windsheim"/>
      </concept>
      <concept>
        <code value="11009374"/>
        <display value="LK Neustadt a.d.Waldnaab"/>
      </concept>
      <concept>
        <code value="11009574"/>
        <display value="LK Nürnberger Land"/>
      </concept>
      <concept>
        <code value="11009780"/>
        <display value="LK Oberallgäu"/>
      </concept>
      <concept>
        <code value="11009777"/>
        <display value="LK Ostallgäu"/>
      </concept>
      <concept>
        <code value="11009275"/>
        <display value="LK Passau"/>
      </concept>
      <concept>
        <code value="11009186"/>
        <display value="LK Pfaffenhofen a.d.Ilm"/>
      </concept>
      <concept>
        <code value="11009276"/>
        <display value="LK Regen"/>
      </concept>
      <concept>
        <code value="11009375"/>
        <display value="LK Regensburg"/>
      </concept>
      <concept>
        <code value="11009673"/>
        <display value="LK Rhön-Grabfeld"/>
      </concept>
      <concept>
        <code value="11009187"/>
        <display value="LK Rosenheim"/>
      </concept>
      <concept>
        <code value="11009576"/>
        <display value="LK Roth"/>
      </concept>
      <concept>
        <code value="11009277"/>
        <display value="LK Rottal-Inn"/>
      </concept>
      <concept>
        <code value="11009376"/>
        <display value="LK Schwandorf"/>
      </concept>
      <concept>
        <code value="11009678"/>
        <display value="LK Schweinfurt"/>
      </concept>
      <concept>
        <code value="11009188"/>
        <display value="LK Starnberg"/>
      </concept>
      <concept>
        <code value="11009278"/>
        <display value="LK Straubing-Bogen"/>
      </concept>
      <concept>
        <code value="11009377"/>
        <display value="LK Tirschenreuth"/>
      </concept>
      <concept>
        <code value="11009189"/>
        <display value="LK Traunstein"/>
      </concept>
      <concept>
        <code value="11009778"/>
        <display value="LK Unterallgäu"/>
      </concept>
      <concept>
        <code value="11009190"/>
        <display value="LK Weilheim-Schongau"/>
      </concept>
      <concept>
        <code value="11009577"/>
        <display value="LK Weißenburg-Gunzenhausen"/>
      </concept>
      <concept>
        <code value="11009479"/>
        <display value="LK Wunsiedel i.Fichtelgebirge"/>
      </concept>
      <concept>
        <code value="11009679"/>
        <display value="LK Würzburg"/>
      </concept>
      <concept>
        <code value="11009361"/>
        <display value="SK Amberg"/>
      </concept>
      <concept>
        <code value="11009561"/>
        <display value="SK Ansbach"/>
      </concept>
      <concept>
        <code value="11009661"/>
        <display value="SK Aschaffenburg"/>
      </concept>
      <concept>
        <code value="11009761"/>
        <display value="SK Augsburg"/>
      </concept>
      <concept>
        <code value="11009461"/>
        <display value="SK Bamberg"/>
      </concept>
      <concept>
        <code value="11009462"/>
        <display value="SK Bayreuth"/>
      </concept>
      <concept>
        <code value="11009463"/>
        <display value="SK Coburg"/>
      </concept>
      <concept>
        <code value="11009562"/>
        <display value="SK Erlangen"/>
      </concept>
      <concept>
        <code value="11009563"/>
        <display value="SK Fürth"/>
      </concept>
      <concept>
        <code value="11009464"/>
        <display value="SK Hof"/>
      </concept>
      <concept>
        <code value="11009161"/>
        <display value="SK Ingolstadt"/>
      </concept>
      <concept>
        <code value="11009762"/>
        <display value="SK Kaufbeuren"/>
      </concept>
      <concept>
        <code value="11009763"/>
        <display value="SK Kempten"/>
      </concept>
      <concept>
        <code value="11009261"/>
        <display value="SK Landshut"/>
      </concept>
      <concept>
        <code value="11009764"/>
        <display value="SK Memmingen"/>
      </concept>
      <concept>
        <code value="11009162"/>
        <display value="SK München"/>
      </concept>
      <concept>
        <code value="11009564"/>
        <display value="SK Nürnberg"/>
      </concept>
      <concept>
        <code value="11009262"/>
        <display value="SK Passau"/>
      </concept>
      <concept>
        <code value="11009362"/>
        <display value="SK Regensburg"/>
      </concept>
      <concept>
        <code value="11009163"/>
        <display value="SK Rosenheim"/>
      </concept>
      <concept>
        <code value="11009565"/>
        <display value="SK Schwabach"/>
      </concept>
      <concept>
        <code value="11009662"/>
        <display value="SK Schweinfurt"/>
      </concept>
      <concept>
        <code value="11009263"/>
        <display value="SK Straubing"/>
      </concept>
      <concept>
        <code value="11009363"/>
        <display value="SK Weiden i.d.OPf."/>
      </concept>
      <concept>
        <code value="11009663"/>
        <display value="SK Würzburg"/>
      </concept>
      <concept>
        <code value="11010042"/>
        <display value="LK Merzig-Wadern"/>
      </concept>
      <concept>
        <code value="11010043"/>
        <display value="LK Neunkirchen"/>
      </concept>
      <concept>
        <code value="11010045"/>
        <display value="LK Saarpfalz-Kreis"/>
      </concept>
      <concept>
        <code value="11010044"/>
        <display value="LK Saarlouis"/>
      </concept>
      <concept>
        <code value="11010046"/>
        <display value="LK Sankt Wendel"/>
      </concept>
      <concept>
        <code value="11010041"/>
        <display value="LK Stadtverband Saarbrücken"/>
      </concept>
      <concept>
        <code value="11011004"/>
        <display value="SK Berlin Charlottenburg-Wilmersdorf"/>
      </concept>
      <concept>
        <code value="11011002"/>
        <display value="SK Berlin Friedrichshain-Kreuzberg"/>
      </concept>
      <concept>
        <code value="11011011"/>
        <display value="SK Berlin Lichtenberg"/>
      </concept>
      <concept>
        <code value="11011010"/>
        <display value="SK Berlin Marzahn-Hellersdorf"/>
      </concept>
      <concept>
        <code value="11011001"/>
        <display value="SK Berlin Mitte"/>
      </concept>
      <concept>
        <code value="11011008"/>
        <display value="SK Berlin Neukölln"/>
      </concept>
      <concept>
        <code value="11011003"/>
        <display value="SK Berlin Pankow"/>
      </concept>
      <concept>
        <code value="11011012"/>
        <display value="SK Berlin Reinickendorf"/>
      </concept>
      <concept>
        <code value="11011005"/>
        <display value="SK Berlin Spandau"/>
      </concept>
      <concept>
        <code value="11011006"/>
        <display value="SK Berlin Steglitz-Zehlendorf"/>
      </concept>
      <concept>
        <code value="11011007"/>
        <display value="SK Berlin Tempelhof-Schöneberg"/>
      </concept>
      <concept>
        <code value="11011009"/>
        <display value="SK Berlin Treptow-Köpenick"/>
      </concept>
      <concept>
        <code value="11012060"/>
        <display value="LK Barnim"/>
      </concept>
      <concept>
        <code value="11012061"/>
        <display value="LK Dahme-Spreewald"/>
      </concept>
      <concept>
        <code value="11012062"/>
        <display value="LK Elbe-Elster"/>
      </concept>
      <concept>
        <code value="11012063"/>
        <display value="LK Havelland"/>
      </concept>
      <concept>
        <code value="11012064"/>
        <display value="LK Märkisch-Oderland"/>
      </concept>
      <concept>
        <code value="11012065"/>
        <display value="LK Oberhavel"/>
      </concept>
      <concept>
        <code value="11012066"/>
        <display value="LK Oberspreewald-Lausitz"/>
      </concept>
      <concept>
        <code value="11012067"/>
        <display value="LK Oder-Spree"/>
      </concept>
      <concept>
        <code value="11012068"/>
        <display value="LK Ostprignitz-Ruppin"/>
      </concept>
      <concept>
        <code value="11012069"/>
        <display value="LK Potsdam-Mittelmark"/>
      </concept>
      <concept>
        <code value="11012070"/>
        <display value="LK Prignitz"/>
      </concept>
      <concept>
        <code value="11012071"/>
        <display value="LK Spree-Neiße"/>
      </concept>
      <concept>
        <code value="11012072"/>
        <display value="LK Teltow-Fläming"/>
      </concept>
      <concept>
        <code value="11012073"/>
        <display value="LK Uckermark"/>
      </concept>
      <concept>
        <code value="11012051"/>
        <display value="SK Brandenburg a.d.Havel"/>
      </concept>
      <concept>
        <code value="11012052"/>
        <display value="SK Cottbus"/>
      </concept>
      <concept>
        <code value="11012053"/>
        <display value="SK Frankfurt (Oder)"/>
      </concept>
      <concept>
        <code value="11012054"/>
        <display value="SK Potsdam"/>
      </concept>
      <concept>
        <code value="11013003"/>
        <display value="SK Rostock"/>
      </concept>
      <concept>
        <code value="11013004"/>
        <display value="SK Schwerin"/>
      </concept>
      <concept>
        <code value="11013071"/>
        <display value="LK Mecklenburgische Seenplatte"/>
      </concept>
      <concept>
        <code value="11013072"/>
        <display value="LK Rostock"/>
      </concept>
      <concept>
        <code value="11013073"/>
        <display value="LK Vorpommern-Rügen"/>
      </concept>
      <concept>
        <code value="11013074"/>
        <display value="LK Nordwestmecklenburg"/>
      </concept>
      <concept>
        <code value="11013075"/>
        <display value="LK Vorpommern-Greifswald"/>
      </concept>
      <concept>
        <code value="11013076"/>
        <display value="LK Ludwigslust-Parchim"/>
      </concept>
      <concept>
        <code value="11014625"/>
        <display value="LK Bautzen"/>
      </concept>
      <concept>
        <code value="11014521"/>
        <display value="LK Erzgebirgskreis"/>
      </concept>
      <concept>
        <code value="11014626"/>
        <display value="LK Görlitz"/>
      </concept>
      <concept>
        <code value="11014729"/>
        <display value="LK Leipzig"/>
      </concept>
      <concept>
        <code value="11014627"/>
        <display value="LK Meißen"/>
      </concept>
      <concept>
        <code value="11014522"/>
        <display value="LK Mittelsachsen"/>
      </concept>
      <concept>
        <code value="11014730"/>
        <display value="LK Nordsachsen"/>
      </concept>
      <concept>
        <code value="11014628"/>
        <display value="LK Sächsische Schweiz-Osterzgebirge"/>
      </concept>
      <concept>
        <code value="11014523"/>
        <display value="LK Vogtlandkreis"/>
      </concept>
      <concept>
        <code value="11014524"/>
        <display value="LK Zwickau"/>
      </concept>
      <concept>
        <code value="11014511"/>
        <display value="SK Chemnitz"/>
      </concept>
      <concept>
        <code value="11014612"/>
        <display value="SK Dresden"/>
      </concept>
      <concept>
        <code value="11014713"/>
        <display value="SK Leipzig"/>
      </concept>
      <concept>
        <code value="11015081"/>
        <display value="LK Altmarkkreis Salzwedel"/>
      </concept>
      <concept>
        <code value="11015082"/>
        <display value="LK Anhalt-Bitterfeld"/>
      </concept>
      <concept>
        <code value="11015083"/>
        <display value="LK Börde"/>
      </concept>
      <concept>
        <code value="11015084"/>
        <display value="LK Burgenlandkreis"/>
      </concept>
      <concept>
        <code value="11015085"/>
        <display value="LK Harz"/>
      </concept>
      <concept>
        <code value="11015086"/>
        <display value="LK Jerichower Land"/>
      </concept>
      <concept>
        <code value="11015087"/>
        <display value="LK Mansfeld-Südharz"/>
      </concept>
      <concept>
        <code value="11015088"/>
        <display value="LK Saalekreis"/>
      </concept>
      <concept>
        <code value="11015089"/>
        <display value="LK Salzlandkreis"/>
      </concept>
      <concept>
        <code value="11015090"/>
        <display value="LK Stendal"/>
      </concept>
      <concept>
        <code value="11015091"/>
        <display value="LK Wittenberg"/>
      </concept>
      <concept>
        <code value="11015001"/>
        <display value="SK Dessau-Roßlau"/>
      </concept>
      <concept>
        <code value="11015002"/>
        <display value="SK Halle"/>
      </concept>
      <concept>
        <code value="11015003"/>
        <display value="SK Magdeburg"/>
      </concept>
      <concept>
        <code value="11016077"/>
        <display value="LK Altenburger Land"/>
      </concept>
      <concept>
        <code value="11016061"/>
        <display value="LK Eichsfeld"/>
      </concept>
      <concept>
        <code value="11016067"/>
        <display value="LK Gotha"/>
      </concept>
      <concept>
        <code value="11016076"/>
        <display value="LK Greiz"/>
      </concept>
      <concept>
        <code value="11016069"/>
        <display value="LK Hildburghausen"/>
      </concept>
      <concept>
        <code value="11016070"/>
        <display value="LK Ilm-Kreis"/>
      </concept>
      <concept>
        <code value="11016065"/>
        <display value="LK Kyffhäuserkreis"/>
      </concept>
      <concept>
        <code value="11016062"/>
        <display value="LK Nordhausen"/>
      </concept>
      <concept>
        <code value="11016074"/>
        <display value="LK Saale-Holzland-Kreis"/>
      </concept>
      <concept>
        <code value="11016075"/>
        <display value="LK Saale-Orla-Kreis"/>
      </concept>
      <concept>
        <code value="11016073"/>
        <display value="LK Saalfeld-Rudolstadt"/>
      </concept>
      <concept>
        <code value="11016066"/>
        <display value="LK Schmalkalden-Meiningen"/>
      </concept>
      <concept>
        <code value="11016068"/>
        <display value="LK Sömmerda"/>
      </concept>
      <concept>
        <code value="11016072"/>
        <display value="LK Sonneberg"/>
      </concept>
      <concept>
        <code value="11016064"/>
        <display value="LK Unstrut-Hainich-Kreis"/>
      </concept>
      <concept>
        <code value="11016063"/>
        <display value="LK Wartburgkreis"/>
      </concept>
      <concept>
        <code value="11016071"/>
        <display value="LK Weimarer Land"/>
      </concept>
      <concept>
        <code value="11016051"/>
        <display value="SK Erfurt"/>
      </concept>
      <concept>
        <code value="11016052"/>
        <display value="SK Gera"/>
      </concept>
      <concept>
        <code value="11016053"/>
        <display value="SK Jena"/>
      </concept>
      <concept>
        <code value="11016054"/>
        <display value="SK Suhl"/>
      </concept>
      <concept>
        <code value="11016055"/>
        <display value="SK Weimar"/>
      </concept>
    </include>
  </compose>
</ValueSet>
