<?xml version="1.0" encoding="utf-8"?>
<StructureDefinition xmlns="http://hl7.org/fhir">
  <id value="SubmittingFacility" />
  <url value="https://demis.rki.de/fhir/StructureDefinition/SubmittingFacility" />
  <version value="1.5.0" />
  <name value="SubmittingFacility" />
  <title value="Einsender-Einrichtung" />
  <status value="active" />
  <date value="2024-02-05" />
  <description value="Die Einsender-Einrichtung enthält die Angaben der einsendenden Einrichtung. Die Informationen werden vom zuständigen Gesundsamt zur  Kontaktaufnahme genutzt." />
  <fhirVersion value="4.0.1" />
  <mapping>
    <identity value="servd" />
    <uri value="http://www.omg.org/spec/ServD/1.0/" />
    <name value="ServD" />
  </mapping>
  <kind value="resource" />
  <abstract value="false" />
  <type value="Organization" />
  <baseDefinition value="http://hl7.org/fhir/StructureDefinition/Organization" />
  <derivation value="constraint" />
  <differential>
    <element id="Organization.meta">
      <path value="Organization.meta"/>
      <min value="1"/>
      <mustSupport value="true"/>
    </element>
    <element id="Organization.meta.profile">
      <path value="Organization.meta.profile"/>
      <slicing>
        <discriminator>
          <type value="value"/>
          <path value="$this"/>
        </discriminator>
        <rules value="open"/>
      </slicing>
      <min value="1"/>
      <mustSupport value="true"/>
    </element>
    <element id="Organization.meta.profile:submittingFacility">
      <path value="Organization.meta.profile"/>
      <sliceName value="submittingFacility"/>
      <min value="1"/>
      <max value="1"/>
      <fixedCanonical value="https://demis.rki.de/fhir/StructureDefinition/SubmittingFacility"/>
      <mustSupport value="true"/>
    </element>
    <element id="Organization.identifier">
      <path value="Organization.identifier" />
      <short value="Identifier für den Einsender" />
      <definition value="falls vorhanden, eindeutigen Identifier für den Einsender (z.B. BSNR)" />
    </element>
    <element id="Organization.type">
      <path value="Organization.type" />
      <short value="Art der Einrichtung" />
      <definition value="Art der Einrichtung. Der Wert muss entsprechend des vom RKI definierten ValueSets (https://demis.rki.de/fhir/ValueSet/organizationType) im coding Element dargestellt werden." />
      <max value="1" />
      <mustSupport value="true" />
    </element>
    <element id="Organization.type.coding">
      <path value="Organization.type.coding" />
      <min value="1" />
      <max value="1" />
      <mustSupport value="true" />
      <binding>
        <strength value="required" />
        <valueSet value="https://demis.rki.de/fhir/ValueSet/organizationType" />
      </binding>
    </element>
    <element id="Organization.type.coding.system">
      <path value="Organization.type.coding.system" />
      <min value="1" />
      <mustSupport value="true" />
    </element>
    <element id="Organization.type.coding.code">
      <path value="Organization.type.coding.code" />
      <min value="1" />
      <mustSupport value="true" />
    </element>
    <element id="Organization.type.text">
      <path value="Organization.type.text" />
      <max value="0" />
    </element>
    <element id="Organization.name">
      <path value="Organization.name" />
      <short value="Einrichtungsname" />
      <definition value="Einrichtungsname" />
      <min value="1" />
      <mustSupport value="true" />
    </element>
    <element id="Organization.telecom">
      <path value="Organization.telecom" />
      <slicing>
        <discriminator>
          <type value="value" />
          <path value="system" />
        </discriminator>
        <rules value="closed" />
      </slicing>
      <definition value="Kontaktangaben der Einrichtung. Telefonnummern, E-Mailadressen, Urls und Faxnummern können angegeben werden." />
      <min value="1" />
      <mustSupport value="true" />
    </element>
    <element id="Organization.telecom:Email">
      <path value="Organization.telecom" />
      <sliceName value="Email" />
    </element>
    <element id="Organization.telecom:Email.system">
      <path value="Organization.telecom.system" />
      <min value="1" />
      <fixedCode value="email" />
      <mustSupport value="true" />
    </element>
    <element id="Organization.telecom:Email.value">
      <path value="Organization.telecom.value" />
      <min value="1" />
      <constraint>
        <key value="validEmailAddress" />
        <severity value="warning" />
        <human value="Die E-Mail-Adresse muss valide sein." />
        <expression value="$this.matches('^[a-zA-Z0-9._%+-]+@(?:[a-zA-Z0-9-]+[.])+[a-zA-Z0-9]{2,63}$')" />
      </constraint>
      <mustSupport value="true" />
    </element>
    <element id="Organization.telecom:Phone">
      <path value="Organization.telecom" />
      <sliceName value="Phone" />
    </element>
    <element id="Organization.telecom:Phone.extension">
      <path value="Organization.telecom.extension" />
      <slicing>
        <discriminator>
          <type value="value" />
          <path value="url" />
        </discriminator>
        <rules value="open" />
      </slicing>
    </element>
    <element id="Organization.telecom:Phone.extension:comment">
      <path value="Organization.telecom.extension" />
      <sliceName value="comment" />
      <max value="1" />
      <type>
        <code value="Extension" />
        <profile value="https://demis.rki.de/fhir/StructureDefinition/Comment" />
      </type>
    </element>
    <element id="Organization.telecom:Phone.system">
      <path value="Organization.telecom.system" />
      <min value="1" />
      <fixedCode value="phone" />
      <mustSupport value="true" />
    </element>
    <element id="Organization.telecom:Phone.value">
      <path value="Organization.telecom.value" />
      <min value="1" />
      <constraint>
        <key value="validPhoneNumber" />
        <severity value="warning" />
        <human value="Die Telefonnummer muss valide sein." />
        <expression value="$this.matches('^[0+][0-9 \\-\\(\\)]{6,50}$')" />
      </constraint>
      <mustSupport value="true" />
    </element>
    <element id="Organization.telecom:Url">
      <path value="Organization.telecom" />
      <sliceName value="Url" />
    </element>
    <element id="Organization.telecom:Url.system">
      <path value="Organization.telecom.system" />
      <min value="1" />
      <fixedCode value="url" />
      <mustSupport value="true" />
    </element>
    <element id="Organization.telecom:Url.value">
      <path value="Organization.telecom.value" />
      <min value="1" />
      <constraint>
        <key value="validUrl" />
        <severity value="warning" />
        <human value="Die Url muss valide sein." />
        <expression value="$this.matches('^(https?:\\/\\/(?:www\\.|(?!www))[a-zA-Z0-9][a-zA-Z0-9-]+[a-zA-Z0-9]\\.[^\\s]{2,}|www\\.[a-zA-Z0-9][a-zA-Z0-9-]+[a-zA-Z0-9]\\.[^\\s]{2,}|https?:\\/\\/(?:www\\.|(?!www))[a-zA-Z0-9]+\\.[^\\s]{2,}|www\\.[a-zA-Z0-9]+\\.[^\\s]{2,})$')" />
      </constraint>
      <mustSupport value="true" />
    </element>
    <element id="Organization.telecom:Fax">
      <path value="Organization.telecom" />
      <sliceName value="Fax" />
    </element>
    <element id="Organization.telecom:Fax.system">
      <path value="Organization.telecom.system" />
      <min value="1" />
      <fixedCode value="fax" />
      <mustSupport value="true" />
    </element>
    <element id="Organization.telecom:Fax.value">
      <path value="Organization.telecom.value" />
      <min value="1" />
      <constraint>
        <key value="validFaxNumber" />
        <severity value="warning" />
        <human value="Die Faxnummer muss valide sein." />
        <expression value="$this.matches('^[0+][0-9 \\-\\(\\)]{6,50}$')" />
      </constraint>
      <mustSupport value="true" />
    </element>
    <element id="Organization.address">
      <path value="Organization.address" />
      <short value="Einrichtungsadresse" />
      <definition value="Einrichtungsadresse" />
      <min value="1" />
      <max value="1" />
      <type>
        <code value="Address" />
        <profile value="http://fhir.de/StructureDefinition/address-de-basis" />
      </type>
      <mustSupport value="true" />
    </element>
    <element id="Organization.address.line">
      <path value="Organization.address.line" />
      <min value="1" />
      <max value="1" />
      <mustSupport value="true" />
    </element>
    <element id="Organization.address.city">
      <path value="Organization.address.city" />
      <min value="1" />
      <mustSupport value="true" />
    </element>
    <element id="Organization.address.postalCode">
      <path value="Organization.address.postalCode" />
      <min value="1" />
      <mustSupport value="true" />
      <binding>
        <strength value="preferred" />
        <valueSet value="https://demis.rki.de/fhir/ValueSet/postalCode" />
      </binding>
    </element>
    <element id="Organization.address.country">
      <path value="Organization.address.country" />
      <min value="1" />
      <mustSupport value="true" />
      <binding>
        <strength value="extensible" />
        <valueSet value="http://hl7.org/fhir/ValueSet/iso3166-1-2" />
      </binding>
    </element>
    <element id="Organization.partOf">
      <path value="Organization.partOf" />
      <short value="Übergeordnete Einrichtung, zu der diese Einrichtung gehört" />
      <definition value="Übergeordnete Einrichtung, zu der diese Einrichtung gehört" />
      <mustSupport value="true" />
    </element>
    <element id="Organization.contact">
      <path value="Organization.contact" />
      <short value="Ansprechpartner der Einrichtung" />
      <definition value="Ansprechpartner der Einrichtung" />
      <mustSupport value="true" />
    </element>
    <element id="Organization.endpoint">
      <path value="Organization.endpoint" />
      <max value="0" />
    </element>
  </differential>
</StructureDefinition>