<?xml version="1.0" encoding="utf-8"?>
<ValueSet xmlns="http://hl7.org/fhir">
  <id value="answerSetInfectionPathMPXD" />
  <url value="https://demis.rki.de/fhir/ValueSet/answerSetInfectionPathMPXD" />
  <version value="1.2.2" />
  <name value="AnswerSetInfectionPathMPXD" />
  <title value="Antwortmöglichkeiten zur Angabe des Infektionswegs bei dem Meldetatbestand &quot;Mpox&quot;" />
  <status value="active" />
  <experimental value="false" />
  <date value="2024-10-10" />
  <publisher value="Robert Koch-Institut" />
  <description value="Das ValueSet AnswerSetInfectionPathMPXD enthält die kodierten Antwortmöglichkeiten zur Angabe des Infektionswegs bei dem Meldetatbestand &quot;Mpox&quot;." />
  <copyright value="This material includes SNOMED Clinical Terms® (SNOMED CT®) which is used by permission of the International Health Terminology Standards Development Organisation (IHTSDO). All rights reserved. SNOMED CT®, was originally created by The College of American Pathologists. “SNOMED” and “SNOMED CT” are registered trademarks of the IHTSDO.&#xD;&#xA;&#xD;&#xA;Dieses Material enthält SNOMED Clinical Terms® (SNOMED CT®), die mit Genehmigung der International Health Terminology Standards Development Organisation (IHTSDO) verwendet werden. Alle Rechte vorbehalten. SNOMED CT® wurde ursprünglich vom College of American Pathologists entwickelt. &quot;SNOMED&quot; und &quot;SNOMED CT&quot; sind eingetragene Warenzeichen der IHTSDO.&#xD;&#xA;&#xD;&#xA;Downloadbedingungen für SNOMED-CT&#xD;&#xA;&#xD;&#xA;Enthält durch SNOMED International urheberrechtlich geschützte Information. Jede Verwendung von SNOMED CT in Deutschland erfordert eine vollgültige Affiliate Lizenz oder eine Sublizenz. Die entsprechende Lizenz ist kostenlos, vorausgesetzt die Verwendung findet nur in Deutschland statt und erfüllt die Bedingungen des Affiliate License Agreements. Affiliate Lizenzen können über das Mitglieder-Lizenzierungs- und Distributions-Service (MLDS) direkt beim jeweiligen NRC beantragt werden. https://mlds.ihtsdotools.org/#/landing/DE?lang=de&#xD;&#xA;&#xD;&#xA;Contains information protected by copyright of SNOMED International. Any use of SNOMED CT in Austria requires a valid affiliate license or sublicense. The corresponding license is free of charge, provided that the use only takes place in Austria and fulfills the conditions of the Affiliate License Agreement. Affiliate licenses can be requested directly from the respective NRC via the Member Licensing and Distribution Service (MLDS). ttps://mlds.ihtsdotools.org/#/landing/DE?lang=de" />
  <compose>
    <include>
      <system value="http://snomed.info/sct" />
      <version value="http://snomed.info/sct/11000274103/version/20240515" />
      <concept>
        <extension url="http://hl7.org/fhir/StructureDefinition/valueset-conceptOrder">
          <valueInteger value="15" />
        </extension>
        <code value="409496000:{704326004=365481000}{704326004=66598005}" />
        <display value="Haushaltskontakt" />
        <designation>
          <language value="en-US" />
          <use>
            <system value="http://snomed.info/sct" />
            <code value="1119454002" />
          </use>
          <value value="409496000 | Mode of transmission (observable entity) | : {704326004 | Precondition (attribute) | = 365481000 | Finding of household composition (finding) |}, {704326004 | Precondition (attribute) | = 66598005 | Infectious disease carrier (finding) |}" />
        </designation>
      </concept>
      <concept>
        <extension url="http://hl7.org/fhir/StructureDefinition/valueset-conceptOrder">
          <valueInteger value="14" />
        </extension>
        <code value="409496000:{704326004=424681004}" />
        <display value="Kontakt zu infiziertem Tier" />
        <designation>
          <language value="en-US" />
          <use>
            <system value="http://snomed.info/sct" />
            <code value="1119454002" />
          </use>
          <value value="409496000 | Mode of transmission (observable entity) | : {704326004 | Precondition (attribute) | = 424681004 | Environment contains infected animal (finding) |}" />
        </designation>
      </concept>
      <concept>
        <extension url="http://hl7.org/fhir/StructureDefinition/valueset-conceptOrder">
          <valueInteger value="10" />
        </extension>
        <code value="409496000:{704326004=472986005}" />
        <display value="Sexueller Kontakt mit Männern" />
        <designation>
          <language value="en-US" />
          <use>
            <system value="http://snomed.info/sct" />
            <code value="1119454002" />
          </use>
          <value value="409496000 | Mode of transmission (observable entity) | : {704326004 | Precondition (attribute) | = 472986005 | Sexually active with men (finding) |}" />
        </designation>
      </concept>
      <concept>
        <extension url="http://hl7.org/fhir/StructureDefinition/valueset-conceptOrder">
          <valueInteger value="12" />
        </extension>
        <code value="409496000:{704326004=472986005}{704326004=66598005}" />
        <display value="Sexueller Kontakt mit bekanntermaßen infizierter Mann" />
        <designation>
          <language value="en-US" />
          <use>
            <system value="http://snomed.info/sct" />
            <code value="1119454002" />
          </use>
          <value value="409496000 | Mode of transmission (observable entity) | : {704326004 | Precondition (attribute) | = 66598005 | Infectious disease carrier (finding) |}, {704326004 | Precondition (attribute) | = 472986005 | Sexually active with men (finding) |}" />
        </designation>
      </concept>
      <concept>
        <extension url="http://hl7.org/fhir/StructureDefinition/valueset-conceptOrder">
          <valueInteger value="11" />
        </extension>
        <code value="409496000:{704326004=472987001}" />
        <display value="Sexueller Kontakt mit Frauen" />
        <designation>
          <language value="en-US" />
          <use>
            <system value="http://snomed.info/sct" />
            <code value="1119454002" />
          </use>
          <value value="409496000 | Mode of transmission (observable entity) | : {704326004 | Precondition (attribute) | = 472987001 | Sexually active with women (finding) |}" />
        </designation>
      </concept>
      <concept>
        <extension url="http://hl7.org/fhir/StructureDefinition/valueset-conceptOrder">
          <valueInteger value="13" />
        </extension>
        <code value="409496000:{704326004=472987001}{704326004=66598005}" />
        <display value="Sexueller Kontakt mit bekanntermaßen infizierter Frau" />
        <designation>
          <language value="en-US" />
          <use>
            <system value="http://snomed.info/sct" />
            <code value="1119454002" />
          </use>
          <value value="409496000 | Mode of transmission (observable entity) | : {704326004 | Precondition (attribute) | = 66598005 | Infectious disease carrier (finding) |}, {704326004 | Precondition (attribute) | = 472987001 | Sexually active with women (finding) |}" />
        </designation>
      </concept>
      <concept>
        <extension url="http://hl7.org/fhir/StructureDefinition/valueset-conceptOrder">
          <valueInteger value="16" />
        </extension>
        <code value="409496000:{704326004=9632001}" />
        <display value="Berufliche Exposition mit Patienten/-innen, Material" />
        <designation>
          <language value="en-US" />
          <use>
            <system value="http://snomed.info/sct" />
            <code value="1119454002" />
          </use>
          <value value="409496000 | Mode of transmission (observable entity) | : {704326004 | Precondition (attribute) | = 9632001 | Nursing procedure (procedure) |}" />
        </designation>
      </concept>
      <concept>
        <extension url="http://hl7.org/fhir/StructureDefinition/valueset-conceptOrder">
          <valueInteger value="1" />
        </extension>
        <code value="74964007" />
        <display value="andere/sonstige" />
        <designation>
          <language value="en-US" />
          <use>
            <system value="http://snomed.info/sct" />
            <code value="900000000000003001" />
          </use>
          <value value="Other (qualifier value)" />
        </designation>
      </concept>
    </include>
    <include>
      <system value="http://terminology.hl7.org/CodeSystem/v3-NullFlavor" />
      <version value="2.1.0" />
      <concept>
        <extension url="http://hl7.org/fhir/StructureDefinition/valueset-conceptOrder">
          <valueInteger value="999" />
        </extension>
        <code value="ASKU" />
        <display value="asked but unknown" />
      </concept>
      <concept>
        <extension url="http://hl7.org/fhir/StructureDefinition/valueset-conceptOrder">
          <valueInteger value="1000" />
        </extension>
        <code value="NASK" />
        <display value="not asked" />
      </concept>
    </include>
  </compose>
</ValueSet>