<?xml version="1.0" encoding="UTF-8"?>
<StructureDefinition xmlns="http://hl7.org/fhir">
  <id value="LaboratoryReportWBKP"/>
  <url value="https://demis.rki.de/fhir/StructureDefinition/LaboratoryReportWBKP"/>
  <version value="1.3.0"/>
  <name value="LaboratoryReportWBKP"/>
  <title value="Laborbericht für Krankheitserreger unter Berücksichtigung der Art der Krankheitserreger und der Häufigkeit ihres Nachweises wenn Hinweise auf eine schwerwiegende Gefahr für die Allgemeinheit bestehen"/>
  <status value="active"/>
  <date value="2025-02-20"/>
  <publisher value="Robert Koch-Institut"/><contact><telecom><system value="email"/><value value="demis-support@rki.de"/></telecom></contact><description value="Der Laborbericht für Krankheitserreger unter Berücksichtigung der Art der Krankheitserreger und der Häufigkeit ihres Nachweises wenn Hinweise auf eine schwerwiegende Gefahr für die Allgemeinheit bestehen kann mehrere Erregernachweise enthalten und fasst die Ergebnisse der Einzeltests zusammen."/>
  <jurisdiction><coding><system value="urn:iso:std:iso:3166"/><version value="ALPHA-2"/><code value="DE"/></coding></jurisdiction><copyright value="Copyright (C) 2021-2025 Robert Koch-Institut"/><fhirVersion value="4.0.1"/>
  <kind value="resource"/>
  <abstract value="false"/>
  <type value="DiagnosticReport"/>
  <baseDefinition value="https://demis.rki.de/fhir/StructureDefinition/LaboratoryReport"/>
  <derivation value="constraint"/>
  <differential>
    <element id="DiagnosticReport.meta"><path value="DiagnosticReport.meta"/><min value="1"/><mustSupport value="true"/></element><element id="DiagnosticReport.meta.profile"><path value="DiagnosticReport.meta.profile"/><min value="1"/><max value="1"/><patternCanonical value="https://demis.rki.de/fhir/StructureDefinition/LaboratoryReportWBKP"/><mustSupport value="true"/></element><element id="DiagnosticReport.code">
      <path value="DiagnosticReport.code"/>
      <definition value="Im Laborbericht für Krankheitserreger unter Berücksichtigung der Art der Krankheitserreger und der Häufigkeit ihres Nachweises wenn Hinweise auf eine schwerwiegende Gefahr für die Allgemeinheit bestehen ist der code immer mit dem Wert &quot;wbkp&quot; aus dem ValueSet https://demis.rki.de/fhir/CodeSystem/notificationCategory zu belegen."/>
    </element>
    <element id="DiagnosticReport.code.coding.system">
      <path value="DiagnosticReport.code.coding.system"/>
      <fixedUri value="https://demis.rki.de/fhir/CodeSystem/notificationCategory"/>
    </element>
    <element id="DiagnosticReport.code.coding.code">
      <path value="DiagnosticReport.code.coding.code"/>
      <fixedCode value="wbkp"/>
    </element>
    <element id="DiagnosticReport.code.coding.display">
      <path value="DiagnosticReport.code.coding.display"/>
      <min value="1"/>
    </element>
    <element id="DiagnosticReport.result">
      <path value="DiagnosticReport.result"/>
      <short value="Referenziert einen Erregernachweis für Krankheitserreger unter Berücksichtigung der Art der Krankheitserreger und der Häufigkeit ihres Nachweises wenn Hinweise auf eine schwerwiegende Gefahr für die Allgemeinheit bestehen"/>
      <definition value="Referenziert einen Erregernachweis für Krankheitserreger unter Berücksichtigung der Art der Krankheitserreger und der Häufigkeit ihres Nachweises wenn Hinweise auf eine schwerwiegende Gefahr für die Allgemeinheit bestehen"/>
      <type>
        <code value="Reference"/>
        <targetProfile value="https://demis.rki.de/fhir/StructureDefinition/PathogenDetectionWBKP"/>
      </type>
    </element>
  </differential>
</StructureDefinition>
