<?xml version="1.0" encoding="UTF-8"?>
<StructureDefinition xmlns="http://hl7.org/fhir">
  <id value="LaboratoryReportPLAP"/>
  <url value="https://demis.rki.de/fhir/StructureDefinition/LaboratoryReportPLAP"/>
  <version value="1.1.0"/>
  <name value="LaboratoryReportPLAP"/>
  <title value="Laborbericht für Plasmodium spp. (Malaria)"/>
  <status value="active"/>
  <date value="2025-02-20"/>
  <publisher value="Robert Koch-Institut"/><contact><telecom><system value="email"/><value value="demis-support@rki.de"/></telecom></contact><description value="Der Malaria-Laborbericht kann mehrere Malaria-Erregernachweise enthalten und fasst die Ergebnisse der Einzeltests zusammen."/>
  <jurisdiction><coding><system value="urn:iso:std:iso:3166"/><version value="ALPHA-2"/><code value="DE"/></coding></jurisdiction><copyright value="Copyright (C) 2021-2025 Robert Koch-Institut"/><fhirVersion value="4.0.1"/>
  <kind value="resource"/>
  <abstract value="false"/>
  <type value="DiagnosticReport"/>
  <baseDefinition value="https://demis.rki.de/fhir/StructureDefinition/LaboratoryReport"/>
  <derivation value="constraint"/>
  <differential>
    <element id="DiagnosticReport.meta"><path value="DiagnosticReport.meta"/><min value="1"/><mustSupport value="true"/></element><element id="DiagnosticReport.meta.profile"><path value="DiagnosticReport.meta.profile"/><min value="1"/><max value="1"/><patternCanonical value="https://demis.rki.de/fhir/StructureDefinition/LaboratoryReportPLAP"/><mustSupport value="true"/></element><element id="DiagnosticReport.code">
      <path value="DiagnosticReport.code"/>
      <definition value="Im Laborbericht für Malaria ist der code immer mit dem Wert &quot;plap&quot; aus dem ValueSet https://demis.rki.de/fhir/CodeSystem/notificationCategory zu belegen."/>
    </element>
    <element id="DiagnosticReport.code.coding.system">
      <path value="DiagnosticReport.code.coding.system"/>
      <fixedUri value="https://demis.rki.de/fhir/CodeSystem/notificationCategory"/>
    </element>
    <element id="DiagnosticReport.code.coding.code">
      <path value="DiagnosticReport.code.coding.code"/>
      <fixedCode value="plap"/>
    </element>
    <element id="DiagnosticReport.code.coding.display">
      <path value="DiagnosticReport.code.coding.display"/>
      <min value="1"/>
    </element>
    <element id="DiagnosticReport.result">
      <path value="DiagnosticReport.result"/>
      <short value="Referenziert einen Erregernachweis für Plasmodium spp. (Malaria)"/>
      <definition value="Referenziert einen Erregernachweis für Plasmodium spp. (Malaria)"/>
      <type>
        <code value="Reference"/>
        <targetProfile value="https://demis.rki.de/fhir/StructureDefinition/PathogenDetectionPLAP"/>
      </type>
    </element>
  </differential>
</StructureDefinition>
