<?xml version="1.0" encoding="UTF-8"?>
<StructureDefinition xmlns="http://hl7.org/fhir">
	<id value="DiseaseInformationSPAD"/>
	<url value="https://demis.rki.de/fhir/StructureDefinition/DiseaseInformationSPAD"/>
	<version value="1.0.1"/>
	<name value="DiseaseInformationSPAD"/>
	<title value="Paratyphus-spezifische klinische und epidemiologische Angaben"/>
	<status value="active"/>
	<date value="2024-08-30"/>
	<description value="DiseaseInformationSPAD"/>
	<fhirVersion value="4.0.1"/>
	<kind value="resource"/>
	<abstract value="false"/>
	<type value="QuestionnaireResponse"/>
	<baseDefinition value="https://demis.rki.de/fhir/StructureDefinition/DiseaseInformation"/>
	<derivation value="constraint"/>
	<differential>
		<element id="QuestionnaireResponse.questionnaire">
			<path value="QuestionnaireResponse.questionnaire"/>
			<fixedCanonical value="https://demis.rki.de/fhir/Questionnaire/DiseaseQuestionsSPAD"/>
		</element>
	</differential>
</StructureDefinition>
