<?xml version="1.0" encoding="utf-8"?>
<ValueSet xmlns="http://hl7.org/fhir">
  <id value="hospitalizationServiceType" />
  <url value="https://demis.rki.de/fhir/ValueSet/hospitalizationServiceType" />
  <version value="1.1.2" />
  <name value="HospitalizationServiceType" />
  <title value="Art der Hospitalisierung" />
  <status value="active" />
  <experimental value="false" />
  <date value="2024-09-02" />
  <publisher value="Robert Koch-Institut" />
  <description value="Das ValueSet HospitalizationServiceType enthält die Codes zur Angabe der Art der Hospitalisierung." />
  <compose>
    <include>
      <system value="https://demis.rki.de/fhir/CodeSystem/hospitalizationServiceType" />
      <version value="1.0.2" />
    </include>
  </compose>
</ValueSet>