<?xml version="1.0" encoding="utf-8"?>
<ValueSet xmlns="http://hl7.org/fhir">
  <id value="answerSetCountry" />
  <url value="https://demis.rki.de/fhir/ValueSet/answerSetCountry" />
  <version value="1.4.1" />
  <name value="AnswerSetCountry" />
  <title value="Anwort Country mit staatenlos und Ausland" />
  <status value="active" />
  <experimental value="false" />
  <date value="2024-09-02" />
  <publisher value="Robert Koch-Institut" />
  <description value="Das ValueSet answerSetCountry enthält die Codes der Antwortmöglichkeiten für Country mit staatenlos und Ausland." />
  <compose>
    <include>
      <system value="urn:iso:std:iso:3166" />
      <concept>
        <extension url="http://hl7.org/fhir/StructureDefinition/valueset-conceptOrder">
          <valueInteger value="253" />
        </extension>
        <code value="AD" />
        <display value="Andorra" />
      </concept>
      <concept>
        <extension url="http://hl7.org/fhir/StructureDefinition/valueset-conceptOrder">
          <valueInteger value="25" />
        </extension>
        <code value="AE" />
        <display value="United Arab Emirates" />
      </concept>
      <concept>
        <extension url="http://hl7.org/fhir/StructureDefinition/valueset-conceptOrder">
          <valueInteger value="257" />
        </extension>
        <code value="AF" />
        <display value="Afghanistan" />
      </concept>
      <concept>
        <extension url="http://hl7.org/fhir/StructureDefinition/valueset-conceptOrder">
          <valueInteger value="249" />
        </extension>
        <code value="AG" />
        <display value="Antigua and Barbuda" />
      </concept>
      <concept>
        <extension url="http://hl7.org/fhir/StructureDefinition/valueset-conceptOrder">
          <valueInteger value="251" />
        </extension>
        <code value="AI" />
        <display value="Anguilla" />
      </concept>
      <concept>
        <extension url="http://hl7.org/fhir/StructureDefinition/valueset-conceptOrder">
          <valueInteger value="256" />
        </extension>
        <code value="AL" />
        <display value="Albania" />
      </concept>
      <concept>
        <extension url="http://hl7.org/fhir/StructureDefinition/valueset-conceptOrder">
          <valueInteger value="247" />
        </extension>
        <code value="AM" />
        <display value="Armenia" />
      </concept>
      <concept>
        <extension url="http://hl7.org/fhir/StructureDefinition/valueset-conceptOrder">
          <valueInteger value="252" />
        </extension>
        <code value="AO" />
        <display value="Angola" />
      </concept>
      <concept>
        <extension url="http://hl7.org/fhir/StructureDefinition/valueset-conceptOrder">
          <valueInteger value="250" />
        </extension>
        <code value="AQ" />
        <display value="Antarctica" />
      </concept>
      <concept>
        <extension url="http://hl7.org/fhir/StructureDefinition/valueset-conceptOrder">
          <valueInteger value="248" />
        </extension>
        <code value="AR" />
        <display value="Argentina" />
      </concept>
      <concept>
        <extension url="http://hl7.org/fhir/StructureDefinition/valueset-conceptOrder">
          <valueInteger value="254" />
        </extension>
        <code value="AS" />
        <display value="American Samoa" />
      </concept>
      <concept>
        <extension url="http://hl7.org/fhir/StructureDefinition/valueset-conceptOrder">
          <valueInteger value="244" />
        </extension>
        <code value="AT" />
        <display value="Austria" />
      </concept>
      <concept>
        <extension url="http://hl7.org/fhir/StructureDefinition/valueset-conceptOrder">
          <valueInteger value="245" />
        </extension>
        <code value="AU" />
        <display value="Australia" />
      </concept>
      <concept>
        <extension url="http://hl7.org/fhir/StructureDefinition/valueset-conceptOrder">
          <valueInteger value="246" />
        </extension>
        <code value="AW" />
        <display value="Aruba" />
      </concept>
      <concept>
        <extension url="http://hl7.org/fhir/StructureDefinition/valueset-conceptOrder">
          <valueInteger value="191" />
        </extension>
        <code value="AX" />
        <display value="Eland Islands" />
      </concept>
      <concept>
        <extension url="http://hl7.org/fhir/StructureDefinition/valueset-conceptOrder">
          <valueInteger value="243" />
        </extension>
        <code value="AZ" />
        <display value="Azerbaijan" />
      </concept>
      <concept>
        <extension url="http://hl7.org/fhir/StructureDefinition/valueset-conceptOrder">
          <valueInteger value="230" />
        </extension>
        <code value="BA" />
        <display value="Bosnia and Herzegovina" />
      </concept>
      <concept>
        <extension url="http://hl7.org/fhir/StructureDefinition/valueset-conceptOrder">
          <valueInteger value="239" />
        </extension>
        <code value="BB" />
        <display value="Barbados" />
      </concept>
      <concept>
        <extension url="http://hl7.org/fhir/StructureDefinition/valueset-conceptOrder">
          <valueInteger value="240" />
        </extension>
        <code value="BD" />
        <display value="Bangladesh" />
      </concept>
      <concept>
        <extension url="http://hl7.org/fhir/StructureDefinition/valueset-conceptOrder">
          <valueInteger value="237" />
        </extension>
        <code value="BE" />
        <display value="Belgium" />
      </concept>
      <concept>
        <extension url="http://hl7.org/fhir/StructureDefinition/valueset-conceptOrder">
          <valueInteger value="223" />
        </extension>
        <code value="BF" />
        <display value="Burkina Faso" />
      </concept>
      <concept>
        <extension url="http://hl7.org/fhir/StructureDefinition/valueset-conceptOrder">
          <valueInteger value="224" />
        </extension>
        <code value="BG" />
        <display value="Bulgaria" />
      </concept>
      <concept>
        <extension url="http://hl7.org/fhir/StructureDefinition/valueset-conceptOrder">
          <valueInteger value="241" />
        </extension>
        <code value="BH" />
        <display value="Bahrain" />
      </concept>
      <concept>
        <extension url="http://hl7.org/fhir/StructureDefinition/valueset-conceptOrder">
          <valueInteger value="222" />
        </extension>
        <code value="BI" />
        <display value="Burundi" />
      </concept>
      <concept>
        <extension url="http://hl7.org/fhir/StructureDefinition/valueset-conceptOrder">
          <valueInteger value="235" />
        </extension>
        <code value="BJ" />
        <display value="Benin" />
      </concept>
      <concept>
        <extension url="http://hl7.org/fhir/StructureDefinition/valueset-conceptOrder">
          <valueInteger value="74" />
        </extension>
        <code value="BL" />
        <display value="Saint Barthilemy" />
      </concept>
      <concept>
        <extension url="http://hl7.org/fhir/StructureDefinition/valueset-conceptOrder">
          <valueInteger value="234" />
        </extension>
        <code value="BM" />
        <display value="Bermuda" />
      </concept>
      <concept>
        <extension url="http://hl7.org/fhir/StructureDefinition/valueset-conceptOrder">
          <valueInteger value="225" />
        </extension>
        <code value="BN" />
        <display value="Brunei Darussalam" />
      </concept>
      <concept>
        <extension url="http://hl7.org/fhir/StructureDefinition/valueset-conceptOrder">
          <valueInteger value="232" />
        </extension>
        <code value="BO" />
        <display value="Bolivia, Plurinational State of" />
      </concept>
      <concept>
        <extension url="http://hl7.org/fhir/StructureDefinition/valueset-conceptOrder">
          <valueInteger value="231" />
        </extension>
        <code value="BQ" />
        <display value="Bonaire, Sint Eustatius and Saba" />
      </concept>
      <concept>
        <extension url="http://hl7.org/fhir/StructureDefinition/valueset-conceptOrder">
          <valueInteger value="227" />
        </extension>
        <code value="BR" />
        <display value="Brazil" />
      </concept>
      <concept>
        <extension url="http://hl7.org/fhir/StructureDefinition/valueset-conceptOrder">
          <valueInteger value="242" />
        </extension>
        <code value="BS" />
        <display value="Bahamas" />
      </concept>
      <concept>
        <extension url="http://hl7.org/fhir/StructureDefinition/valueset-conceptOrder">
          <valueInteger value="233" />
        </extension>
        <code value="BT" />
        <display value="Bhutan" />
      </concept>
      <concept>
        <extension url="http://hl7.org/fhir/StructureDefinition/valueset-conceptOrder">
          <valueInteger value="228" />
        </extension>
        <code value="BV" />
        <display value="Bouvet Island" />
      </concept>
      <concept>
        <extension url="http://hl7.org/fhir/StructureDefinition/valueset-conceptOrder">
          <valueInteger value="229" />
        </extension>
        <code value="BW" />
        <display value="Botswana" />
      </concept>
      <concept>
        <extension url="http://hl7.org/fhir/StructureDefinition/valueset-conceptOrder">
          <valueInteger value="238" />
        </extension>
        <code value="BY" />
        <display value="Belarus" />
      </concept>
      <concept>
        <extension url="http://hl7.org/fhir/StructureDefinition/valueset-conceptOrder">
          <valueInteger value="236" />
        </extension>
        <code value="BZ" />
        <display value="Belize" />
      </concept>
      <concept>
        <extension url="http://hl7.org/fhir/StructureDefinition/valueset-conceptOrder">
          <valueInteger value="218" />
        </extension>
        <code value="CA" />
        <display value="Canada" />
      </concept>
      <concept>
        <extension url="http://hl7.org/fhir/StructureDefinition/valueset-conceptOrder">
          <valueInteger value="211" />
        </extension>
        <code value="CC" />
        <display value="Cocos (Keeling) Islands" />
      </concept>
      <concept>
        <extension url="http://hl7.org/fhir/StructureDefinition/valueset-conceptOrder">
          <valueInteger value="207" />
        </extension>
        <code value="CD" />
        <display value="Congo, the Democratic Republic of the" />
      </concept>
      <concept>
        <extension url="http://hl7.org/fhir/StructureDefinition/valueset-conceptOrder">
          <valueInteger value="216" />
        </extension>
        <code value="CF" />
        <display value="Central African Republic" />
      </concept>
      <concept>
        <extension url="http://hl7.org/fhir/StructureDefinition/valueset-conceptOrder">
          <valueInteger value="208" />
        </extension>
        <code value="CG" />
        <display value="Congo" />
      </concept>
      <concept>
        <extension url="http://hl7.org/fhir/StructureDefinition/valueset-conceptOrder">
          <valueInteger value="43" />
        </extension>
        <code value="CH" />
        <display value="Switzerland" />
      </concept>
      <concept>
        <extension url="http://hl7.org/fhir/StructureDefinition/valueset-conceptOrder">
          <valueInteger value="203" />
        </extension>
        <code value="CI" />
        <display value="Ctte d'Ivoire" />
      </concept>
      <concept>
        <extension url="http://hl7.org/fhir/StructureDefinition/valueset-conceptOrder">
          <valueInteger value="206" />
        </extension>
        <code value="CK" />
        <display value="Cook Islands" />
      </concept>
      <concept>
        <extension url="http://hl7.org/fhir/StructureDefinition/valueset-conceptOrder">
          <valueInteger value="214" />
        </extension>
        <code value="CL" />
        <display value="Chile" />
      </concept>
      <concept>
        <extension url="http://hl7.org/fhir/StructureDefinition/valueset-conceptOrder">
          <valueInteger value="219" />
        </extension>
        <code value="CM" />
        <display value="Cameroon" />
      </concept>
      <concept>
        <extension url="http://hl7.org/fhir/StructureDefinition/valueset-conceptOrder">
          <valueInteger value="213" />
        </extension>
        <code value="CN" />
        <display value="China" />
      </concept>
      <concept>
        <extension url="http://hl7.org/fhir/StructureDefinition/valueset-conceptOrder">
          <valueInteger value="210" />
        </extension>
        <code value="CO" />
        <display value="Colombia" />
      </concept>
      <concept>
        <extension url="http://hl7.org/fhir/StructureDefinition/valueset-conceptOrder">
          <valueInteger value="205" />
        </extension>
        <code value="CR" />
        <display value="Costa Rica" />
      </concept>
      <concept>
        <extension url="http://hl7.org/fhir/StructureDefinition/valueset-conceptOrder">
          <valueInteger value="202" />
        </extension>
        <code value="CU" />
        <display value="Cuba" />
      </concept>
      <concept>
        <extension url="http://hl7.org/fhir/StructureDefinition/valueset-conceptOrder">
          <valueInteger value="221" />
        </extension>
        <code value="CV" />
        <display value="Cabo Verde" />
      </concept>
      <concept>
        <extension url="http://hl7.org/fhir/StructureDefinition/valueset-conceptOrder">
          <valueInteger value="201" />
        </extension>
        <code value="CW" />
        <display value="Curagao" />
      </concept>
      <concept>
        <extension url="http://hl7.org/fhir/StructureDefinition/valueset-conceptOrder">
          <valueInteger value="212" />
        </extension>
        <code value="CX" />
        <display value="Christmas Island" />
      </concept>
      <concept>
        <extension url="http://hl7.org/fhir/StructureDefinition/valueset-conceptOrder">
          <valueInteger value="200" />
        </extension>
        <code value="CY" />
        <display value="Cyprus" />
      </concept>
      <concept>
        <extension url="http://hl7.org/fhir/StructureDefinition/valueset-conceptOrder">
          <valueInteger value="199" />
        </extension>
        <code value="CZ" />
        <display value="Czechia" />
      </concept>
      <concept>
        <extension url="http://hl7.org/fhir/StructureDefinition/valueset-conceptOrder">
          <valueInteger value="996" />
        </extension>
        <code value="DE" />
        <display value="Germany" />
      </concept>
      <concept>
        <extension url="http://hl7.org/fhir/StructureDefinition/valueset-conceptOrder">
          <valueInteger value="197" />
        </extension>
        <code value="DJ" />
        <display value="Djibouti" />
      </concept>
      <concept>
        <extension url="http://hl7.org/fhir/StructureDefinition/valueset-conceptOrder">
          <valueInteger value="198" />
        </extension>
        <code value="DK" />
        <display value="Denmark" />
      </concept>
      <concept>
        <extension url="http://hl7.org/fhir/StructureDefinition/valueset-conceptOrder">
          <valueInteger value="196" />
        </extension>
        <code value="DM" />
        <display value="Dominica" />
      </concept>
      <concept>
        <extension url="http://hl7.org/fhir/StructureDefinition/valueset-conceptOrder">
          <valueInteger value="195" />
        </extension>
        <code value="DO" />
        <display value="Dominican Republic" />
      </concept>
      <concept>
        <extension url="http://hl7.org/fhir/StructureDefinition/valueset-conceptOrder">
          <valueInteger value="255" />
        </extension>
        <code value="DZ" />
        <display value="Algeria" />
      </concept>
      <concept>
        <extension url="http://hl7.org/fhir/StructureDefinition/valueset-conceptOrder">
          <valueInteger value="194" />
        </extension>
        <code value="EC" />
        <display value="Ecuador" />
      </concept>
      <concept>
        <extension url="http://hl7.org/fhir/StructureDefinition/valueset-conceptOrder">
          <valueInteger value="188" />
        </extension>
        <code value="EE" />
        <display value="Estonia" />
      </concept>
      <concept>
        <extension url="http://hl7.org/fhir/StructureDefinition/valueset-conceptOrder">
          <valueInteger value="193" />
        </extension>
        <code value="EG" />
        <display value="Egypt" />
      </concept>
      <concept>
        <extension url="http://hl7.org/fhir/StructureDefinition/valueset-conceptOrder">
          <valueInteger value="13" />
        </extension>
        <code value="EH" />
        <display value="Western Sahara" />
      </concept>
      <concept>
        <extension url="http://hl7.org/fhir/StructureDefinition/valueset-conceptOrder">
          <valueInteger value="189" />
        </extension>
        <code value="ER" />
        <display value="Eritrea" />
      </concept>
      <concept>
        <extension url="http://hl7.org/fhir/StructureDefinition/valueset-conceptOrder">
          <valueInteger value="50" />
        </extension>
        <code value="ES" />
        <display value="Spain" />
      </concept>
      <concept>
        <extension url="http://hl7.org/fhir/StructureDefinition/valueset-conceptOrder">
          <valueInteger value="187" />
        </extension>
        <code value="ET" />
        <display value="Ethiopia" />
      </concept>
      <concept>
        <extension url="http://hl7.org/fhir/StructureDefinition/valueset-conceptOrder">
          <valueInteger value="183" />
        </extension>
        <code value="FI" />
        <display value="Finland" />
      </concept>
      <concept>
        <extension url="http://hl7.org/fhir/StructureDefinition/valueset-conceptOrder">
          <valueInteger value="184" />
        </extension>
        <code value="FJ" />
        <display value="Fiji" />
      </concept>
      <concept>
        <extension url="http://hl7.org/fhir/StructureDefinition/valueset-conceptOrder">
          <valueInteger value="186" />
        </extension>
        <code value="FK" />
        <display value="Falkland Islands (Malvinas)" />
      </concept>
      <concept>
        <extension url="http://hl7.org/fhir/StructureDefinition/valueset-conceptOrder">
          <valueInteger value="114" />
        </extension>
        <code value="FM" />
        <display value="Micronesia, Federated States of" />
      </concept>
      <concept>
        <extension url="http://hl7.org/fhir/StructureDefinition/valueset-conceptOrder">
          <valueInteger value="185" />
        </extension>
        <code value="FO" />
        <display value="Faroe Islands" />
      </concept>
      <concept>
        <extension url="http://hl7.org/fhir/StructureDefinition/valueset-conceptOrder">
          <valueInteger value="182" />
        </extension>
        <code value="FR" />
        <display value="France" />
      </concept>
      <concept>
        <extension url="http://hl7.org/fhir/StructureDefinition/valueset-conceptOrder">
          <valueInteger value="178" />
        </extension>
        <code value="GA" />
        <display value="Gabon" />
      </concept>
      <concept>
        <extension url="http://hl7.org/fhir/StructureDefinition/valueset-conceptOrder">
          <valueInteger value="24" />
        </extension>
        <code value="GB" />
        <display value="United Kingdom of Great Britain and Northern Ireland" />
      </concept>
      <concept>
        <extension url="http://hl7.org/fhir/StructureDefinition/valueset-conceptOrder">
          <valueInteger value="171" />
        </extension>
        <code value="GD" />
        <display value="Grenada" />
      </concept>
      <concept>
        <extension url="http://hl7.org/fhir/StructureDefinition/valueset-conceptOrder">
          <valueInteger value="176" />
        </extension>
        <code value="GE" />
        <display value="Georgia" />
      </concept>
      <concept>
        <extension url="http://hl7.org/fhir/StructureDefinition/valueset-conceptOrder">
          <valueInteger value="181" />
        </extension>
        <code value="GF" />
        <display value="French Guiana" />
      </concept>
      <concept>
        <extension url="http://hl7.org/fhir/StructureDefinition/valueset-conceptOrder">
          <valueInteger value="167" />
        </extension>
        <code value="GG" />
        <display value="Guernsey" />
      </concept>
      <concept>
        <extension url="http://hl7.org/fhir/StructureDefinition/valueset-conceptOrder">
          <valueInteger value="175" />
        </extension>
        <code value="GH" />
        <display value="Ghana" />
      </concept>
      <concept>
        <extension url="http://hl7.org/fhir/StructureDefinition/valueset-conceptOrder">
          <valueInteger value="174" />
        </extension>
        <code value="GI" />
        <display value="Gibraltar" />
      </concept>
      <concept>
        <extension url="http://hl7.org/fhir/StructureDefinition/valueset-conceptOrder">
          <valueInteger value="172" />
        </extension>
        <code value="GL" />
        <display value="Greenland" />
      </concept>
      <concept>
        <extension url="http://hl7.org/fhir/StructureDefinition/valueset-conceptOrder">
          <valueInteger value="177" />
        </extension>
        <code value="GM" />
        <display value="Gambia" />
      </concept>
      <concept>
        <extension url="http://hl7.org/fhir/StructureDefinition/valueset-conceptOrder">
          <valueInteger value="166" />
        </extension>
        <code value="GN" />
        <display value="Guinea" />
      </concept>
      <concept>
        <extension url="http://hl7.org/fhir/StructureDefinition/valueset-conceptOrder">
          <valueInteger value="170" />
        </extension>
        <code value="GP" />
        <display value="Guadeloupe" />
      </concept>
      <concept>
        <extension url="http://hl7.org/fhir/StructureDefinition/valueset-conceptOrder">
          <valueInteger value="190" />
        </extension>
        <code value="GQ" />
        <display value="Equatorial Guinea" />
      </concept>
      <concept>
        <extension url="http://hl7.org/fhir/StructureDefinition/valueset-conceptOrder">
          <valueInteger value="173" />
        </extension>
        <code value="GR" />
        <display value="Greece" />
      </concept>
      <concept>
        <extension url="http://hl7.org/fhir/StructureDefinition/valueset-conceptOrder">
          <valueInteger value="52" />
        </extension>
        <code value="GS" />
        <display value="South Georgia and the South Sandwich Islands" />
      </concept>
      <concept>
        <extension url="http://hl7.org/fhir/StructureDefinition/valueset-conceptOrder">
          <valueInteger value="168" />
        </extension>
        <code value="GT" />
        <display value="Guatemala" />
      </concept>
      <concept>
        <extension url="http://hl7.org/fhir/StructureDefinition/valueset-conceptOrder">
          <valueInteger value="169" />
        </extension>
        <code value="GU" />
        <display value="Guam" />
      </concept>
      <concept>
        <extension url="http://hl7.org/fhir/StructureDefinition/valueset-conceptOrder">
          <valueInteger value="165" />
        </extension>
        <code value="GW" />
        <display value="Guinea-Bissau" />
      </concept>
      <concept>
        <extension url="http://hl7.org/fhir/StructureDefinition/valueset-conceptOrder">
          <valueInteger value="164" />
        </extension>
        <code value="GY" />
        <display value="Guyana" />
      </concept>
      <concept>
        <extension url="http://hl7.org/fhir/StructureDefinition/valueset-conceptOrder">
          <valueInteger value="159" />
        </extension>
        <code value="HK" />
        <display value="Hong Kong" />
      </concept>
      <concept>
        <extension url="http://hl7.org/fhir/StructureDefinition/valueset-conceptOrder">
          <valueInteger value="162" />
        </extension>
        <code value="HM" />
        <display value="Heard Island and McDonald Islands" />
      </concept>
      <concept>
        <extension url="http://hl7.org/fhir/StructureDefinition/valueset-conceptOrder">
          <valueInteger value="160" />
        </extension>
        <code value="HN" />
        <display value="Honduras" />
      </concept>
      <concept>
        <extension url="http://hl7.org/fhir/StructureDefinition/valueset-conceptOrder">
          <valueInteger value="204" />
        </extension>
        <code value="HR" />
        <display value="Croatia" />
      </concept>
      <concept>
        <extension url="http://hl7.org/fhir/StructureDefinition/valueset-conceptOrder">
          <valueInteger value="163" />
        </extension>
        <code value="HT" />
        <display value="Haiti" />
      </concept>
      <concept>
        <extension url="http://hl7.org/fhir/StructureDefinition/valueset-conceptOrder">
          <valueInteger value="158" />
        </extension>
        <code value="HU" />
        <display value="Hungary" />
      </concept>
      <concept>
        <extension url="http://hl7.org/fhir/StructureDefinition/valueset-conceptOrder">
          <valueInteger value="155" />
        </extension>
        <code value="ID" />
        <display value="Indonesia" />
      </concept>
      <concept>
        <extension url="http://hl7.org/fhir/StructureDefinition/valueset-conceptOrder">
          <valueInteger value="152" />
        </extension>
        <code value="IE" />
        <display value="Ireland" />
      </concept>
      <concept>
        <extension url="http://hl7.org/fhir/StructureDefinition/valueset-conceptOrder">
          <valueInteger value="150" />
        </extension>
        <code value="IL" />
        <display value="Israel" />
      </concept>
      <concept>
        <extension url="http://hl7.org/fhir/StructureDefinition/valueset-conceptOrder">
          <valueInteger value="151" />
        </extension>
        <code value="IM" />
        <display value="Isle of Man" />
      </concept>
      <concept>
        <extension url="http://hl7.org/fhir/StructureDefinition/valueset-conceptOrder">
          <valueInteger value="156" />
        </extension>
        <code value="IN" />
        <display value="India" />
      </concept>
      <concept>
        <extension url="http://hl7.org/fhir/StructureDefinition/valueset-conceptOrder">
          <valueInteger value="226" />
        </extension>
        <code value="IO" />
        <display value="British Indian Ocean Territory" />
      </concept>
      <concept>
        <extension url="http://hl7.org/fhir/StructureDefinition/valueset-conceptOrder">
          <valueInteger value="153" />
        </extension>
        <code value="IQ" />
        <display value="Iraq" />
      </concept>
      <concept>
        <extension url="http://hl7.org/fhir/StructureDefinition/valueset-conceptOrder">
          <valueInteger value="154" />
        </extension>
        <code value="IR" />
        <display value="Iran, Islamic Republic of" />
      </concept>
      <concept>
        <extension url="http://hl7.org/fhir/StructureDefinition/valueset-conceptOrder">
          <valueInteger value="157" />
        </extension>
        <code value="IS" />
        <display value="Iceland" />
      </concept>
      <concept>
        <extension url="http://hl7.org/fhir/StructureDefinition/valueset-conceptOrder">
          <valueInteger value="149" />
        </extension>
        <code value="IT" />
        <display value="Italy" />
      </concept>
      <concept>
        <extension url="http://hl7.org/fhir/StructureDefinition/valueset-conceptOrder">
          <valueInteger value="146" />
        </extension>
        <code value="JE" />
        <display value="Jersey" />
      </concept>
      <concept>
        <extension url="http://hl7.org/fhir/StructureDefinition/valueset-conceptOrder">
          <valueInteger value="148" />
        </extension>
        <code value="JM" />
        <display value="Jamaica" />
      </concept>
      <concept>
        <extension url="http://hl7.org/fhir/StructureDefinition/valueset-conceptOrder">
          <valueInteger value="145" />
        </extension>
        <code value="JO" />
        <display value="Jordan" />
      </concept>
      <concept>
        <extension url="http://hl7.org/fhir/StructureDefinition/valueset-conceptOrder">
          <valueInteger value="147" />
        </extension>
        <code value="JP" />
        <display value="Japan" />
      </concept>
      <concept>
        <extension url="http://hl7.org/fhir/StructureDefinition/valueset-conceptOrder">
          <valueInteger value="143" />
        </extension>
        <code value="KE" />
        <display value="Kenya" />
      </concept>
      <concept>
        <extension url="http://hl7.org/fhir/StructureDefinition/valueset-conceptOrder">
          <valueInteger value="138" />
        </extension>
        <code value="KG" />
        <display value="Kyrgyzstan" />
      </concept>
      <concept>
        <extension url="http://hl7.org/fhir/StructureDefinition/valueset-conceptOrder">
          <valueInteger value="220" />
        </extension>
        <code value="KH" />
        <display value="Cambodia" />
      </concept>
      <concept>
        <extension url="http://hl7.org/fhir/StructureDefinition/valueset-conceptOrder">
          <valueInteger value="142" />
        </extension>
        <code value="KI" />
        <display value="Kiribati" />
      </concept>
      <concept>
        <extension url="http://hl7.org/fhir/StructureDefinition/valueset-conceptOrder">
          <valueInteger value="209" />
        </extension>
        <code value="KM" />
        <display value="Comoros" />
      </concept>
      <concept>
        <extension url="http://hl7.org/fhir/StructureDefinition/valueset-conceptOrder">
          <valueInteger value="72" />
        </extension>
        <code value="KN" />
        <display value="Saint Kitts and Nevis" />
      </concept>
      <concept>
        <extension url="http://hl7.org/fhir/StructureDefinition/valueset-conceptOrder">
          <valueInteger value="141" />
        </extension>
        <code value="KP" />
        <display value="Korea, Democratic People's Republic of" />
      </concept>
      <concept>
        <extension url="http://hl7.org/fhir/StructureDefinition/valueset-conceptOrder">
          <valueInteger value="140" />
        </extension>
        <code value="KR" />
        <display value="Korea, Republic of" />
      </concept>
      <concept>
        <extension url="http://hl7.org/fhir/StructureDefinition/valueset-conceptOrder">
          <valueInteger value="139" />
        </extension>
        <code value="KW" />
        <display value="Kuwait" />
      </concept>
      <concept>
        <extension url="http://hl7.org/fhir/StructureDefinition/valueset-conceptOrder">
          <valueInteger value="217" />
        </extension>
        <code value="KY" />
        <display value="Cayman Islands" />
      </concept>
      <concept>
        <extension url="http://hl7.org/fhir/StructureDefinition/valueset-conceptOrder">
          <valueInteger value="144" />
        </extension>
        <code value="KZ" />
        <display value="Kazakhstan" />
      </concept>
      <concept>
        <extension url="http://hl7.org/fhir/StructureDefinition/valueset-conceptOrder">
          <valueInteger value="137" />
        </extension>
        <code value="LA" />
        <display value="Lao People's Democratic Republic" />
      </concept>
      <concept>
        <extension url="http://hl7.org/fhir/StructureDefinition/valueset-conceptOrder">
          <valueInteger value="135" />
        </extension>
        <code value="LB" />
        <display value="Lebanon" />
      </concept>
      <concept>
        <extension url="http://hl7.org/fhir/StructureDefinition/valueset-conceptOrder">
          <valueInteger value="71" />
        </extension>
        <code value="LC" />
        <display value="Saint Lucia" />
      </concept>
      <concept>
        <extension url="http://hl7.org/fhir/StructureDefinition/valueset-conceptOrder">
          <valueInteger value="131" />
        </extension>
        <code value="LI" />
        <display value="Liechtenstein" />
      </concept>
      <concept>
        <extension url="http://hl7.org/fhir/StructureDefinition/valueset-conceptOrder">
          <valueInteger value="49" />
        </extension>
        <code value="LK" />
        <display value="Sri Lanka" />
      </concept>
      <concept>
        <extension url="http://hl7.org/fhir/StructureDefinition/valueset-conceptOrder">
          <valueInteger value="133" />
        </extension>
        <code value="LR" />
        <display value="Liberia" />
      </concept>
      <concept>
        <extension url="http://hl7.org/fhir/StructureDefinition/valueset-conceptOrder">
          <valueInteger value="134" />
        </extension>
        <code value="LS" />
        <display value="Lesotho" />
      </concept>
      <concept>
        <extension url="http://hl7.org/fhir/StructureDefinition/valueset-conceptOrder">
          <valueInteger value="130" />
        </extension>
        <code value="LT" />
        <display value="Lithuania" />
      </concept>
      <concept>
        <extension url="http://hl7.org/fhir/StructureDefinition/valueset-conceptOrder">
          <valueInteger value="129" />
        </extension>
        <code value="LU" />
        <display value="Luxembourg" />
      </concept>
      <concept>
        <extension url="http://hl7.org/fhir/StructureDefinition/valueset-conceptOrder">
          <valueInteger value="136" />
        </extension>
        <code value="LV" />
        <display value="Latvia" />
      </concept>
      <concept>
        <extension url="http://hl7.org/fhir/StructureDefinition/valueset-conceptOrder">
          <valueInteger value="132" />
        </extension>
        <code value="LY" />
        <display value="Libya" />
      </concept>
      <concept>
        <extension url="http://hl7.org/fhir/StructureDefinition/valueset-conceptOrder">
          <valueInteger value="108" />
        </extension>
        <code value="MA" />
        <display value="Morocco" />
      </concept>
      <concept>
        <extension url="http://hl7.org/fhir/StructureDefinition/valueset-conceptOrder">
          <valueInteger value="112" />
        </extension>
        <code value="MC" />
        <display value="Monaco" />
      </concept>
      <concept>
        <extension url="http://hl7.org/fhir/StructureDefinition/valueset-conceptOrder">
          <valueInteger value="113" />
        </extension>
        <code value="MD" />
        <display value="Moldova, Republic of" />
      </concept>
      <concept>
        <extension url="http://hl7.org/fhir/StructureDefinition/valueset-conceptOrder">
          <valueInteger value="110" />
        </extension>
        <code value="ME" />
        <display value="Montenegro" />
      </concept>
      <concept>
        <extension url="http://hl7.org/fhir/StructureDefinition/valueset-conceptOrder">
          <valueInteger value="70" />
        </extension>
        <code value="MF" />
        <display value="Saint Martin (French part)" />
      </concept>
      <concept>
        <extension url="http://hl7.org/fhir/StructureDefinition/valueset-conceptOrder">
          <valueInteger value="126" />
        </extension>
        <code value="MG" />
        <display value="Madagascar" />
      </concept>
      <concept>
        <extension url="http://hl7.org/fhir/StructureDefinition/valueset-conceptOrder">
          <valueInteger value="120" />
        </extension>
        <code value="MH" />
        <display value="Marshall Islands" />
      </concept>
      <concept>
        <extension url="http://hl7.org/fhir/StructureDefinition/valueset-conceptOrder">
          <valueInteger value="127" />
        </extension>
        <code value="MK" />
        <display value="Macedonia, the former Yugoslav Republic of" />
      </concept>
      <concept>
        <extension url="http://hl7.org/fhir/StructureDefinition/valueset-conceptOrder">
          <valueInteger value="122" />
        </extension>
        <code value="ML" />
        <display value="Mali" />
      </concept>
      <concept>
        <extension url="http://hl7.org/fhir/StructureDefinition/valueset-conceptOrder">
          <valueInteger value="106" />
        </extension>
        <code value="MM" />
        <display value="Myanmar" />
      </concept>
      <concept>
        <extension url="http://hl7.org/fhir/StructureDefinition/valueset-conceptOrder">
          <valueInteger value="111" />
        </extension>
        <code value="MN" />
        <display value="Mongolia" />
      </concept>
      <concept>
        <extension url="http://hl7.org/fhir/StructureDefinition/valueset-conceptOrder">
          <valueInteger value="128" />
        </extension>
        <code value="MO" />
        <display value="Macao" />
      </concept>
      <concept>
        <extension url="http://hl7.org/fhir/StructureDefinition/valueset-conceptOrder">
          <valueInteger value="94" />
        </extension>
        <code value="MP" />
        <display value="Northern Mariana Islands" />
      </concept>
      <concept>
        <extension url="http://hl7.org/fhir/StructureDefinition/valueset-conceptOrder">
          <valueInteger value="119" />
        </extension>
        <code value="MQ" />
        <display value="Martinique" />
      </concept>
      <concept>
        <extension url="http://hl7.org/fhir/StructureDefinition/valueset-conceptOrder">
          <valueInteger value="118" />
        </extension>
        <code value="MR" />
        <display value="Mauritania" />
      </concept>
      <concept>
        <extension url="http://hl7.org/fhir/StructureDefinition/valueset-conceptOrder">
          <valueInteger value="109" />
        </extension>
        <code value="MS" />
        <display value="Montserrat" />
      </concept>
      <concept>
        <extension url="http://hl7.org/fhir/StructureDefinition/valueset-conceptOrder">
          <valueInteger value="121" />
        </extension>
        <code value="MT" />
        <display value="Malta" />
      </concept>
      <concept>
        <extension url="http://hl7.org/fhir/StructureDefinition/valueset-conceptOrder">
          <valueInteger value="117" />
        </extension>
        <code value="MU" />
        <display value="Mauritius" />
      </concept>
      <concept>
        <extension url="http://hl7.org/fhir/StructureDefinition/valueset-conceptOrder">
          <valueInteger value="123" />
        </extension>
        <code value="MV" />
        <display value="Maldives" />
      </concept>
      <concept>
        <extension url="http://hl7.org/fhir/StructureDefinition/valueset-conceptOrder">
          <valueInteger value="125" />
        </extension>
        <code value="MW" />
        <display value="Malawi" />
      </concept>
      <concept>
        <extension url="http://hl7.org/fhir/StructureDefinition/valueset-conceptOrder">
          <valueInteger value="115" />
        </extension>
        <code value="MX" />
        <display value="Mexico" />
      </concept>
      <concept>
        <extension url="http://hl7.org/fhir/StructureDefinition/valueset-conceptOrder">
          <valueInteger value="124" />
        </extension>
        <code value="MY" />
        <display value="Malaysia" />
      </concept>
      <concept>
        <extension url="http://hl7.org/fhir/StructureDefinition/valueset-conceptOrder">
          <valueInteger value="107" />
        </extension>
        <code value="MZ" />
        <display value="Mozambique" />
      </concept>
      <concept>
        <extension url="http://hl7.org/fhir/StructureDefinition/valueset-conceptOrder">
          <valueInteger value="105" />
        </extension>
        <code value="NA" />
        <display value="Namibia" />
      </concept>
      <concept>
        <extension url="http://hl7.org/fhir/StructureDefinition/valueset-conceptOrder">
          <valueInteger value="101" />
        </extension>
        <code value="NC" />
        <display value="New Caledonia" />
      </concept>
      <concept>
        <extension url="http://hl7.org/fhir/StructureDefinition/valueset-conceptOrder">
          <valueInteger value="98" />
        </extension>
        <code value="NE" />
        <display value="Niger" />
      </concept>
      <concept>
        <extension url="http://hl7.org/fhir/StructureDefinition/valueset-conceptOrder">
          <valueInteger value="95" />
        </extension>
        <code value="NF" />
        <display value="Norfolk Island" />
      </concept>
      <concept>
        <extension url="http://hl7.org/fhir/StructureDefinition/valueset-conceptOrder">
          <valueInteger value="97" />
        </extension>
        <code value="NG" />
        <display value="Nigeria" />
      </concept>
      <concept>
        <extension url="http://hl7.org/fhir/StructureDefinition/valueset-conceptOrder">
          <valueInteger value="99" />
        </extension>
        <code value="NI" />
        <display value="Nicaragua" />
      </concept>
      <concept>
        <extension url="http://hl7.org/fhir/StructureDefinition/valueset-conceptOrder">
          <valueInteger value="102" />
        </extension>
        <code value="NL" />
        <display value="Netherlands" />
      </concept>
      <concept>
        <extension url="http://hl7.org/fhir/StructureDefinition/valueset-conceptOrder">
          <valueInteger value="93" />
        </extension>
        <code value="NO" />
        <display value="Norway" />
      </concept>
      <concept>
        <extension url="http://hl7.org/fhir/StructureDefinition/valueset-conceptOrder">
          <valueInteger value="103" />
        </extension>
        <code value="NP" />
        <display value="Nepal" />
      </concept>
      <concept>
        <extension url="http://hl7.org/fhir/StructureDefinition/valueset-conceptOrder">
          <valueInteger value="104" />
        </extension>
        <code value="NR" />
        <display value="Nauru" />
      </concept>
      <concept>
        <extension url="http://hl7.org/fhir/StructureDefinition/valueset-conceptOrder">
          <valueInteger value="96" />
        </extension>
        <code value="NU" />
        <display value="Niue" />
      </concept>
      <concept>
        <extension url="http://hl7.org/fhir/StructureDefinition/valueset-conceptOrder">
          <valueInteger value="100" />
        </extension>
        <code value="NZ" />
        <display value="New Zealand" />
      </concept>
      <concept>
        <extension url="http://hl7.org/fhir/StructureDefinition/valueset-conceptOrder">
          <valueInteger value="92" />
        </extension>
        <code value="OM" />
        <display value="Oman" />
      </concept>
      <concept>
        <extension url="http://hl7.org/fhir/StructureDefinition/valueset-conceptOrder">
          <valueInteger value="88" />
        </extension>
        <code value="PA" />
        <display value="Panama" />
      </concept>
      <concept>
        <extension url="http://hl7.org/fhir/StructureDefinition/valueset-conceptOrder">
          <valueInteger value="85" />
        </extension>
        <code value="PE" />
        <display value="Peru" />
      </concept>
      <concept>
        <extension url="http://hl7.org/fhir/StructureDefinition/valueset-conceptOrder">
          <valueInteger value="180" />
        </extension>
        <code value="PF" />
        <display value="French Polynesia" />
      </concept>
      <concept>
        <extension url="http://hl7.org/fhir/StructureDefinition/valueset-conceptOrder">
          <valueInteger value="87" />
        </extension>
        <code value="PG" />
        <display value="Papua New Guinea" />
      </concept>
      <concept>
        <extension url="http://hl7.org/fhir/StructureDefinition/valueset-conceptOrder">
          <valueInteger value="84" />
        </extension>
        <code value="PH" />
        <display value="Philippines" />
      </concept>
      <concept>
        <extension url="http://hl7.org/fhir/StructureDefinition/valueset-conceptOrder">
          <valueInteger value="91" />
        </extension>
        <code value="PK" />
        <display value="Pakistan" />
      </concept>
      <concept>
        <extension url="http://hl7.org/fhir/StructureDefinition/valueset-conceptOrder">
          <valueInteger value="82" />
        </extension>
        <code value="PL" />
        <display value="Poland" />
      </concept>
      <concept>
        <extension url="http://hl7.org/fhir/StructureDefinition/valueset-conceptOrder">
          <valueInteger value="69" />
        </extension>
        <code value="PM" />
        <display value="Saint Pierre and Miquelon" />
      </concept>
      <concept>
        <extension url="http://hl7.org/fhir/StructureDefinition/valueset-conceptOrder">
          <valueInteger value="83" />
        </extension>
        <code value="PN" />
        <display value="Pitcairn" />
      </concept>
      <concept>
        <extension url="http://hl7.org/fhir/StructureDefinition/valueset-conceptOrder">
          <valueInteger value="80" />
        </extension>
        <code value="PR" />
        <display value="Puerto Rico" />
      </concept>
      <concept>
        <extension url="http://hl7.org/fhir/StructureDefinition/valueset-conceptOrder">
          <valueInteger value="89" />
        </extension>
        <code value="PS" />
        <display value="Palestine, State of" />
      </concept>
      <concept>
        <extension url="http://hl7.org/fhir/StructureDefinition/valueset-conceptOrder">
          <valueInteger value="81" />
        </extension>
        <code value="PT" />
        <display value="Portugal" />
      </concept>
      <concept>
        <extension url="http://hl7.org/fhir/StructureDefinition/valueset-conceptOrder">
          <valueInteger value="90" />
        </extension>
        <code value="PW" />
        <display value="Palau" />
      </concept>
      <concept>
        <extension url="http://hl7.org/fhir/StructureDefinition/valueset-conceptOrder">
          <valueInteger value="86" />
        </extension>
        <code value="PY" />
        <display value="Paraguay" />
      </concept>
      <concept>
        <extension url="http://hl7.org/fhir/StructureDefinition/valueset-conceptOrder">
          <valueInteger value="79" />
        </extension>
        <code value="QA" />
        <display value="Qatar" />
      </concept>
      <concept>
        <extension url="http://hl7.org/fhir/StructureDefinition/valueset-conceptOrder">
          <valueInteger value="78" />
        </extension>
        <code value="RE" />
        <display value="Riunion" />
      </concept>
      <concept>
        <extension url="http://hl7.org/fhir/StructureDefinition/valueset-conceptOrder">
          <valueInteger value="77" />
        </extension>
        <code value="RO" />
        <display value="Romania" />
      </concept>
      <concept>
        <extension url="http://hl7.org/fhir/StructureDefinition/valueset-conceptOrder">
          <valueInteger value="62" />
        </extension>
        <code value="RS" />
        <display value="Serbia" />
      </concept>
      <concept>
        <extension url="http://hl7.org/fhir/StructureDefinition/valueset-conceptOrder">
          <valueInteger value="76" />
        </extension>
        <code value="RU" />
        <display value="Russian Federation" />
      </concept>
      <concept>
        <extension url="http://hl7.org/fhir/StructureDefinition/valueset-conceptOrder">
          <valueInteger value="75" />
        </extension>
        <code value="RW" />
        <display value="Rwanda" />
      </concept>
      <concept>
        <extension url="http://hl7.org/fhir/StructureDefinition/valueset-conceptOrder">
          <valueInteger value="64" />
        </extension>
        <code value="SA" />
        <display value="Saudi Arabia" />
      </concept>
      <concept>
        <extension url="http://hl7.org/fhir/StructureDefinition/valueset-conceptOrder">
          <valueInteger value="55" />
        </extension>
        <code value="SB" />
        <display value="Solomon Islands" />
      </concept>
      <concept>
        <extension url="http://hl7.org/fhir/StructureDefinition/valueset-conceptOrder">
          <valueInteger value="61" />
        </extension>
        <code value="SC" />
        <display value="Seychelles" />
      </concept>
      <concept>
        <extension url="http://hl7.org/fhir/StructureDefinition/valueset-conceptOrder">
          <valueInteger value="48" />
        </extension>
        <code value="SD" />
        <display value="Sudan" />
      </concept>
      <concept>
        <extension url="http://hl7.org/fhir/StructureDefinition/valueset-conceptOrder">
          <valueInteger value="44" />
        </extension>
        <code value="SE" />
        <display value="Sweden" />
      </concept>
      <concept>
        <extension url="http://hl7.org/fhir/StructureDefinition/valueset-conceptOrder">
          <valueInteger value="59" />
        </extension>
        <code value="SG" />
        <display value="Singapore" />
      </concept>
      <concept>
        <extension url="http://hl7.org/fhir/StructureDefinition/valueset-conceptOrder">
          <valueInteger value="73" />
        </extension>
        <code value="SH" />
        <display value="Saint Helena, Ascension and Tristan da Cunha" />
      </concept>
      <concept>
        <extension url="http://hl7.org/fhir/StructureDefinition/valueset-conceptOrder">
          <valueInteger value="56" />
        </extension>
        <code value="SI" />
        <display value="Slovenia" />
      </concept>
      <concept>
        <extension url="http://hl7.org/fhir/StructureDefinition/valueset-conceptOrder">
          <valueInteger value="46" />
        </extension>
        <code value="SJ" />
        <display value="Svalbard and Jan Mayen" />
      </concept>
      <concept>
        <extension url="http://hl7.org/fhir/StructureDefinition/valueset-conceptOrder">
          <valueInteger value="57" />
        </extension>
        <code value="SK" />
        <display value="Slovakia" />
      </concept>
      <concept>
        <extension url="http://hl7.org/fhir/StructureDefinition/valueset-conceptOrder">
          <valueInteger value="60" />
        </extension>
        <code value="SL" />
        <display value="Sierra Leone" />
      </concept>
      <concept>
        <extension url="http://hl7.org/fhir/StructureDefinition/valueset-conceptOrder">
          <valueInteger value="66" />
        </extension>
        <code value="SM" />
        <display value="San Marino" />
      </concept>
      <concept>
        <extension url="http://hl7.org/fhir/StructureDefinition/valueset-conceptOrder">
          <valueInteger value="63" />
        </extension>
        <code value="SN" />
        <display value="Senegal" />
      </concept>
      <concept>
        <extension url="http://hl7.org/fhir/StructureDefinition/valueset-conceptOrder">
          <valueInteger value="54" />
        </extension>
        <code value="SO" />
        <display value="Somalia" />
      </concept>
      <concept>
        <extension url="http://hl7.org/fhir/StructureDefinition/valueset-conceptOrder">
          <valueInteger value="47" />
        </extension>
        <code value="SR" />
        <display value="Suriname" />
      </concept>
      <concept>
        <extension url="http://hl7.org/fhir/StructureDefinition/valueset-conceptOrder">
          <valueInteger value="51" />
        </extension>
        <code value="SS" />
        <display value="South Sudan" />
      </concept>
      <concept>
        <extension url="http://hl7.org/fhir/StructureDefinition/valueset-conceptOrder">
          <valueInteger value="65" />
        </extension>
        <code value="ST" />
        <display value="Sao Tome and Principe" />
      </concept>
      <concept>
        <extension url="http://hl7.org/fhir/StructureDefinition/valueset-conceptOrder">
          <valueInteger value="192" />
        </extension>
        <code value="SV" />
        <display value="El Salvador" />
      </concept>
      <concept>
        <extension url="http://hl7.org/fhir/StructureDefinition/valueset-conceptOrder">
          <valueInteger value="58" />
        </extension>
        <code value="SX" />
        <display value="Sint Maarten (Dutch part)" />
      </concept>
      <concept>
        <extension url="http://hl7.org/fhir/StructureDefinition/valueset-conceptOrder">
          <valueInteger value="42" />
        </extension>
        <code value="SY" />
        <display value="Syrian Arab Republic" />
      </concept>
      <concept>
        <extension url="http://hl7.org/fhir/StructureDefinition/valueset-conceptOrder">
          <valueInteger value="45" />
        </extension>
        <code value="SZ" />
        <display value="Swaziland" />
      </concept>
      <concept>
        <extension url="http://hl7.org/fhir/StructureDefinition/valueset-conceptOrder">
          <valueInteger value="29" />
        </extension>
        <code value="TC" />
        <display value="Turks and Caicos Islands" />
      </concept>
      <concept>
        <extension url="http://hl7.org/fhir/StructureDefinition/valueset-conceptOrder">
          <valueInteger value="215" />
        </extension>
        <code value="TD" />
        <display value="Chad" />
      </concept>
      <concept>
        <extension url="http://hl7.org/fhir/StructureDefinition/valueset-conceptOrder">
          <valueInteger value="179" />
        </extension>
        <code value="TF" />
        <display value="French Southern Territories" />
      </concept>
      <concept>
        <extension url="http://hl7.org/fhir/StructureDefinition/valueset-conceptOrder">
          <valueInteger value="36" />
        </extension>
        <code value="TG" />
        <display value="Togo" />
      </concept>
      <concept>
        <extension url="http://hl7.org/fhir/StructureDefinition/valueset-conceptOrder">
          <valueInteger value="38" />
        </extension>
        <code value="TH" />
        <display value="Thailand" />
      </concept>
      <concept>
        <extension url="http://hl7.org/fhir/StructureDefinition/valueset-conceptOrder">
          <valueInteger value="40" />
        </extension>
        <code value="TJ" />
        <display value="Tajikistan" />
      </concept>
      <concept>
        <extension url="http://hl7.org/fhir/StructureDefinition/valueset-conceptOrder">
          <valueInteger value="35" />
        </extension>
        <code value="TK" />
        <display value="Tokelau" />
      </concept>
      <concept>
        <extension url="http://hl7.org/fhir/StructureDefinition/valueset-conceptOrder">
          <valueInteger value="37" />
        </extension>
        <code value="TL" />
        <display value="Timor-Leste" />
      </concept>
      <concept>
        <extension url="http://hl7.org/fhir/StructureDefinition/valueset-conceptOrder">
          <valueInteger value="30" />
        </extension>
        <code value="TM" />
        <display value="Turkmenistan" />
      </concept>
      <concept>
        <extension url="http://hl7.org/fhir/StructureDefinition/valueset-conceptOrder">
          <valueInteger value="32" />
        </extension>
        <code value="TN" />
        <display value="Tunisia" />
      </concept>
      <concept>
        <extension url="http://hl7.org/fhir/StructureDefinition/valueset-conceptOrder">
          <valueInteger value="34" />
        </extension>
        <code value="TO" />
        <display value="Tonga" />
      </concept>
      <concept>
        <extension url="http://hl7.org/fhir/StructureDefinition/valueset-conceptOrder">
          <valueInteger value="31" />
        </extension>
        <code value="TR" />
        <display value="Turkey" />
      </concept>
      <concept>
        <extension url="http://hl7.org/fhir/StructureDefinition/valueset-conceptOrder">
          <valueInteger value="33" />
        </extension>
        <code value="TT" />
        <display value="Trinidad and Tobago" />
      </concept>
      <concept>
        <extension url="http://hl7.org/fhir/StructureDefinition/valueset-conceptOrder">
          <valueInteger value="28" />
        </extension>
        <code value="TV" />
        <display value="Tuvalu" />
      </concept>
      <concept>
        <extension url="http://hl7.org/fhir/StructureDefinition/valueset-conceptOrder">
          <valueInteger value="41" />
        </extension>
        <code value="TW" />
        <display value="Taiwan, Province of China" />
      </concept>
      <concept>
        <extension url="http://hl7.org/fhir/StructureDefinition/valueset-conceptOrder">
          <valueInteger value="39" />
        </extension>
        <code value="TZ" />
        <display value="Tanzania, United Republic of" />
      </concept>
      <concept>
        <extension url="http://hl7.org/fhir/StructureDefinition/valueset-conceptOrder">
          <valueInteger value="26" />
        </extension>
        <code value="UA" />
        <display value="Ukraine" />
      </concept>
      <concept>
        <extension url="http://hl7.org/fhir/StructureDefinition/valueset-conceptOrder">
          <valueInteger value="27" />
        </extension>
        <code value="UG" />
        <display value="Uganda" />
      </concept>
      <concept>
        <extension url="http://hl7.org/fhir/StructureDefinition/valueset-conceptOrder">
          <valueInteger value="23" />
        </extension>
        <code value="UM" />
        <display value="United States Minor Outlying Islands" />
      </concept>
      <concept>
        <extension url="http://hl7.org/fhir/StructureDefinition/valueset-conceptOrder">
          <valueInteger value="22" />
        </extension>
        <code value="US" />
        <display value="United States of America" />
      </concept>
      <concept>
        <extension url="http://hl7.org/fhir/StructureDefinition/valueset-conceptOrder">
          <valueInteger value="21" />
        </extension>
        <code value="UY" />
        <display value="Uruguay" />
      </concept>
      <concept>
        <extension url="http://hl7.org/fhir/StructureDefinition/valueset-conceptOrder">
          <valueInteger value="20" />
        </extension>
        <code value="UZ" />
        <display value="Uzbekistan" />
      </concept>
      <concept>
        <extension url="http://hl7.org/fhir/StructureDefinition/valueset-conceptOrder">
          <valueInteger value="161" />
        </extension>
        <code value="VA" />
        <display value="Holy See" />
      </concept>
      <concept>
        <extension url="http://hl7.org/fhir/StructureDefinition/valueset-conceptOrder">
          <valueInteger value="68" />
        </extension>
        <code value="VC" />
        <display value="Saint Vincent and the Grenadines" />
      </concept>
      <concept>
        <extension url="http://hl7.org/fhir/StructureDefinition/valueset-conceptOrder">
          <valueInteger value="18" />
        </extension>
        <code value="VE" />
        <display value="Venezuela, Bolivarian Republic of" />
      </concept>
      <concept>
        <extension url="http://hl7.org/fhir/StructureDefinition/valueset-conceptOrder">
          <valueInteger value="15" />
        </extension>
        <code value="VG" />
        <display value="Virgin Islands, British" />
      </concept>
      <concept>
        <extension url="http://hl7.org/fhir/StructureDefinition/valueset-conceptOrder">
          <valueInteger value="16" />
        </extension>
        <code value="VI" />
        <display value="Virgin Islands," />
      </concept>
      <concept>
        <extension url="http://hl7.org/fhir/StructureDefinition/valueset-conceptOrder">
          <valueInteger value="17" />
        </extension>
        <code value="VN" />
        <display value="Viet Nam" />
      </concept>
      <concept>
        <extension url="http://hl7.org/fhir/StructureDefinition/valueset-conceptOrder">
          <valueInteger value="19" />
        </extension>
        <code value="VU" />
        <display value="Vanuatu" />
      </concept>
      <concept>
        <extension url="http://hl7.org/fhir/StructureDefinition/valueset-conceptOrder">
          <valueInteger value="14" />
        </extension>
        <code value="WF" />
        <display value="Wallis and Futuna" />
      </concept>
      <concept>
        <extension url="http://hl7.org/fhir/StructureDefinition/valueset-conceptOrder">
          <valueInteger value="67" />
        </extension>
        <code value="WS" />
        <display value="Samoa" />
      </concept>
      <concept>
        <extension url="http://hl7.org/fhir/StructureDefinition/valueset-conceptOrder">
          <valueInteger value="12" />
        </extension>
        <code value="YE" />
        <display value="Yemen" />
      </concept>
      <concept>
        <extension url="http://hl7.org/fhir/StructureDefinition/valueset-conceptOrder">
          <valueInteger value="116" />
        </extension>
        <code value="YT" />
        <display value="Mayotte" />
      </concept>
      <concept>
        <extension url="http://hl7.org/fhir/StructureDefinition/valueset-conceptOrder">
          <valueInteger value="53" />
        </extension>
        <code value="ZA" />
        <display value="South Africa" />
      </concept>
      <concept>
        <extension url="http://hl7.org/fhir/StructureDefinition/valueset-conceptOrder">
          <valueInteger value="11" />
        </extension>
        <code value="ZM" />
        <display value="Zambia" />
      </concept>
      <concept>
        <extension url="http://hl7.org/fhir/StructureDefinition/valueset-conceptOrder">
          <valueInteger value="10" />
        </extension>
        <code value="ZW" />
        <display value="Zimbabwe" />
      </concept>
    </include>
    <include>
      <system value="https://demis.rki.de/fhir/CodeSystem/noCountry" />
      <version value="1.1.0" />
    </include>
    <include>
      <system value="http://terminology.hl7.org/CodeSystem/v3-NullFlavor" />
      <version value="2.1.0" />
      <concept>
        <extension url="http://hl7.org/fhir/StructureDefinition/valueset-conceptOrder">
          <valueInteger value="999" />
        </extension>
        <code value="ASKU" />
        <display value="asked but unknown" />
      </concept>
      <concept>
        <extension url="http://hl7.org/fhir/StructureDefinition/valueset-conceptOrder">
          <valueInteger value="1000" />
        </extension>
        <code value="NASK" />
        <display value="not asked" />
      </concept>
    </include>
  </compose>
</ValueSet>