<?xml version="1.0" encoding="utf-8"?>
<ValueSet xmlns="http://hl7.org/fhir">
  <id value="noCountry" />
  <url value="https://demis.rki.de/fhir/ValueSet/noCountry" />
  <version value="1.1.1" />
  <name value="NoCountry" />
  <title value="Staatenlos oder Ausland" />
  <status value="active" />
  <experimental value="false" />
  <date value="2024-09-02" />
  <publisher value="Robert Koch-Institut" />
  <description value="Das ValueSet NoCountry enthält die Codes für staatenlos und Ausland." />
  <compose>
    <include>
      <system value="https://demis.rki.de/fhir/CodeSystem/noCountry" />
      <version value="1.1.0" />
    </include>
  </compose>
</ValueSet>