<?xml version="1.0" encoding="utf-8"?>
<ValueSet xmlns="http://hl7.org/fhir">
  <id value="hospitalizationReason" />
  <url value="https://demis.rki.de/fhir/ValueSet/hospitalizationReason" />
  <version value="1.1.1" />
  <name value="HospitalizationReason" />
  <title value="Grund der Hospitalisierung" />
  <status value="active" />
  <experimental value="false" />
  <date value="2024-09-02" />
  <publisher value="Robert Koch-Institut" />
  <description value="Das ValueSet HospitalizationReason enthält die Codes für den Hospitalisierungsgrund." />
  <compose>
    <include>
      <system value="https://demis.rki.de/fhir/CodeSystem/hospitalizationReason" />
      <version value="1.0.0" />
    </include>
  </compose>
</ValueSet>