<?xml version="1.0" encoding="utf-8"?>
<ValueSet xmlns="http://hl7.org/fhir">
  <id value="answerSetPathogenHFAD" />
  <url value="https://demis.rki.de/fhir/ValueSet/answerSetPathogenHFAD" />
  <version value="1.3.1" />
  <name value="AnswerSetPathogenHFAD" />
  <title value="Antwort Erreger Hämorrhagisches Fieber" />
  <status value="active" />
  <experimental value="false" />
  <date value="2024-08-30" />
  <publisher value="Robert Koch-Institut" />
  <description value="Das ValueSet AnswerSetPathogenHFAD enthält die Codes der Antwortmöglichkeiten für die Hämorrhagisches Fieber -Erreger." />
  <copyright value="This material includes SNOMED Clinical Terms® (SNOMED CT®) which is used by permission of the International Health Terminology Standards Development Organisation (IHTSDO). All rights reserved. SNOMED CT®, was originally created by The College of American Pathologists. “SNOMED” and “SNOMED CT” are registered trademarks of the IHTSDO.&#xD;&#xA;&#xD;&#xA;Dieses Material enthält SNOMED Clinical Terms® (SNOMED CT®), die mit Genehmigung der International Health Terminology Standards Development Organisation (IHTSDO) verwendet werden. Alle Rechte vorbehalten. SNOMED CT® wurde ursprünglich vom College of American Pathologists entwickelt. &quot;SNOMED&quot; und &quot;SNOMED CT&quot; sind eingetragene Warenzeichen der IHTSDO.&#xD;&#xA;&#xD;&#xA;Downloadbedingungen für SNOMED-CT&#xD;&#xA;&#xD;&#xA;Enthält durch SNOMED International urheberrechtlich geschützte Information. Jede Verwendung von SNOMED CT in Deutschland erfordert eine vollgültige Affiliate Lizenz oder eine Sublizenz. Die entsprechende Lizenz ist kostenlos, vorausgesetzt die Verwendung findet nur in Deutschland statt und erfüllt die Bedingungen des Affiliate License Agreements. Affiliate Lizenzen können über das Mitglieder-Lizenzierungs- und Distributions-Service (MLDS) direkt beim jeweiligen NRC beantragt werden. https://mlds.ihtsdotools.org/#/landing/DE?lang=de&#xD;&#xA;&#xD;&#xA;Contains information protected by copyright of SNOMED International. Any use of SNOMED CT in Austria requires a valid affiliate license or sublicense. The corresponding license is free of charge, provided that the use only takes place in Austria and fulfills the conditions of the Affiliate License Agreement. Affiliate licenses can be requested directly from the respective NRC via the Member Licensing and Distribution Service (MLDS). ttps://mlds.ihtsdotools.org/#/landing/DE?lang=de" />
  <compose>
    <include>
      <system value="http://snomed.info/sct" />
      <version value="http://snomed.info/sct/11000274103/version/20240515" />
      <concept>
        <extension url="http://hl7.org/fhir/StructureDefinition/valueset-conceptOrder">
          <valueInteger value="10" />
        </extension>
        <code value="1288039000" />
        <display value="Schweres-Fieber-mit-Thrombozytopeniesyndrom-Virus (severe fever with thrombocytopenia syndrome virus, Huaiyangshanvirus, SFTSV)" />
        <designation>
          <language value="en-US" />
          <use>
            <system value="http://snomed.info/sct" />
            <code value="900000000000003001" />
          </use>
          <value value="Bandavirus dabieense (organism)" />
        </designation>
      </concept>
      <concept>
        <extension url="http://hl7.org/fhir/StructureDefinition/valueset-conceptOrder">
          <valueInteger value="19" />
        </extension>
        <code value="26352009" />
        <display value="Junínvirus (AHF)" />
        <designation>
          <language value="en-US" />
          <use>
            <system value="http://snomed.info/sct" />
            <code value="900000000000003001" />
          </use>
          <value value="Mammarenavirus juninense (organism)" />
        </designation>
      </concept>
      <concept>
        <extension url="http://hl7.org/fhir/StructureDefinition/valueset-conceptOrder">
          <valueInteger value="12" />
        </extension>
        <code value="28335002" />
        <display value="Rifttal-Fieber-Virus (Rift Valley fever virus, RVFV)" />
        <designation>
          <language value="en-US" />
          <use>
            <system value="http://snomed.info/sct" />
            <code value="900000000000003001" />
          </use>
          <value value="Rift Valley fever virus (organism)" />
        </designation>
      </concept>
      <concept>
        <extension url="http://hl7.org/fhir/StructureDefinition/valueset-conceptOrder">
          <valueInteger value="20" />
        </extension>
        <code value="311506003" />
        <display value="Guanaritovirus (GTOV)" />
        <designation>
          <language value="en-US" />
          <use>
            <system value="http://snomed.info/sct" />
            <code value="900000000000003001" />
          </use>
          <value value="Mammarenavirus guanaritoense (organism)" />
        </designation>
      </concept>
      <concept>
        <extension url="http://hl7.org/fhir/StructureDefinition/valueset-conceptOrder">
          <valueInteger value="11" />
        </extension>
        <code value="311508002" />
        <display value="Sabiàvirus (SABV)" />
        <designation>
          <language value="en-US" />
          <use>
            <system value="http://snomed.info/sct" />
            <code value="900000000000003001" />
          </use>
          <value value="Mammarenavirus brazilense (organism)" />
        </designation>
      </concept>
      <concept>
        <extension url="http://hl7.org/fhir/StructureDefinition/valueset-conceptOrder">
          <valueInteger value="17" />
        </extension>
        <code value="32137001" />
        <display value="Kyasanur-Wald-Fieber-Virus (Kyasanur Forest disease virus, KFDV)" />
        <designation>
          <language value="en-US" />
          <use>
            <system value="http://snomed.info/sct" />
            <code value="900000000000003001" />
          </use>
          <value value="Kyasanur Forest disease virus (organism)" />
        </designation>
      </concept>
      <concept>
        <extension url="http://hl7.org/fhir/StructureDefinition/valueset-conceptOrder">
          <valueInteger value="21" />
        </extension>
        <code value="450621007" />
        <display value="Chaparevirus (CHAV)" />
        <designation>
          <language value="en-US" />
          <use>
            <system value="http://snomed.info/sct" />
            <code value="900000000000003001" />
          </use>
          <value value="Mammarenavirus chapareense (organism)" />
        </designation>
      </concept>
      <concept>
        <extension url="http://hl7.org/fhir/StructureDefinition/valueset-conceptOrder">
          <valueInteger value="16" />
        </extension>
        <code value="450622000" />
        <display value="Lujo virus (LUJV)" />
        <designation>
          <language value="en-US" />
          <use>
            <system value="http://snomed.info/sct" />
            <code value="900000000000003001" />
          </use>
          <value value="Mammarenavirus lujoense (organism)" />
        </designation>
      </concept>
      <concept>
        <extension url="http://hl7.org/fhir/StructureDefinition/valueset-conceptOrder">
          <valueInteger value="13" />
        </extension>
        <code value="51439004" />
        <display value="Omsk-Hämorrhagisches-Fieber-Virus (Omsk hemorrhagic fever virus, OHFV)" />
        <designation>
          <language value="en-US" />
          <use>
            <system value="http://snomed.info/sct" />
            <code value="900000000000003001" />
          </use>
          <value value="Omsk hemorrhagic fever virus (organism)" />
        </designation>
      </concept>
      <concept>
        <extension url="http://hl7.org/fhir/StructureDefinition/valueset-conceptOrder">
          <valueInteger value="14" />
        </extension>
        <code value="71489006" />
        <display value="Machupovirus (BHF)" />
        <designation>
          <language value="en-US" />
          <use>
            <system value="http://snomed.info/sct" />
            <code value="900000000000003001" />
          </use>
          <value value="Mammarenavirus machupoense (organism)" />
        </designation>
      </concept>
      <concept>
        <extension url="http://hl7.org/fhir/StructureDefinition/valueset-conceptOrder">
          <valueInteger value="1" />
        </extension>
        <code value="74964007" />
        <display value="andere/sonstige" />
        <designation>
          <language value="en-US" />
          <use>
            <system value="http://snomed.info/sct" />
            <code value="900000000000003001" />
          </use>
          <value value="Other (qualifier value)" />
        </designation>
      </concept>
      <concept>
        <extension url="http://hl7.org/fhir/StructureDefinition/valueset-conceptOrder">
          <valueInteger value="22" />
        </extension>
        <code value="764949001" />
        <display value="Alkhurmavirus (AKFV)" />
        <designation>
          <language value="en-US" />
          <use>
            <system value="http://snomed.info/sct" />
            <code value="900000000000003001" />
          </use>
          <value value="Alkhurma virus (organism)" />
        </designation>
      </concept>
      <concept>
        <extension url="http://hl7.org/fhir/StructureDefinition/valueset-conceptOrder">
          <valueInteger value="18" />
        </extension>
        <code value="79875007" />
        <display value="Krim-Kongo-Fieber-Virus (Crimean-Congo hemorrhagic fever virus, CCHFV)" />
        <designation>
          <language value="en-US" />
          <use>
            <system value="http://snomed.info/sct" />
            <code value="900000000000003001" />
          </use>
          <value value="Crimean-Congo hemorrhagic fever virus (organism)" />
        </designation>
      </concept>
      <concept>
        <extension url="http://hl7.org/fhir/StructureDefinition/valueset-conceptOrder">
          <valueInteger value="15" />
        </extension>
        <code value="82518003" />
        <display value="Lymphozytäre-Choriomeningitis-Virus (lymphocytic choriomeningitis virus, LCMV)" />
        <designation>
          <language value="en-US" />
          <use>
            <system value="http://snomed.info/sct" />
            <code value="900000000000003001" />
          </use>
          <value value="Mammarenavirus choriomeningitidis (organism)" />
        </designation>
      </concept>
    </include>
    <include>
      <system value="http://terminology.hl7.org/CodeSystem/v3-NullFlavor" />
      <version value="2.1.0" />
      <concept>
        <extension url="http://hl7.org/fhir/StructureDefinition/valueset-conceptOrder">
          <valueInteger value="999" />
        </extension>
        <code value="ASKU" />
        <display value="asked but unknown" />
      </concept>
      <concept>
        <extension url="http://hl7.org/fhir/StructureDefinition/valueset-conceptOrder">
          <valueInteger value="1000" />
        </extension>
        <code value="NASK" />
        <display value="not asked" />
      </concept>
    </include>
  </compose>
</ValueSet>