<?xml version="1.0" encoding="utf-8"?>
<ValueSet xmlns="http://hl7.org/fhir">
  <id value="answerSetFormCDFD" />
  <url value="https://demis.rki.de/fhir/ValueSet/answerSetFormCDFD" />
  <version value="1.2.2" />
  <name value="AnswerSetFormCDFD" />
  <title value="Antwort Clostridioides-difficile-Erkrankung, schwere Verlaufsform-Krankheitsform" />
  <status value="active" />
  <experimental value="false" />
  <date value="2024-08-29" />
  <publisher value="Robert Koch-Institut" />
  <description value="Das ValueSet AnswerSetFormCDFD enthält die Codes der Antwortmöglichkeiten für die Clostridioides-difficile-Erkrankung, schwere Verlaufsform-Krankheitsform." />
  <copyright value="This material includes SNOMED Clinical Terms® (SNOMED CT®) which is used by permission of the International Health Terminology Standards Development Organisation (IHTSDO). All rights reserved. SNOMED CT®, was originally created by The College of American Pathologists. “SNOMED” and “SNOMED CT” are registered trademarks of the IHTSDO.&#xD;&#xA;&#xD;&#xA;Dieses Material enthält SNOMED Clinical Terms® (SNOMED CT®), die mit Genehmigung der International Health Terminology Standards Development Organisation (IHTSDO) verwendet werden. Alle Rechte vorbehalten. SNOMED CT® wurde ursprünglich vom College of American Pathologists entwickelt. &quot;SNOMED&quot; und &quot;SNOMED CT&quot; sind eingetragene Warenzeichen der IHTSDO.&#xD;&#xA;&#xD;&#xA;Downloadbedingungen für SNOMED-CT&#xD;&#xA;&#xD;&#xA;Enthält durch SNOMED International urheberrechtlich geschützte Information. Jede Verwendung von SNOMED CT in Deutschland erfordert eine vollgültige Affiliate Lizenz oder eine Sublizenz. Die entsprechende Lizenz ist kostenlos, vorausgesetzt die Verwendung findet nur in Deutschland statt und erfüllt die Bedingungen des Affiliate License Agreements. Affiliate Lizenzen können über das Mitglieder-Lizenzierungs- und Distributions-Service (MLDS) direkt beim jeweiligen NRC beantragt werden. https://mlds.ihtsdotools.org/#/landing/DE?lang=de&#xD;&#xA;&#xD;&#xA;Contains information protected by copyright of SNOMED International. Any use of SNOMED CT in Austria requires a valid affiliate license or sublicense. The corresponding license is free of charge, provided that the use only takes place in Austria and fulfills the conditions of the Affiliate License Agreement. Affiliate licenses can be requested directly from the respective NRC via the Member Licensing and Distribution Service (MLDS). ttps://mlds.ihtsdotools.org/#/landing/DE?lang=de" />
  <compose>
    <include>
      <system value="http://snomed.info/sct" />
      <version value="http://snomed.info/sct/11000274103/version/20240515" />
      <concept>
        <extension url="http://hl7.org/fhir/StructureDefinition/valueset-conceptOrder">
          <valueInteger value="14" />
        </extension>
        <code value="186431008:{288556008=305351004}" />
        <display value="Aufnahme auf eine Intensivstation aufgrund einer C.-difficile-Infektion oder ihrer Komplikationen" />
        <designation>
          <language value="en-US" />
          <use>
            <system value="http://snomed.info/sct" />
            <code value="1119454002" />
          </use>
          <value value="186431008 | Infection caused by Clostridioides difficile (disorder) | : {288556008 | Before (attribute) | = 305351004 | Admission to intensive care unit (procedure) |}" />
        </designation>
      </concept>
      <concept>
        <extension url="http://hl7.org/fhir/StructureDefinition/valueset-conceptOrder">
          <valueInteger value="13" />
        </extension>
        <code value="186431008:{288556008=32485007}" />
        <display value="Aufnahme in eine medizinische Einrichtung zur Behandlung einer ambulant erworbenen C.-difficile-Erkrankung" />
        <designation>
          <language value="en-US" />
          <use>
            <system value="http://snomed.info/sct" />
            <code value="1119454002" />
          </use>
          <value value="186431008 | Infection caused by Clostridioides difficile (disorder) | : {288556008 | Before (attribute) | = 32485007 | Hospital admission (procedure) |}" />
        </designation>
      </concept>
      <concept>
        <extension url="http://hl7.org/fhir/StructureDefinition/valueset-conceptOrder">
          <valueInteger value="10" />
        </extension>
        <code value="186431008:{288556008=397821002}" />
        <display value="Verlegung auf eine Intensivstation aufgrund einer C.-difficile-Infektion oder ihrer Komplikationen" />
        <designation>
          <language value="en-US" />
          <use>
            <system value="http://snomed.info/sct" />
            <code value="1119454002" />
          </use>
          <value value="186431008 | Infection caused by Clostridioides difficile (disorder) | : {288556008 | Before (attribute) | = 397821002 | Patient transfer to intensive care unit (procedure) |}" />
        </designation>
      </concept>
      <concept>
        <extension url="http://hl7.org/fhir/StructureDefinition/valueset-conceptOrder">
          <valueInteger value="12" />
        </extension>
        <code value="23968004" />
        <display value="Chirurgischer Eingriff (Kolektomie) aufgrund eines Megakolons, einer Perforation oder einer refraktären Kolitis" />
        <designation>
          <language value="en-US" />
          <use>
            <system value="http://snomed.info/sct" />
            <code value="900000000000003001" />
          </use>
          <value value="Excision of colon (procedure)" />
        </designation>
      </concept>
      <concept>
        <extension url="http://hl7.org/fhir/StructureDefinition/valueset-conceptOrder">
          <valueInteger value="11" />
        </extension>
        <code value="419620001:{42752001=186431008}" />
        <display value="Tod innerhalb von 30 Tage nach Diagnosestellung einer C.-difficile-Infektion in Zusammenhang mit der Erkrankung" />
        <designation>
          <language value="en-US" />
          <use>
            <system value="http://snomed.info/sct" />
            <code value="1119454002" />
          </use>
          <value value="419620001 | Death (event) | : {42752001 | Due to (attribute) | = 186431008 | Infection caused by Clostridioides difficile (disorder) |}" />
        </designation>
      </concept>
    </include>
    <include>
      <system value="http://terminology.hl7.org/CodeSystem/v3-NullFlavor" />
      <version value="2.1.0" />
      <concept>
        <extension url="http://hl7.org/fhir/StructureDefinition/valueset-conceptOrder">
          <valueInteger value="999" />
        </extension>
        <code value="ASKU" />
        <display value="asked but unknown" />
      </concept>
      <concept>
        <extension url="http://hl7.org/fhir/StructureDefinition/valueset-conceptOrder">
          <valueInteger value="1000" />
        </extension>
        <code value="NASK" />
        <display value="not asked" />
      </concept>
    </include>
  </compose>
</ValueSet>