<?xml version="1.0" encoding="utf-8"?>
<ValueSet xmlns="http://hl7.org/fhir">
  <id value="answerSetSPYP" />
  <url value="https://demis.rki.de/fhir/ValueSet/answerSetSPYP" />
  <version value="1.4.1" />
  <name value="AnswerSetSPYP" />
  <title value="AnswerSet für Scharlach, Beta-hämolysierenden Streptokokken der Gruppe A" />
  <status value="active" />
  <experimental value="false" />
  <date value="2024-09-09" />
  <publisher value="Robert Koch-Institut" />
  <description value="Das ValueSet AnswerSetSPYP enthält die Codes der Answer-Codes für Scharlach, Beta-hämolysierenden Streptokokken der Gruppe A." />
  <copyright value="This material includes SNOMED Clinical Terms® (SNOMED CT®) which is used by permission of the International Health Terminology Standards Development Organisation (IHTSDO). All rights reserved. SNOMED CT®, was originally created by The College of American Pathologists. “SNOMED” and “SNOMED CT” are registered trademarks of the IHTSDO.&#xD;&#xA;&#xD;&#xA;Dieses Material enthält SNOMED Clinical Terms® (SNOMED CT®), die mit Genehmigung der International Health Terminology Standards Development Organisation (IHTSDO) verwendet werden. Alle Rechte vorbehalten. SNOMED CT® wurde ursprünglich vom College of American Pathologists entwickelt. &quot;SNOMED&quot; und &quot;SNOMED CT&quot; sind eingetragene Warenzeichen der IHTSDO.&#xD;&#xA;&#xD;&#xA;Downloadbedingungen für SNOMED-CT&#xD;&#xA;&#xD;&#xA;Enthält durch SNOMED International urheberrechtlich geschützte Information. Jede Verwendung von SNOMED CT in Deutschland erfordert eine vollgültige Affiliate Lizenz oder eine Sublizenz. Die entsprechende Lizenz ist kostenlos, vorausgesetzt die Verwendung findet nur in Deutschland statt und erfüllt die Bedingungen des Affiliate License Agreements. Affiliate Lizenzen können über das Mitglieder-Lizenzierungs- und Distributions-Service (MLDS) direkt beim jeweiligen NRC beantragt werden. https://mlds.ihtsdotools.org/#/landing/DE?lang=de&#xD;&#xA;&#xD;&#xA;Contains information protected by copyright of SNOMED International. Any use of SNOMED CT in Austria requires a valid affiliate license or sublicense. The corresponding license is free of charge, provided that the use only takes place in Austria and fulfills the conditions of the Affiliate License Agreement. Affiliate licenses can be requested directly from the respective NRC via the Member Licensing and Distribution Service (MLDS). ttps://mlds.ihtsdotools.org/#/landing/DE?lang=de" />
  <compose>
    <include>
      <system value="http://snomed.info/sct" />
      <version value="http://snomed.info/sct/11000274103/version/20240515" />
      <concept>
        <extension url="http://hl7.org/fhir/StructureDefinition/valueset-conceptOrder">
          <valueInteger value="0" />
        </extension>
        <code value="26181000087102" />
        <display value="Streptococcus pyogenes type emm183 (organism)" />
        <designation>
          <language value="en-US" />
          <use>
            <system value="http://snomed.info/sct" />
            <code value="900000000000003001" />
          </use>
          <value value="Streptococcus pyogenes type emm183 (organism)" />
        </designation>
        <designation>
          <language value="de-DE" />
          <value value="Streptococcus pyogenes, Typ emm183" />
        </designation>
      </concept>
      <concept>
        <extension url="http://hl7.org/fhir/StructureDefinition/valueset-conceptOrder">
          <valueInteger value="0" />
        </extension>
        <code value="26191000087100" />
        <display value="Streptococcus pyogenes type emm169 (organism)" />
        <designation>
          <language value="en-US" />
          <use>
            <system value="http://snomed.info/sct" />
            <code value="900000000000003001" />
          </use>
          <value value="Streptococcus pyogenes type emm169 (organism)" />
        </designation>
        <designation>
          <language value="de-DE" />
          <value value="Streptococcus pyogenes, Typ emm169" />
        </designation>
      </concept>
      <concept>
        <extension url="http://hl7.org/fhir/StructureDefinition/valueset-conceptOrder">
          <valueInteger value="0" />
        </extension>
        <code value="26211000087101" />
        <display value="Streptococcus pyogenes type emm161 (organism)" />
        <designation>
          <language value="en-US" />
          <use>
            <system value="http://snomed.info/sct" />
            <code value="900000000000003001" />
          </use>
          <value value="Streptococcus pyogenes type emm161 (organism)" />
        </designation>
        <designation>
          <language value="de-DE" />
          <value value="Streptococcus pyogenes, Typ emm161" />
        </designation>
      </concept>
      <concept>
        <extension url="http://hl7.org/fhir/StructureDefinition/valueset-conceptOrder">
          <valueInteger value="0" />
        </extension>
        <code value="427814005" />
        <display value="Streptococcus pyogenes type emm28 (organism)" />
        <designation>
          <language value="en-US" />
          <use>
            <system value="http://snomed.info/sct" />
            <code value="900000000000003001" />
          </use>
          <value value="Streptococcus pyogenes type emm28 (organism)" />
        </designation>
        <designation>
          <language value="de-DE" />
          <value value="Streptococcus pyogenes, Typ emm28" />
        </designation>
      </concept>
      <concept>
        <extension url="http://hl7.org/fhir/StructureDefinition/valueset-conceptOrder">
          <valueInteger value="0" />
        </extension>
        <code value="427821005" />
        <display value="Streptococcus pyogenes type emm48 (organism)" />
        <designation>
          <language value="en-US" />
          <use>
            <system value="http://snomed.info/sct" />
            <code value="900000000000003001" />
          </use>
          <value value="Streptococcus pyogenes type emm48 (organism)" />
        </designation>
        <designation>
          <language value="de-DE" />
          <value value="Streptococcus pyogenes, Typ emm48" />
        </designation>
      </concept>
      <concept>
        <extension url="http://hl7.org/fhir/StructureDefinition/valueset-conceptOrder">
          <valueInteger value="0" />
        </extension>
        <code value="427822003" />
        <display value="Streptococcus pyogenes type emm4 (organism)" />
        <designation>
          <language value="en-US" />
          <use>
            <system value="http://snomed.info/sct" />
            <code value="900000000000003001" />
          </use>
          <value value="Streptococcus pyogenes type emm4 (organism)" />
        </designation>
        <designation>
          <language value="de-DE" />
          <value value="Streptococcus pyogenes, Typ emm4" />
        </designation>
      </concept>
      <concept>
        <extension url="http://hl7.org/fhir/StructureDefinition/valueset-conceptOrder">
          <valueInteger value="0" />
        </extension>
        <code value="427823008" />
        <display value="Streptococcus pyogenes type emm73 (organism)" />
        <designation>
          <language value="en-US" />
          <use>
            <system value="http://snomed.info/sct" />
            <code value="900000000000003001" />
          </use>
          <value value="Streptococcus pyogenes type emm73 (organism)" />
        </designation>
        <designation>
          <language value="de-DE" />
          <value value="Streptococcus pyogenes, Typ emm73" />
        </designation>
      </concept>
      <concept>
        <extension url="http://hl7.org/fhir/StructureDefinition/valueset-conceptOrder">
          <valueInteger value="0" />
        </extension>
        <code value="428238003" />
        <display value="Streptococcus pyogenes type emm2 (organism)" />
        <designation>
          <language value="en-US" />
          <use>
            <system value="http://snomed.info/sct" />
            <code value="900000000000003001" />
          </use>
          <value value="Streptococcus pyogenes type emm2 (organism)" />
        </designation>
        <designation>
          <language value="de-DE" />
          <value value="Streptococcus pyogenes, Typ emm2" />
        </designation>
      </concept>
      <concept>
        <extension url="http://hl7.org/fhir/StructureDefinition/valueset-conceptOrder">
          <valueInteger value="0" />
        </extension>
        <code value="428254000" />
        <display value="Streptococcus pyogenes type emm58 (organism)" />
        <designation>
          <language value="en-US" />
          <use>
            <system value="http://snomed.info/sct" />
            <code value="900000000000003001" />
          </use>
          <value value="Streptococcus pyogenes type emm58 (organism)" />
        </designation>
        <designation>
          <language value="de-DE" />
          <value value="Streptococcus pyogenes, Typ emm58" />
        </designation>
      </concept>
      <concept>
        <extension url="http://hl7.org/fhir/StructureDefinition/valueset-conceptOrder">
          <valueInteger value="0" />
        </extension>
        <code value="428541006" />
        <display value="Streptococcus pyogenes type emm14 (organism)" />
        <designation>
          <language value="en-US" />
          <use>
            <system value="http://snomed.info/sct" />
            <code value="900000000000003001" />
          </use>
          <value value="Streptococcus pyogenes type emm14 (organism)" />
        </designation>
        <designation>
          <language value="de-DE" />
          <value value="Streptococcus pyogenes, Typ emm14" />
        </designation>
      </concept>
      <concept>
        <extension url="http://hl7.org/fhir/StructureDefinition/valueset-conceptOrder">
          <valueInteger value="0" />
        </extension>
        <code value="428542004" />
        <display value="Streptococcus pyogenes type emm77 (organism)" />
        <designation>
          <language value="en-US" />
          <use>
            <system value="http://snomed.info/sct" />
            <code value="900000000000003001" />
          </use>
          <value value="Streptococcus pyogenes type emm77 (organism)" />
        </designation>
        <designation>
          <language value="de-DE" />
          <value value="Streptococcus pyogenes, Typ emm77" />
        </designation>
      </concept>
      <concept>
        <extension url="http://hl7.org/fhir/StructureDefinition/valueset-conceptOrder">
          <valueInteger value="0" />
        </extension>
        <code value="428793005" />
        <display value="Streptococcus pyogenes type emm12 (organism)" />
        <designation>
          <language value="en-US" />
          <use>
            <system value="http://snomed.info/sct" />
            <code value="900000000000003001" />
          </use>
          <value value="Streptococcus pyogenes type emm12 (organism)" />
        </designation>
        <designation>
          <language value="de-DE" />
          <value value="Streptococcus pyogenes, Typ emm12" />
        </designation>
      </concept>
      <concept>
        <extension url="http://hl7.org/fhir/StructureDefinition/valueset-conceptOrder">
          <valueInteger value="0" />
        </extension>
        <code value="428854005" />
        <display value="Streptococcus pyogenes type emm1 (organism)" />
        <designation>
          <language value="en-US" />
          <use>
            <system value="http://snomed.info/sct" />
            <code value="900000000000003001" />
          </use>
          <value value="Streptococcus pyogenes type emm1 (organism)" />
        </designation>
        <designation>
          <language value="de-DE" />
          <value value="Streptococcus pyogenes, Typ emm1" />
        </designation>
      </concept>
      <concept>
        <extension url="http://hl7.org/fhir/StructureDefinition/valueset-conceptOrder">
          <valueInteger value="0" />
        </extension>
        <code value="428855006" />
        <display value="Streptococcus pyogenes type emm90 (organism)" />
        <designation>
          <language value="en-US" />
          <use>
            <system value="http://snomed.info/sct" />
            <code value="900000000000003001" />
          </use>
          <value value="Streptococcus pyogenes type emm90 (organism)" />
        </designation>
        <designation>
          <language value="de-DE" />
          <value value="Streptococcus pyogenes, Typ emm90" />
        </designation>
      </concept>
      <concept>
        <extension url="http://hl7.org/fhir/StructureDefinition/valueset-conceptOrder">
          <valueInteger value="0" />
        </extension>
        <code value="429336006" />
        <display value="Streptococcus pyogenes type emm5 (organism)" />
        <designation>
          <language value="en-US" />
          <use>
            <system value="http://snomed.info/sct" />
            <code value="900000000000003001" />
          </use>
          <value value="Streptococcus pyogenes type emm5 (organism)" />
        </designation>
        <designation>
          <language value="de-DE" />
          <value value="Streptococcus pyogenes, Typ emm5" />
        </designation>
      </concept>
      <concept>
        <extension url="http://hl7.org/fhir/StructureDefinition/valueset-conceptOrder">
          <valueInteger value="0" />
        </extension>
        <code value="429337002" />
        <display value="Streptococcus pyogenes type emm89 (organism)" />
        <designation>
          <language value="en-US" />
          <use>
            <system value="http://snomed.info/sct" />
            <code value="900000000000003001" />
          </use>
          <value value="Streptococcus pyogenes type emm89 (organism)" />
        </designation>
        <designation>
          <language value="de-DE" />
          <value value="Streptococcus pyogenes, Typ emm89" />
        </designation>
      </concept>
      <concept>
        <extension url="http://hl7.org/fhir/StructureDefinition/valueset-conceptOrder">
          <valueInteger value="0" />
        </extension>
        <code value="438977000" />
        <display value="Streptococcus pyogenes type emm118 (organism)" />
        <designation>
          <language value="en-US" />
          <use>
            <system value="http://snomed.info/sct" />
            <code value="900000000000003001" />
          </use>
          <value value="Streptococcus pyogenes type emm118 (organism)" />
        </designation>
        <designation>
          <language value="de-DE" />
          <value value="Streptococcus pyogenes, Typ emm118" />
        </designation>
      </concept>
      <concept>
        <extension url="http://hl7.org/fhir/StructureDefinition/valueset-conceptOrder">
          <valueInteger value="0" />
        </extension>
        <code value="438978005" />
        <display value="Streptococcus pyogenes type emm44 (organism)" />
        <designation>
          <language value="en-US" />
          <use>
            <system value="http://snomed.info/sct" />
            <code value="900000000000003001" />
          </use>
          <value value="Streptococcus pyogenes type emm44 (organism)" />
        </designation>
        <designation>
          <language value="de-DE" />
          <value value="Streptococcus pyogenes, Typ emm44" />
        </designation>
      </concept>
      <concept>
        <extension url="http://hl7.org/fhir/StructureDefinition/valueset-conceptOrder">
          <valueInteger value="0" />
        </extension>
        <code value="439294004" />
        <display value="Streptococcus pyogenes type emm61 (organism)" />
        <designation>
          <language value="en-US" />
          <use>
            <system value="http://snomed.info/sct" />
            <code value="900000000000003001" />
          </use>
          <value value="Streptococcus pyogenes type emm61 (organism)" />
        </designation>
        <designation>
          <language value="de-DE" />
          <value value="Streptococcus pyogenes, Typ emm61" />
        </designation>
      </concept>
      <concept>
        <extension url="http://hl7.org/fhir/StructureDefinition/valueset-conceptOrder">
          <valueInteger value="0" />
        </extension>
        <code value="441723002" />
        <display value="Streptococcus pyogenes type emm76 (organism)" />
        <designation>
          <language value="en-US" />
          <use>
            <system value="http://snomed.info/sct" />
            <code value="900000000000003001" />
          </use>
          <value value="Streptococcus pyogenes type emm76 (organism)" />
        </designation>
        <designation>
          <language value="de-DE" />
          <value value="Streptococcus pyogenes, Typ emm76" />
        </designation>
      </concept>
      <concept>
        <extension url="http://hl7.org/fhir/StructureDefinition/valueset-conceptOrder">
          <valueInteger value="0" />
        </extension>
        <code value="442785005" />
        <display value="Streptococcus pyogenes type emm27 (organism)" />
        <designation>
          <language value="en-US" />
          <use>
            <system value="http://snomed.info/sct" />
            <code value="900000000000003001" />
          </use>
          <value value="Streptococcus pyogenes type emm27 (organism)" />
        </designation>
        <designation>
          <language value="de-DE" />
          <value value="Streptococcus pyogenes, Typ emm27" />
        </designation>
      </concept>
      <concept>
        <extension url="http://hl7.org/fhir/StructureDefinition/valueset-conceptOrder">
          <valueInteger value="0" />
        </extension>
        <code value="442786006" />
        <display value="Streptococcus pyogenes type emm26 (organism)" />
        <designation>
          <language value="en-US" />
          <use>
            <system value="http://snomed.info/sct" />
            <code value="900000000000003001" />
          </use>
          <value value="Streptococcus pyogenes type emm26 (organism)" />
        </designation>
        <designation>
          <language value="de-DE" />
          <value value="Streptococcus pyogenes, Typ emm26" />
        </designation>
      </concept>
      <concept>
        <extension url="http://hl7.org/fhir/StructureDefinition/valueset-conceptOrder">
          <valueInteger value="0" />
        </extension>
        <code value="442794004" />
        <display value="Streptococcus pyogenes type emm45 (organism)" />
        <designation>
          <language value="en-US" />
          <use>
            <system value="http://snomed.info/sct" />
            <code value="900000000000003001" />
          </use>
          <value value="Streptococcus pyogenes type emm45 (organism)" />
        </designation>
        <designation>
          <language value="de-DE" />
          <value value="Streptococcus pyogenes, Typ emm45" />
        </designation>
      </concept>
      <concept>
        <extension url="http://hl7.org/fhir/StructureDefinition/valueset-conceptOrder">
          <valueInteger value="0" />
        </extension>
        <code value="442799009" />
        <display value="Streptococcus pyogenes type emm41 (organism)" />
        <designation>
          <language value="en-US" />
          <use>
            <system value="http://snomed.info/sct" />
            <code value="900000000000003001" />
          </use>
          <value value="Streptococcus pyogenes type emm41 (organism)" />
        </designation>
        <designation>
          <language value="de-DE" />
          <value value="Streptococcus pyogenes, Typ emm41" />
        </designation>
      </concept>
      <concept>
        <extension url="http://hl7.org/fhir/StructureDefinition/valueset-conceptOrder">
          <valueInteger value="0" />
        </extension>
        <code value="442800008" />
        <display value="Streptococcus pyogenes type emm40 (organism)" />
        <designation>
          <language value="en-US" />
          <use>
            <system value="http://snomed.info/sct" />
            <code value="900000000000003001" />
          </use>
          <value value="Streptococcus pyogenes type emm40 (organism)" />
        </designation>
        <designation>
          <language value="de-DE" />
          <value value="Streptococcus pyogenes, Typ emm40" />
        </designation>
      </concept>
      <concept>
        <extension url="http://hl7.org/fhir/StructureDefinition/valueset-conceptOrder">
          <valueInteger value="0" />
        </extension>
        <code value="442801007" />
        <display value="Streptococcus pyogenes type emm39 (organism)" />
        <designation>
          <language value="en-US" />
          <use>
            <system value="http://snomed.info/sct" />
            <code value="900000000000003001" />
          </use>
          <value value="Streptococcus pyogenes type emm39 (organism)" />
        </designation>
        <designation>
          <language value="de-DE" />
          <value value="Streptococcus pyogenes, Typ emm39" />
        </designation>
      </concept>
      <concept>
        <extension url="http://hl7.org/fhir/StructureDefinition/valueset-conceptOrder">
          <valueInteger value="0" />
        </extension>
        <code value="442802000" />
        <display value="Streptococcus pyogenes type emm38 (organism)" />
        <designation>
          <language value="en-US" />
          <use>
            <system value="http://snomed.info/sct" />
            <code value="900000000000003001" />
          </use>
          <value value="Streptococcus pyogenes type emm38 (organism)" />
        </designation>
        <designation>
          <language value="de-DE" />
          <value value="Streptococcus pyogenes, Typ emm38" />
        </designation>
      </concept>
      <concept>
        <extension url="http://hl7.org/fhir/StructureDefinition/valueset-conceptOrder">
          <valueInteger value="0" />
        </extension>
        <code value="442809009" />
        <display value="Streptococcus pyogenes type emm99 (organism)" />
        <designation>
          <language value="en-US" />
          <use>
            <system value="http://snomed.info/sct" />
            <code value="900000000000003001" />
          </use>
          <value value="Streptococcus pyogenes type emm99 (organism)" />
        </designation>
        <designation>
          <language value="de-DE" />
          <value value="Streptococcus pyogenes, Typ emm99" />
        </designation>
      </concept>
      <concept>
        <extension url="http://hl7.org/fhir/StructureDefinition/valueset-conceptOrder">
          <valueInteger value="0" />
        </extension>
        <code value="442810004" />
        <display value="Streptococcus pyogenes type emm98 (organism)" />
        <designation>
          <language value="en-US" />
          <use>
            <system value="http://snomed.info/sct" />
            <code value="900000000000003001" />
          </use>
          <value value="Streptococcus pyogenes type emm98 (organism)" />
        </designation>
        <designation>
          <language value="de-DE" />
          <value value="Streptococcus pyogenes, Typ emm98" />
        </designation>
      </concept>
      <concept>
        <extension url="http://hl7.org/fhir/StructureDefinition/valueset-conceptOrder">
          <valueInteger value="0" />
        </extension>
        <code value="442812007" />
        <display value="Streptococcus pyogenes type emm37 (organism)" />
        <designation>
          <language value="en-US" />
          <use>
            <system value="http://snomed.info/sct" />
            <code value="900000000000003001" />
          </use>
          <value value="Streptococcus pyogenes type emm37 (organism)" />
        </designation>
        <designation>
          <language value="de-DE" />
          <value value="Streptococcus pyogenes, Typ emm37" />
        </designation>
      </concept>
      <concept>
        <extension url="http://hl7.org/fhir/StructureDefinition/valueset-conceptOrder">
          <valueInteger value="0" />
        </extension>
        <code value="442813002" />
        <display value="Streptococcus pyogenes type emm3 (organism)" />
        <designation>
          <language value="en-US" />
          <use>
            <system value="http://snomed.info/sct" />
            <code value="900000000000003001" />
          </use>
          <value value="Streptococcus pyogenes type emm3 (organism)" />
        </designation>
        <designation>
          <language value="de-DE" />
          <value value="Streptococcus pyogenes, Typ emm3" />
        </designation>
      </concept>
      <concept>
        <extension url="http://hl7.org/fhir/StructureDefinition/valueset-conceptOrder">
          <valueInteger value="0" />
        </extension>
        <code value="442814008" />
        <display value="Streptococcus pyogenes type emm97 (organism)" />
        <designation>
          <language value="en-US" />
          <use>
            <system value="http://snomed.info/sct" />
            <code value="900000000000003001" />
          </use>
          <value value="Streptococcus pyogenes type emm97 (organism)" />
        </designation>
        <designation>
          <language value="de-DE" />
          <value value="Streptococcus pyogenes, Typ emm97" />
        </designation>
      </concept>
      <concept>
        <extension url="http://hl7.org/fhir/StructureDefinition/valueset-conceptOrder">
          <valueInteger value="0" />
        </extension>
        <code value="442815009" />
        <display value="Streptococcus pyogenes type emm96 (organism)" />
        <designation>
          <language value="en-US" />
          <use>
            <system value="http://snomed.info/sct" />
            <code value="900000000000003001" />
          </use>
          <value value="Streptococcus pyogenes type emm96 (organism)" />
        </designation>
        <designation>
          <language value="de-DE" />
          <value value="Streptococcus pyogenes, Typ emm96" />
        </designation>
      </concept>
      <concept>
        <extension url="http://hl7.org/fhir/StructureDefinition/valueset-conceptOrder">
          <valueInteger value="0" />
        </extension>
        <code value="442816005" />
        <display value="Streptococcus pyogenes type emm46 (organism)" />
        <designation>
          <language value="en-US" />
          <use>
            <system value="http://snomed.info/sct" />
            <code value="900000000000003001" />
          </use>
          <value value="Streptococcus pyogenes type emm46 (organism)" />
        </designation>
        <designation>
          <language value="de-DE" />
          <value value="Streptococcus pyogenes, Typ emm46" />
        </designation>
      </concept>
      <concept>
        <extension url="http://hl7.org/fhir/StructureDefinition/valueset-conceptOrder">
          <valueInteger value="0" />
        </extension>
        <code value="442820009" />
        <display value="Streptococcus pyogenes type emm91 (organism)" />
        <designation>
          <language value="en-US" />
          <use>
            <system value="http://snomed.info/sct" />
            <code value="900000000000003001" />
          </use>
          <value value="Streptococcus pyogenes type emm91 (organism)" />
        </designation>
        <designation>
          <language value="de-DE" />
          <value value="Streptococcus pyogenes, Typ emm91" />
        </designation>
      </concept>
      <concept>
        <extension url="http://hl7.org/fhir/StructureDefinition/valueset-conceptOrder">
          <valueInteger value="0" />
        </extension>
        <code value="442821008" />
        <display value="Streptococcus pyogenes type emm9 (organism)" />
        <designation>
          <language value="en-US" />
          <use>
            <system value="http://snomed.info/sct" />
            <code value="900000000000003001" />
          </use>
          <value value="Streptococcus pyogenes type emm9 (organism)" />
        </designation>
        <designation>
          <language value="de-DE" />
          <value value="Streptococcus pyogenes, Typ emm9" />
        </designation>
      </concept>
      <concept>
        <extension url="http://hl7.org/fhir/StructureDefinition/valueset-conceptOrder">
          <valueInteger value="0" />
        </extension>
        <code value="442824000" />
        <display value="Streptococcus pyogenes type emm36 (organism)" />
        <designation>
          <language value="en-US" />
          <use>
            <system value="http://snomed.info/sct" />
            <code value="900000000000003001" />
          </use>
          <value value="Streptococcus pyogenes type emm36 (organism)" />
        </designation>
        <designation>
          <language value="de-DE" />
          <value value="Streptococcus pyogenes, Typ emm36" />
        </designation>
      </concept>
      <concept>
        <extension url="http://hl7.org/fhir/StructureDefinition/valueset-conceptOrder">
          <valueInteger value="0" />
        </extension>
        <code value="442825004" />
        <display value="Streptococcus pyogenes type emm35 (organism)" />
        <designation>
          <language value="en-US" />
          <use>
            <system value="http://snomed.info/sct" />
            <code value="900000000000003001" />
          </use>
          <value value="Streptococcus pyogenes type emm35 (organism)" />
        </designation>
        <designation>
          <language value="de-DE" />
          <value value="Streptococcus pyogenes, Typ emm35" />
        </designation>
      </concept>
      <concept>
        <extension url="http://hl7.org/fhir/StructureDefinition/valueset-conceptOrder">
          <valueInteger value="0" />
        </extension>
        <code value="442826003" />
        <display value="Streptococcus pyogenes type emm34 (organism)" />
        <designation>
          <language value="en-US" />
          <use>
            <system value="http://snomed.info/sct" />
            <code value="900000000000003001" />
          </use>
          <value value="Streptococcus pyogenes type emm34 (organism)" />
        </designation>
        <designation>
          <language value="de-DE" />
          <value value="Streptococcus pyogenes, Typ emm34" />
        </designation>
      </concept>
      <concept>
        <extension url="http://hl7.org/fhir/StructureDefinition/valueset-conceptOrder">
          <valueInteger value="0" />
        </extension>
        <code value="442827007" />
        <display value="Streptococcus pyogenes type emm29 (organism)" />
        <designation>
          <language value="en-US" />
          <use>
            <system value="http://snomed.info/sct" />
            <code value="900000000000003001" />
          </use>
          <value value="Streptococcus pyogenes type emm29 (organism)" />
        </designation>
        <designation>
          <language value="de-DE" />
          <value value="Streptococcus pyogenes, Typ emm29" />
        </designation>
      </concept>
      <concept>
        <extension url="http://hl7.org/fhir/StructureDefinition/valueset-conceptOrder">
          <valueInteger value="0" />
        </extension>
        <code value="442834009" />
        <display value="Streptococcus pyogenes type emm114 (organism)" />
        <designation>
          <language value="en-US" />
          <use>
            <system value="http://snomed.info/sct" />
            <code value="900000000000003001" />
          </use>
          <value value="Streptococcus pyogenes type emm114 (organism)" />
        </designation>
        <designation>
          <language value="de-DE" />
          <value value="Streptococcus pyogenes, Typ emm114" />
        </designation>
      </concept>
      <concept>
        <extension url="http://hl7.org/fhir/StructureDefinition/valueset-conceptOrder">
          <valueInteger value="0" />
        </extension>
        <code value="442835005" />
        <display value="Streptococcus pyogenes type emm113 (organism)" />
        <designation>
          <language value="en-US" />
          <use>
            <system value="http://snomed.info/sct" />
            <code value="900000000000003001" />
          </use>
          <value value="Streptococcus pyogenes type emm113 (organism)" />
        </designation>
        <designation>
          <language value="de-DE" />
          <value value="Streptococcus pyogenes, Typ emm113" />
        </designation>
      </concept>
      <concept>
        <extension url="http://hl7.org/fhir/StructureDefinition/valueset-conceptOrder">
          <valueInteger value="0" />
        </extension>
        <code value="442838007" />
        <display value="Streptococcus pyogenes type emm88 (organism)" />
        <designation>
          <language value="en-US" />
          <use>
            <system value="http://snomed.info/sct" />
            <code value="900000000000003001" />
          </use>
          <value value="Streptococcus pyogenes type emm88 (organism)" />
        </designation>
        <designation>
          <language value="de-DE" />
          <value value="Streptococcus pyogenes, Typ emm88" />
        </designation>
      </concept>
      <concept>
        <extension url="http://hl7.org/fhir/StructureDefinition/valueset-conceptOrder">
          <valueInteger value="0" />
        </extension>
        <code value="442839004" />
        <display value="Streptococcus pyogenes type emm87 (organism)" />
        <designation>
          <language value="en-US" />
          <use>
            <system value="http://snomed.info/sct" />
            <code value="900000000000003001" />
          </use>
          <value value="Streptococcus pyogenes type emm87 (organism)" />
        </designation>
        <designation>
          <language value="de-DE" />
          <value value="Streptococcus pyogenes, Typ emm87" />
        </designation>
      </concept>
      <concept>
        <extension url="http://hl7.org/fhir/StructureDefinition/valueset-conceptOrder">
          <valueInteger value="0" />
        </extension>
        <code value="442846008" />
        <display value="Streptococcus pyogenes type emm75 (organism)" />
        <designation>
          <language value="en-US" />
          <use>
            <system value="http://snomed.info/sct" />
            <code value="900000000000003001" />
          </use>
          <value value="Streptococcus pyogenes type emm75 (organism)" />
        </designation>
        <designation>
          <language value="de-DE" />
          <value value="Streptococcus pyogenes, Typ emm75" />
        </designation>
      </concept>
      <concept>
        <extension url="http://hl7.org/fhir/StructureDefinition/valueset-conceptOrder">
          <valueInteger value="0" />
        </extension>
        <code value="442850001" />
        <display value="Streptococcus pyogenes type emm51 (organism)" />
        <designation>
          <language value="en-US" />
          <use>
            <system value="http://snomed.info/sct" />
            <code value="900000000000003001" />
          </use>
          <value value="Streptococcus pyogenes type emm51 (organism)" />
        </designation>
        <designation>
          <language value="de-DE" />
          <value value="Streptococcus pyogenes, Typ emm51" />
        </designation>
      </concept>
      <concept>
        <extension url="http://hl7.org/fhir/StructureDefinition/valueset-conceptOrder">
          <valueInteger value="0" />
        </extension>
        <code value="442851002" />
        <display value="Streptococcus pyogenes type emm50 (organism)" />
        <designation>
          <language value="en-US" />
          <use>
            <system value="http://snomed.info/sct" />
            <code value="900000000000003001" />
          </use>
          <value value="Streptococcus pyogenes type emm50 (organism)" />
        </designation>
        <designation>
          <language value="de-DE" />
          <value value="Streptococcus pyogenes, Typ emm50" />
        </designation>
      </concept>
      <concept>
        <extension url="http://hl7.org/fhir/StructureDefinition/valueset-conceptOrder">
          <valueInteger value="0" />
        </extension>
        <code value="442852009" />
        <display value="Streptococcus pyogenes type emm49 (organism)" />
        <designation>
          <language value="en-US" />
          <use>
            <system value="http://snomed.info/sct" />
            <code value="900000000000003001" />
          </use>
          <value value="Streptococcus pyogenes type emm49 (organism)" />
        </designation>
        <designation>
          <language value="de-DE" />
          <value value="Streptococcus pyogenes, Typ emm49" />
        </designation>
      </concept>
      <concept>
        <extension url="http://hl7.org/fhir/StructureDefinition/valueset-conceptOrder">
          <valueInteger value="0" />
        </extension>
        <code value="442853004" />
        <display value="Streptococcus pyogenes type emm47 (organism)" />
        <designation>
          <language value="en-US" />
          <use>
            <system value="http://snomed.info/sct" />
            <code value="900000000000003001" />
          </use>
          <value value="Streptococcus pyogenes type emm47 (organism)" />
        </designation>
        <designation>
          <language value="de-DE" />
          <value value="Streptococcus pyogenes, Typ emm47" />
        </designation>
      </concept>
      <concept>
        <extension url="http://hl7.org/fhir/StructureDefinition/valueset-conceptOrder">
          <valueInteger value="0" />
        </extension>
        <code value="442856007" />
        <display value="Streptococcus pyogenes type emm81 (organism)" />
        <designation>
          <language value="en-US" />
          <use>
            <system value="http://snomed.info/sct" />
            <code value="900000000000003001" />
          </use>
          <value value="Streptococcus pyogenes type emm81 (organism)" />
        </designation>
        <designation>
          <language value="de-DE" />
          <value value="Streptococcus pyogenes, Typ emm81" />
        </designation>
      </concept>
      <concept>
        <extension url="http://hl7.org/fhir/StructureDefinition/valueset-conceptOrder">
          <valueInteger value="0" />
        </extension>
        <code value="442857003" />
        <display value="Streptococcus pyogenes type emm80 (organism)" />
        <designation>
          <language value="en-US" />
          <use>
            <system value="http://snomed.info/sct" />
            <code value="900000000000003001" />
          </use>
          <value value="Streptococcus pyogenes type emm80 (organism)" />
        </designation>
        <designation>
          <language value="de-DE" />
          <value value="Streptococcus pyogenes, Typ emm80" />
        </designation>
      </concept>
      <concept>
        <extension url="http://hl7.org/fhir/StructureDefinition/valueset-conceptOrder">
          <valueInteger value="0" />
        </extension>
        <code value="442862002" />
        <display value="Streptococcus pyogenes type emm68 (organism)" />
        <designation>
          <language value="en-US" />
          <use>
            <system value="http://snomed.info/sct" />
            <code value="900000000000003001" />
          </use>
          <value value="Streptococcus pyogenes type emm68 (organism)" />
        </designation>
        <designation>
          <language value="de-DE" />
          <value value="Streptococcus pyogenes, Typ emm68" />
        </designation>
      </concept>
      <concept>
        <extension url="http://hl7.org/fhir/StructureDefinition/valueset-conceptOrder">
          <valueInteger value="0" />
        </extension>
        <code value="442863007" />
        <display value="Streptococcus pyogenes type emm116 (organism)" />
        <designation>
          <language value="en-US" />
          <use>
            <system value="http://snomed.info/sct" />
            <code value="900000000000003001" />
          </use>
          <value value="Streptococcus pyogenes type emm116 (organism)" />
        </designation>
        <designation>
          <language value="de-DE" />
          <value value="Streptococcus pyogenes, Typ emm116" />
        </designation>
      </concept>
      <concept>
        <extension url="http://hl7.org/fhir/StructureDefinition/valueset-conceptOrder">
          <valueInteger value="0" />
        </extension>
        <code value="442872004" />
        <display value="Streptococcus pyogenes type emm6 (organism)" />
        <designation>
          <language value="en-US" />
          <use>
            <system value="http://snomed.info/sct" />
            <code value="900000000000003001" />
          </use>
          <value value="Streptococcus pyogenes type emm6 (organism)" />
        </designation>
        <designation>
          <language value="de-DE" />
          <value value="Streptococcus pyogenes, Typ emm6" />
        </designation>
      </concept>
      <concept>
        <extension url="http://hl7.org/fhir/StructureDefinition/valueset-conceptOrder">
          <valueInteger value="0" />
        </extension>
        <code value="442873009" />
        <display value="Streptococcus pyogenes type emm59 (organism)" />
        <designation>
          <language value="en-US" />
          <use>
            <system value="http://snomed.info/sct" />
            <code value="900000000000003001" />
          </use>
          <value value="Streptococcus pyogenes type emm59 (organism)" />
        </designation>
        <designation>
          <language value="de-DE" />
          <value value="Streptococcus pyogenes, Typ emm59" />
        </designation>
      </concept>
      <concept>
        <extension url="http://hl7.org/fhir/StructureDefinition/valueset-conceptOrder">
          <valueInteger value="0" />
        </extension>
        <code value="442879008" />
        <display value="Streptococcus pyogenes type emm115 (organism)" />
        <designation>
          <language value="en-US" />
          <use>
            <system value="http://snomed.info/sct" />
            <code value="900000000000003001" />
          </use>
          <value value="Streptococcus pyogenes type emm115 (organism)" />
        </designation>
        <designation>
          <language value="de-DE" />
          <value value="Streptococcus pyogenes, Typ emm115" />
        </designation>
      </concept>
      <concept>
        <extension url="http://hl7.org/fhir/StructureDefinition/valueset-conceptOrder">
          <valueInteger value="0" />
        </extension>
        <code value="442882003" />
        <display value="Streptococcus pyogenes type emm13 (organism)" />
        <designation>
          <language value="en-US" />
          <use>
            <system value="http://snomed.info/sct" />
            <code value="900000000000003001" />
          </use>
          <value value="Streptococcus pyogenes type emm13 (organism)" />
        </designation>
        <designation>
          <language value="de-DE" />
          <value value="Streptococcus pyogenes, Typ emm13" />
        </designation>
      </concept>
      <concept>
        <extension url="http://hl7.org/fhir/StructureDefinition/valueset-conceptOrder">
          <valueInteger value="0" />
        </extension>
        <code value="442895008" />
        <display value="Streptococcus pyogenes type emm21 (organism)" />
        <designation>
          <language value="en-US" />
          <use>
            <system value="http://snomed.info/sct" />
            <code value="900000000000003001" />
          </use>
          <value value="Streptococcus pyogenes type emm21 (organism)" />
        </designation>
        <designation>
          <language value="de-DE" />
          <value value="Streptococcus pyogenes, Typ emm21" />
        </designation>
      </concept>
      <concept>
        <extension url="http://hl7.org/fhir/StructureDefinition/valueset-conceptOrder">
          <valueInteger value="0" />
        </extension>
        <code value="442896009" />
        <display value="Streptococcus pyogenes type emm17 (organism)" />
        <designation>
          <language value="en-US" />
          <use>
            <system value="http://snomed.info/sct" />
            <code value="900000000000003001" />
          </use>
          <value value="Streptococcus pyogenes type emm17 (organism)" />
        </designation>
        <designation>
          <language value="de-DE" />
          <value value="Streptococcus pyogenes, Typ emm17" />
        </designation>
      </concept>
      <concept>
        <extension url="http://hl7.org/fhir/StructureDefinition/valueset-conceptOrder">
          <valueInteger value="0" />
        </extension>
        <code value="442897000" />
        <display value="Streptococcus pyogenes type emm16 (organism)" />
        <designation>
          <language value="en-US" />
          <use>
            <system value="http://snomed.info/sct" />
            <code value="900000000000003001" />
          </use>
          <value value="Streptococcus pyogenes type emm16 (organism)" />
        </designation>
        <designation>
          <language value="de-DE" />
          <value value="Streptococcus pyogenes, Typ emm16" />
        </designation>
      </concept>
      <concept>
        <extension url="http://hl7.org/fhir/StructureDefinition/valueset-conceptOrder">
          <valueInteger value="0" />
        </extension>
        <code value="442904003" />
        <display value="Streptococcus pyogenes type emm57 (organism)" />
        <designation>
          <language value="en-US" />
          <use>
            <system value="http://snomed.info/sct" />
            <code value="900000000000003001" />
          </use>
          <value value="Streptococcus pyogenes type emm57 (organism)" />
        </designation>
        <designation>
          <language value="de-DE" />
          <value value="Streptococcus pyogenes, Typ emm57" />
        </designation>
      </concept>
      <concept>
        <extension url="http://hl7.org/fhir/StructureDefinition/valueset-conceptOrder">
          <valueInteger value="0" />
        </extension>
        <code value="442905002" />
        <display value="Streptococcus pyogenes type emm56 (organism)" />
        <designation>
          <language value="en-US" />
          <use>
            <system value="http://snomed.info/sct" />
            <code value="900000000000003001" />
          </use>
          <value value="Streptococcus pyogenes type emm56 (organism)" />
        </designation>
        <designation>
          <language value="de-DE" />
          <value value="Streptococcus pyogenes, Typ emm56" />
        </designation>
      </concept>
      <concept>
        <extension url="http://hl7.org/fhir/StructureDefinition/valueset-conceptOrder">
          <valueInteger value="0" />
        </extension>
        <code value="442906001" />
        <display value="Streptococcus pyogenes type emm82 (organism)" />
        <designation>
          <language value="en-US" />
          <use>
            <system value="http://snomed.info/sct" />
            <code value="900000000000003001" />
          </use>
          <value value="Streptococcus pyogenes type emm82 (organism)" />
        </designation>
        <designation>
          <language value="de-DE" />
          <value value="Streptococcus pyogenes, Typ emm82" />
        </designation>
      </concept>
      <concept>
        <extension url="http://hl7.org/fhir/StructureDefinition/valueset-conceptOrder">
          <valueInteger value="0" />
        </extension>
        <code value="442922000" />
        <display value="Streptococcus pyogenes type emm20 (organism)" />
        <designation>
          <language value="en-US" />
          <use>
            <system value="http://snomed.info/sct" />
            <code value="900000000000003001" />
          </use>
          <value value="Streptococcus pyogenes type emm20 (organism)" />
        </designation>
        <designation>
          <language value="de-DE" />
          <value value="Streptococcus pyogenes, Typ emm20" />
        </designation>
      </concept>
      <concept>
        <extension url="http://hl7.org/fhir/StructureDefinition/valueset-conceptOrder">
          <valueInteger value="0" />
        </extension>
        <code value="442923005" />
        <display value="Streptococcus pyogenes type emm19 (organism)" />
        <designation>
          <language value="en-US" />
          <use>
            <system value="http://snomed.info/sct" />
            <code value="900000000000003001" />
          </use>
          <value value="Streptococcus pyogenes type emm19 (organism)" />
        </designation>
        <designation>
          <language value="de-DE" />
          <value value="Streptococcus pyogenes, Typ emm19" />
        </designation>
      </concept>
      <concept>
        <extension url="http://hl7.org/fhir/StructureDefinition/valueset-conceptOrder">
          <valueInteger value="0" />
        </extension>
        <code value="442929009" />
        <display value="Streptococcus pyogenes type emm43 (organism)" />
        <designation>
          <language value="en-US" />
          <use>
            <system value="http://snomed.info/sct" />
            <code value="900000000000003001" />
          </use>
          <value value="Streptococcus pyogenes type emm43 (organism)" />
        </designation>
        <designation>
          <language value="de-DE" />
          <value value="Streptococcus pyogenes, Typ emm43" />
        </designation>
      </concept>
      <concept>
        <extension url="http://hl7.org/fhir/StructureDefinition/valueset-conceptOrder">
          <valueInteger value="0" />
        </extension>
        <code value="442930004" />
        <display value="Streptococcus pyogenes type emm42 (organism)" />
        <designation>
          <language value="en-US" />
          <use>
            <system value="http://snomed.info/sct" />
            <code value="900000000000003001" />
          </use>
          <value value="Streptococcus pyogenes type emm42 (organism)" />
        </designation>
        <designation>
          <language value="de-DE" />
          <value value="Streptococcus pyogenes, Typ emm42" />
        </designation>
      </concept>
      <concept>
        <extension url="http://hl7.org/fhir/StructureDefinition/valueset-conceptOrder">
          <valueInteger value="0" />
        </extension>
        <code value="442932007" />
        <display value="Streptococcus pyogenes type emm67 (organism)" />
        <designation>
          <language value="en-US" />
          <use>
            <system value="http://snomed.info/sct" />
            <code value="900000000000003001" />
          </use>
          <value value="Streptococcus pyogenes type emm67 (organism)" />
        </designation>
        <designation>
          <language value="de-DE" />
          <value value="Streptococcus pyogenes, Typ emm67" />
        </designation>
      </concept>
      <concept>
        <extension url="http://hl7.org/fhir/StructureDefinition/valueset-conceptOrder">
          <valueInteger value="0" />
        </extension>
        <code value="442933002" />
        <display value="Streptococcus pyogenes type emm66 (organism)" />
        <designation>
          <language value="en-US" />
          <use>
            <system value="http://snomed.info/sct" />
            <code value="900000000000003001" />
          </use>
          <value value="Streptococcus pyogenes type emm66 (organism)" />
        </designation>
        <designation>
          <language value="de-DE" />
          <value value="Streptococcus pyogenes, Typ emm66" />
        </designation>
      </concept>
      <concept>
        <extension url="http://hl7.org/fhir/StructureDefinition/valueset-conceptOrder">
          <valueInteger value="0" />
        </extension>
        <code value="442934008" />
        <display value="Streptococcus pyogenes type emm65 (organism)" />
        <designation>
          <language value="en-US" />
          <use>
            <system value="http://snomed.info/sct" />
            <code value="900000000000003001" />
          </use>
          <value value="Streptococcus pyogenes type emm65 (organism)" />
        </designation>
        <designation>
          <language value="de-DE" />
          <value value="Streptococcus pyogenes, Typ emm65" />
        </designation>
      </concept>
      <concept>
        <extension url="http://hl7.org/fhir/StructureDefinition/valueset-conceptOrder">
          <valueInteger value="0" />
        </extension>
        <code value="442935009" />
        <display value="Streptococcus pyogenes type emm64 (organism)" />
        <designation>
          <language value="en-US" />
          <use>
            <system value="http://snomed.info/sct" />
            <code value="900000000000003001" />
          </use>
          <value value="Streptococcus pyogenes type emm64 (organism)" />
        </designation>
        <designation>
          <language value="de-DE" />
          <value value="Streptococcus pyogenes, Typ emm64" />
        </designation>
      </concept>
      <concept>
        <extension url="http://hl7.org/fhir/StructureDefinition/valueset-conceptOrder">
          <valueInteger value="0" />
        </extension>
        <code value="442940001" />
        <display value="Streptococcus pyogenes type emm79 (organism)" />
        <designation>
          <language value="en-US" />
          <use>
            <system value="http://snomed.info/sct" />
            <code value="900000000000003001" />
          </use>
          <value value="Streptococcus pyogenes type emm79 (organism)" />
        </designation>
        <designation>
          <language value="de-DE" />
          <value value="Streptococcus pyogenes, Typ emm79" />
        </designation>
      </concept>
      <concept>
        <extension url="http://hl7.org/fhir/StructureDefinition/valueset-conceptOrder">
          <valueInteger value="0" />
        </extension>
        <code value="442947003" />
        <display value="Streptococcus pyogenes type emm63 (organism)" />
        <designation>
          <language value="en-US" />
          <use>
            <system value="http://snomed.info/sct" />
            <code value="900000000000003001" />
          </use>
          <value value="Streptococcus pyogenes type emm63 (organism)" />
        </designation>
        <designation>
          <language value="de-DE" />
          <value value="Streptococcus pyogenes, Typ emm63" />
        </designation>
      </concept>
      <concept>
        <extension url="http://hl7.org/fhir/StructureDefinition/valueset-conceptOrder">
          <valueInteger value="0" />
        </extension>
        <code value="442948008" />
        <display value="Streptococcus pyogenes type emm62 (organism)" />
        <designation>
          <language value="en-US" />
          <use>
            <system value="http://snomed.info/sct" />
            <code value="900000000000003001" />
          </use>
          <value value="Streptococcus pyogenes type emm62 (organism)" />
        </designation>
        <designation>
          <language value="de-DE" />
          <value value="Streptococcus pyogenes, Typ emm62" />
        </designation>
      </concept>
      <concept>
        <extension url="http://hl7.org/fhir/StructureDefinition/valueset-conceptOrder">
          <valueInteger value="0" />
        </extension>
        <code value="442953003" />
        <display value="Streptococcus pyogenes type emm72 (organism)" />
        <designation>
          <language value="en-US" />
          <use>
            <system value="http://snomed.info/sct" />
            <code value="900000000000003001" />
          </use>
          <value value="Streptococcus pyogenes type emm72 (organism)" />
        </designation>
        <designation>
          <language value="de-DE" />
          <value value="Streptococcus pyogenes, Typ emm72" />
        </designation>
      </concept>
      <concept>
        <extension url="http://hl7.org/fhir/StructureDefinition/valueset-conceptOrder">
          <valueInteger value="0" />
        </extension>
        <code value="442954009" />
        <display value="Streptococcus pyogenes type emm71 (organism)" />
        <designation>
          <language value="en-US" />
          <use>
            <system value="http://snomed.info/sct" />
            <code value="900000000000003001" />
          </use>
          <value value="Streptococcus pyogenes type emm71 (organism)" />
        </designation>
        <designation>
          <language value="de-DE" />
          <value value="Streptococcus pyogenes, Typ emm71" />
        </designation>
      </concept>
      <concept>
        <extension url="http://hl7.org/fhir/StructureDefinition/valueset-conceptOrder">
          <valueInteger value="0" />
        </extension>
        <code value="442955005" />
        <display value="Streptococcus pyogenes type emm121 (organism)" />
        <designation>
          <language value="en-US" />
          <use>
            <system value="http://snomed.info/sct" />
            <code value="900000000000003001" />
          </use>
          <value value="Streptococcus pyogenes type emm121 (organism)" />
        </designation>
        <designation>
          <language value="de-DE" />
          <value value="Streptococcus pyogenes, Typ emm121" />
        </designation>
      </concept>
      <concept>
        <extension url="http://hl7.org/fhir/StructureDefinition/valueset-conceptOrder">
          <valueInteger value="0" />
        </extension>
        <code value="442956006" />
        <display value="Streptococcus pyogenes type emm120 (organism)" />
        <designation>
          <language value="en-US" />
          <use>
            <system value="http://snomed.info/sct" />
            <code value="900000000000003001" />
          </use>
          <value value="Streptococcus pyogenes type emm120 (organism)" />
        </designation>
        <designation>
          <language value="de-DE" />
          <value value="Streptococcus pyogenes, Typ emm120" />
        </designation>
      </concept>
      <concept>
        <extension url="http://hl7.org/fhir/StructureDefinition/valueset-conceptOrder">
          <valueInteger value="0" />
        </extension>
        <code value="442961008" />
        <display value="Streptococcus pyogenes type emm74 (organism)" />
        <designation>
          <language value="en-US" />
          <use>
            <system value="http://snomed.info/sct" />
            <code value="900000000000003001" />
          </use>
          <value value="Streptococcus pyogenes type emm74 (organism)" />
        </designation>
        <designation>
          <language value="de-DE" />
          <value value="Streptococcus pyogenes, Typ emm74" />
        </designation>
      </concept>
      <concept>
        <extension url="http://hl7.org/fhir/StructureDefinition/valueset-conceptOrder">
          <valueInteger value="0" />
        </extension>
        <code value="442962001" />
        <display value="Streptococcus pyogenes type emm112 (organism)" />
        <designation>
          <language value="en-US" />
          <use>
            <system value="http://snomed.info/sct" />
            <code value="900000000000003001" />
          </use>
          <value value="Streptococcus pyogenes type emm112 (organism)" />
        </designation>
        <designation>
          <language value="de-DE" />
          <value value="Streptococcus pyogenes, Typ emm112" />
        </designation>
      </concept>
      <concept>
        <extension url="http://hl7.org/fhir/StructureDefinition/valueset-conceptOrder">
          <valueInteger value="0" />
        </extension>
        <code value="442966003" />
        <display value="Streptococcus pyogenes type emm25 (organism)" />
        <designation>
          <language value="en-US" />
          <use>
            <system value="http://snomed.info/sct" />
            <code value="900000000000003001" />
          </use>
          <value value="Streptococcus pyogenes type emm25 (organism)" />
        </designation>
        <designation>
          <language value="de-DE" />
          <value value="Streptococcus pyogenes, Typ emm25" />
        </designation>
      </concept>
      <concept>
        <extension url="http://hl7.org/fhir/StructureDefinition/valueset-conceptOrder">
          <valueInteger value="0" />
        </extension>
        <code value="442967007" />
        <display value="Streptococcus pyogenes type emm24 (organism)" />
        <designation>
          <language value="en-US" />
          <use>
            <system value="http://snomed.info/sct" />
            <code value="900000000000003001" />
          </use>
          <value value="Streptococcus pyogenes type emm24 (organism)" />
        </designation>
        <designation>
          <language value="de-DE" />
          <value value="Streptococcus pyogenes, Typ emm24" />
        </designation>
      </concept>
      <concept>
        <extension url="http://hl7.org/fhir/StructureDefinition/valueset-conceptOrder">
          <valueInteger value="0" />
        </extension>
        <code value="442968002" />
        <display value="Streptococcus pyogenes type emm23 (organism)" />
        <designation>
          <language value="en-US" />
          <use>
            <system value="http://snomed.info/sct" />
            <code value="900000000000003001" />
          </use>
          <value value="Streptococcus pyogenes type emm23 (organism)" />
        </designation>
        <designation>
          <language value="de-DE" />
          <value value="Streptococcus pyogenes, Typ emm23" />
        </designation>
      </concept>
      <concept>
        <extension url="http://hl7.org/fhir/StructureDefinition/valueset-conceptOrder">
          <valueInteger value="0" />
        </extension>
        <code value="442969005" />
        <display value="Streptococcus pyogenes type emm22 (organism)" />
        <designation>
          <language value="en-US" />
          <use>
            <system value="http://snomed.info/sct" />
            <code value="900000000000003001" />
          </use>
          <value value="Streptococcus pyogenes type emm22 (organism)" />
        </designation>
        <designation>
          <language value="de-DE" />
          <value value="Streptococcus pyogenes, Typ emm22" />
        </designation>
      </concept>
      <concept>
        <extension url="http://hl7.org/fhir/StructureDefinition/valueset-conceptOrder">
          <valueInteger value="0" />
        </extension>
        <code value="442974002" />
        <display value="Streptococcus pyogenes type emm95 (organism)" />
        <designation>
          <language value="en-US" />
          <use>
            <system value="http://snomed.info/sct" />
            <code value="900000000000003001" />
          </use>
          <value value="Streptococcus pyogenes type emm95 (organism)" />
        </designation>
        <designation>
          <language value="de-DE" />
          <value value="Streptococcus pyogenes, Typ emm95" />
        </designation>
      </concept>
      <concept>
        <extension url="http://hl7.org/fhir/StructureDefinition/valueset-conceptOrder">
          <valueInteger value="0" />
        </extension>
        <code value="442975001" />
        <display value="Streptococcus pyogenes type emm94 (organism)" />
        <designation>
          <language value="en-US" />
          <use>
            <system value="http://snomed.info/sct" />
            <code value="900000000000003001" />
          </use>
          <value value="Streptococcus pyogenes type emm94 (organism)" />
        </designation>
        <designation>
          <language value="de-DE" />
          <value value="Streptococcus pyogenes, Typ emm94" />
        </designation>
      </concept>
      <concept>
        <extension url="http://hl7.org/fhir/StructureDefinition/valueset-conceptOrder">
          <valueInteger value="0" />
        </extension>
        <code value="442976000" />
        <display value="Streptococcus pyogenes type emm93 (organism)" />
        <designation>
          <language value="en-US" />
          <use>
            <system value="http://snomed.info/sct" />
            <code value="900000000000003001" />
          </use>
          <value value="Streptococcus pyogenes type emm93 (organism)" />
        </designation>
        <designation>
          <language value="de-DE" />
          <value value="Streptococcus pyogenes, Typ emm93" />
        </designation>
      </concept>
      <concept>
        <extension url="http://hl7.org/fhir/StructureDefinition/valueset-conceptOrder">
          <valueInteger value="0" />
        </extension>
        <code value="442977009" />
        <display value="Streptococcus pyogenes type emm92 (organism)" />
        <designation>
          <language value="en-US" />
          <use>
            <system value="http://snomed.info/sct" />
            <code value="900000000000003001" />
          </use>
          <value value="Streptococcus pyogenes type emm92 (organism)" />
        </designation>
        <designation>
          <language value="de-DE" />
          <value value="Streptococcus pyogenes, Typ emm92" />
        </designation>
      </concept>
      <concept>
        <extension url="http://hl7.org/fhir/StructureDefinition/valueset-conceptOrder">
          <valueInteger value="0" />
        </extension>
        <code value="442985000" />
        <display value="Streptococcus pyogenes type emm52 (organism)" />
        <designation>
          <language value="en-US" />
          <use>
            <system value="http://snomed.info/sct" />
            <code value="900000000000003001" />
          </use>
          <value value="Streptococcus pyogenes type emm52 (organism)" />
        </designation>
        <designation>
          <language value="de-DE" />
          <value value="Streptococcus pyogenes, Typ emm52" />
        </designation>
      </concept>
      <concept>
        <extension url="http://hl7.org/fhir/StructureDefinition/valueset-conceptOrder">
          <valueInteger value="0" />
        </extension>
        <code value="442988003" />
        <display value="Streptococcus pyogenes type emm15 (organism)" />
        <designation>
          <language value="en-US" />
          <use>
            <system value="http://snomed.info/sct" />
            <code value="900000000000003001" />
          </use>
          <value value="Streptococcus pyogenes type emm15 (organism)" />
        </designation>
        <designation>
          <language value="de-DE" />
          <value value="Streptococcus pyogenes, Typ emm15" />
        </designation>
      </concept>
      <concept>
        <extension url="http://hl7.org/fhir/StructureDefinition/valueset-conceptOrder">
          <valueInteger value="0" />
        </extension>
        <code value="442991003" />
        <display value="Streptococcus pyogenes type emm69 (organism)" />
        <designation>
          <language value="en-US" />
          <use>
            <system value="http://snomed.info/sct" />
            <code value="900000000000003001" />
          </use>
          <value value="Streptococcus pyogenes type emm69 (organism)" />
        </designation>
        <designation>
          <language value="de-DE" />
          <value value="Streptococcus pyogenes, Typ emm69" />
        </designation>
      </concept>
      <concept>
        <extension url="http://hl7.org/fhir/StructureDefinition/valueset-conceptOrder">
          <valueInteger value="0" />
        </extension>
        <code value="442995007" />
        <display value="Streptococcus pyogenes type emm119 (organism)" />
        <designation>
          <language value="en-US" />
          <use>
            <system value="http://snomed.info/sct" />
            <code value="900000000000003001" />
          </use>
          <value value="Streptococcus pyogenes type emm119 (organism)" />
        </designation>
        <designation>
          <language value="de-DE" />
          <value value="Streptococcus pyogenes, Typ emm119" />
        </designation>
      </concept>
      <concept>
        <extension url="http://hl7.org/fhir/StructureDefinition/valueset-conceptOrder">
          <valueInteger value="0" />
        </extension>
        <code value="442996008" />
        <display value="Streptococcus pyogenes type emm78 (organism)" />
        <designation>
          <language value="en-US" />
          <use>
            <system value="http://snomed.info/sct" />
            <code value="900000000000003001" />
          </use>
          <value value="Streptococcus pyogenes type emm78 (organism)" />
        </designation>
        <designation>
          <language value="de-DE" />
          <value value="Streptococcus pyogenes, Typ emm78" />
        </designation>
      </concept>
      <concept>
        <extension url="http://hl7.org/fhir/StructureDefinition/valueset-conceptOrder">
          <valueInteger value="0" />
        </extension>
        <code value="442998009" />
        <display value="Streptococcus pyogenes type emm18 (organism)" />
        <designation>
          <language value="en-US" />
          <use>
            <system value="http://snomed.info/sct" />
            <code value="900000000000003001" />
          </use>
          <value value="Streptococcus pyogenes type emm18 (organism)" />
        </designation>
        <designation>
          <language value="de-DE" />
          <value value="Streptococcus pyogenes, Typ emm18" />
        </designation>
      </concept>
      <concept>
        <extension url="http://hl7.org/fhir/StructureDefinition/valueset-conceptOrder">
          <valueInteger value="0" />
        </extension>
        <code value="443007002" />
        <display value="Streptococcus pyogenes type emm55 (organism)" />
        <designation>
          <language value="en-US" />
          <use>
            <system value="http://snomed.info/sct" />
            <code value="900000000000003001" />
          </use>
          <value value="Streptococcus pyogenes type emm55 (organism)" />
        </designation>
        <designation>
          <language value="de-DE" />
          <value value="Streptococcus pyogenes, Typ emm55" />
        </designation>
      </concept>
      <concept>
        <extension url="http://hl7.org/fhir/StructureDefinition/valueset-conceptOrder">
          <valueInteger value="0" />
        </extension>
        <code value="443008007" />
        <display value="Streptococcus pyogenes type emm54 (organism)" />
        <designation>
          <language value="en-US" />
          <use>
            <system value="http://snomed.info/sct" />
            <code value="900000000000003001" />
          </use>
          <value value="Streptococcus pyogenes type emm54 (organism)" />
        </designation>
        <designation>
          <language value="de-DE" />
          <value value="Streptococcus pyogenes, Typ emm54" />
        </designation>
      </concept>
      <concept>
        <extension url="http://hl7.org/fhir/StructureDefinition/valueset-conceptOrder">
          <valueInteger value="0" />
        </extension>
        <code value="443009004" />
        <display value="Streptococcus pyogenes type emm53 (organism)" />
        <designation>
          <language value="en-US" />
          <use>
            <system value="http://snomed.info/sct" />
            <code value="900000000000003001" />
          </use>
          <value value="Streptococcus pyogenes type emm53 (organism)" />
        </designation>
        <designation>
          <language value="de-DE" />
          <value value="Streptococcus pyogenes, Typ emm53" />
        </designation>
      </concept>
      <concept>
        <extension url="http://hl7.org/fhir/StructureDefinition/valueset-conceptOrder">
          <valueInteger value="0" />
        </extension>
        <code value="443010009" />
        <display value="Streptococcus pyogenes type emm117 (organism)" />
        <designation>
          <language value="en-US" />
          <use>
            <system value="http://snomed.info/sct" />
            <code value="900000000000003001" />
          </use>
          <value value="Streptococcus pyogenes type emm117 (organism)" />
        </designation>
        <designation>
          <language value="de-DE" />
          <value value="Streptococcus pyogenes, Typ emm117" />
        </designation>
      </concept>
      <concept>
        <extension url="http://hl7.org/fhir/StructureDefinition/valueset-conceptOrder">
          <valueInteger value="0" />
        </extension>
        <code value="443026005" />
        <display value="Streptococcus pyogenes type emm8 (organism)" />
        <designation>
          <language value="en-US" />
          <use>
            <system value="http://snomed.info/sct" />
            <code value="900000000000003001" />
          </use>
          <value value="Streptococcus pyogenes type emm8 (organism)" />
        </designation>
        <designation>
          <language value="de-DE" />
          <value value="Streptococcus pyogenes, Typ emm8" />
        </designation>
      </concept>
      <concept>
        <extension url="http://hl7.org/fhir/StructureDefinition/valueset-conceptOrder">
          <valueInteger value="0" />
        </extension>
        <code value="443027001" />
        <display value="Streptococcus pyogenes type emm60 (organism)" />
        <designation>
          <language value="en-US" />
          <use>
            <system value="http://snomed.info/sct" />
            <code value="900000000000003001" />
          </use>
          <value value="Streptococcus pyogenes type emm60 (organism)" />
        </designation>
        <designation>
          <language value="de-DE" />
          <value value="Streptococcus pyogenes, Typ emm60" />
        </designation>
      </concept>
      <concept>
        <extension url="http://hl7.org/fhir/StructureDefinition/valueset-conceptOrder">
          <valueInteger value="0" />
        </extension>
        <code value="443028006" />
        <display value="Streptococcus pyogenes type emm10 (organism)" />
        <designation>
          <language value="en-US" />
          <use>
            <system value="http://snomed.info/sct" />
            <code value="900000000000003001" />
          </use>
          <value value="Streptococcus pyogenes type emm10 (organism)" />
        </designation>
        <designation>
          <language value="de-DE" />
          <value value="Streptococcus pyogenes, Typ emm10" />
        </designation>
      </concept>
      <concept>
        <extension url="http://hl7.org/fhir/StructureDefinition/valueset-conceptOrder">
          <valueInteger value="0" />
        </extension>
        <code value="443031007" />
        <display value="Streptococcus pyogenes type emm70 (organism)" />
        <designation>
          <language value="en-US" />
          <use>
            <system value="http://snomed.info/sct" />
            <code value="900000000000003001" />
          </use>
          <value value="Streptococcus pyogenes type emm70 (organism)" />
        </designation>
        <designation>
          <language value="de-DE" />
          <value value="Streptococcus pyogenes, Typ emm70" />
        </designation>
      </concept>
      <concept>
        <extension url="http://hl7.org/fhir/StructureDefinition/valueset-conceptOrder">
          <valueInteger value="0" />
        </extension>
        <code value="443032000" />
        <display value="Streptococcus pyogenes type emm86 (organism)" />
        <designation>
          <language value="en-US" />
          <use>
            <system value="http://snomed.info/sct" />
            <code value="900000000000003001" />
          </use>
          <value value="Streptococcus pyogenes type emm86 (organism)" />
        </designation>
        <designation>
          <language value="de-DE" />
          <value value="Streptococcus pyogenes, Typ emm86" />
        </designation>
      </concept>
      <concept>
        <extension url="http://hl7.org/fhir/StructureDefinition/valueset-conceptOrder">
          <valueInteger value="0" />
        </extension>
        <code value="443033005" />
        <display value="Streptococcus pyogenes type emm85 (organism)" />
        <designation>
          <language value="en-US" />
          <use>
            <system value="http://snomed.info/sct" />
            <code value="900000000000003001" />
          </use>
          <value value="Streptococcus pyogenes type emm85 (organism)" />
        </designation>
        <designation>
          <language value="de-DE" />
          <value value="Streptococcus pyogenes, Typ emm85" />
        </designation>
      </concept>
      <concept>
        <extension url="http://hl7.org/fhir/StructureDefinition/valueset-conceptOrder">
          <valueInteger value="0" />
        </extension>
        <code value="443034004" />
        <display value="Streptococcus pyogenes type emm84 (organism)" />
        <designation>
          <language value="en-US" />
          <use>
            <system value="http://snomed.info/sct" />
            <code value="900000000000003001" />
          </use>
          <value value="Streptococcus pyogenes type emm84 (organism)" />
        </designation>
        <designation>
          <language value="de-DE" />
          <value value="Streptococcus pyogenes, Typ emm84" />
        </designation>
      </concept>
      <concept>
        <extension url="http://hl7.org/fhir/StructureDefinition/valueset-conceptOrder">
          <valueInteger value="0" />
        </extension>
        <code value="443035003" />
        <display value="Streptococcus pyogenes type emm83 (organism)" />
        <designation>
          <language value="en-US" />
          <use>
            <system value="http://snomed.info/sct" />
            <code value="900000000000003001" />
          </use>
          <value value="Streptococcus pyogenes type emm83 (organism)" />
        </designation>
        <designation>
          <language value="de-DE" />
          <value value="Streptococcus pyogenes, Typ emm83" />
        </designation>
      </concept>
      <concept>
        <extension url="http://hl7.org/fhir/StructureDefinition/valueset-conceptOrder">
          <valueInteger value="0" />
        </extension>
        <code value="443052004" />
        <display value="Streptococcus pyogenes type emm7 (organism)" />
        <designation>
          <language value="en-US" />
          <use>
            <system value="http://snomed.info/sct" />
            <code value="900000000000003001" />
          </use>
          <value value="Streptococcus pyogenes type emm7 (organism)" />
        </designation>
        <designation>
          <language value="de-DE" />
          <value value="Streptococcus pyogenes, Typ emm7" />
        </designation>
      </concept>
      <concept>
        <extension url="http://hl7.org/fhir/StructureDefinition/valueset-conceptOrder">
          <valueInteger value="0" />
        </extension>
        <code value="443053009" />
        <display value="Streptococcus pyogenes type emm100 (organism)" />
        <designation>
          <language value="en-US" />
          <use>
            <system value="http://snomed.info/sct" />
            <code value="900000000000003001" />
          </use>
          <value value="Streptococcus pyogenes type emm100 (organism)" />
        </designation>
        <designation>
          <language value="de-DE" />
          <value value="Streptococcus pyogenes, Typ emm100" />
        </designation>
      </concept>
      <concept>
        <extension url="http://hl7.org/fhir/StructureDefinition/valueset-conceptOrder">
          <valueInteger value="0" />
        </extension>
        <code value="443054003" />
        <display value="Streptococcus pyogenes type emm33 (organism)" />
        <designation>
          <language value="en-US" />
          <use>
            <system value="http://snomed.info/sct" />
            <code value="900000000000003001" />
          </use>
          <value value="Streptococcus pyogenes type emm33 (organism)" />
        </designation>
        <designation>
          <language value="de-DE" />
          <value value="Streptococcus pyogenes, Typ emm33" />
        </designation>
      </concept>
      <concept>
        <extension url="http://hl7.org/fhir/StructureDefinition/valueset-conceptOrder">
          <valueInteger value="0" />
        </extension>
        <code value="443055002" />
        <display value="Streptococcus pyogenes type emm32 (organism)" />
        <designation>
          <language value="en-US" />
          <use>
            <system value="http://snomed.info/sct" />
            <code value="900000000000003001" />
          </use>
          <value value="Streptococcus pyogenes type emm32 (organism)" />
        </designation>
        <designation>
          <language value="de-DE" />
          <value value="Streptococcus pyogenes, Typ emm32" />
        </designation>
      </concept>
      <concept>
        <extension url="http://hl7.org/fhir/StructureDefinition/valueset-conceptOrder">
          <valueInteger value="0" />
        </extension>
        <code value="443056001" />
        <display value="Streptococcus pyogenes type emm31 (organism)" />
        <designation>
          <language value="en-US" />
          <use>
            <system value="http://snomed.info/sct" />
            <code value="900000000000003001" />
          </use>
          <value value="Streptococcus pyogenes type emm31 (organism)" />
        </designation>
        <designation>
          <language value="de-DE" />
          <value value="Streptococcus pyogenes, Typ emm31" />
        </designation>
      </concept>
      <concept>
        <extension url="http://hl7.org/fhir/StructureDefinition/valueset-conceptOrder">
          <valueInteger value="0" />
        </extension>
        <code value="443057005" />
        <display value="Streptococcus pyogenes type emm30 (organism)" />
        <designation>
          <language value="en-US" />
          <use>
            <system value="http://snomed.info/sct" />
            <code value="900000000000003001" />
          </use>
          <value value="Streptococcus pyogenes type emm30 (organism)" />
        </designation>
        <designation>
          <language value="de-DE" />
          <value value="Streptococcus pyogenes, Typ emm30" />
        </designation>
      </concept>
      <concept>
        <extension url="http://hl7.org/fhir/StructureDefinition/valueset-conceptOrder">
          <valueInteger value="0" />
        </extension>
        <code value="443059008" />
        <display value="Streptococcus pyogenes type emm111 (organism)" />
        <designation>
          <language value="en-US" />
          <use>
            <system value="http://snomed.info/sct" />
            <code value="900000000000003001" />
          </use>
          <value value="Streptococcus pyogenes type emm111 (organism)" />
        </designation>
        <designation>
          <language value="de-DE" />
          <value value="Streptococcus pyogenes, Typ emm111" />
        </designation>
      </concept>
      <concept>
        <extension url="http://hl7.org/fhir/StructureDefinition/valueset-conceptOrder">
          <valueInteger value="0" />
        </extension>
        <code value="443060003" />
        <display value="Streptococcus pyogenes type emm11 (organism)" />
        <designation>
          <language value="en-US" />
          <use>
            <system value="http://snomed.info/sct" />
            <code value="900000000000003001" />
          </use>
          <value value="Streptococcus pyogenes type emm11 (organism)" />
        </designation>
        <designation>
          <language value="de-DE" />
          <value value="Streptococcus pyogenes, Typ emm11" />
        </designation>
      </concept>
      <concept>
        <extension url="http://hl7.org/fhir/StructureDefinition/valueset-conceptOrder">
          <valueInteger value="0" />
        </extension>
        <code value="698151001" />
        <display value="Streptococcus pyogenes type emm101 (organism)" />
        <designation>
          <language value="en-US" />
          <use>
            <system value="http://snomed.info/sct" />
            <code value="900000000000003001" />
          </use>
          <value value="Streptococcus pyogenes type emm101 (organism)" />
        </designation>
        <designation>
          <language value="de-DE" />
          <value value="Streptococcus pyogenes, Typ emm101" />
        </designation>
      </concept>
      <concept>
        <extension url="http://hl7.org/fhir/StructureDefinition/valueset-conceptOrder">
          <valueInteger value="0" />
        </extension>
        <code value="698152008" />
        <display value="Streptococcus pyogenes type emm102 (organism)" />
        <designation>
          <language value="en-US" />
          <use>
            <system value="http://snomed.info/sct" />
            <code value="900000000000003001" />
          </use>
          <value value="Streptococcus pyogenes type emm102 (organism)" />
        </designation>
        <designation>
          <language value="de-DE" />
          <value value="Streptococcus pyogenes, Typ emm102" />
        </designation>
      </concept>
      <concept>
        <extension url="http://hl7.org/fhir/StructureDefinition/valueset-conceptOrder">
          <valueInteger value="0" />
        </extension>
        <code value="698153003" />
        <display value="Streptococcus pyogenes type emm103 (organism)" />
        <designation>
          <language value="en-US" />
          <use>
            <system value="http://snomed.info/sct" />
            <code value="900000000000003001" />
          </use>
          <value value="Streptococcus pyogenes type emm103 (organism)" />
        </designation>
        <designation>
          <language value="de-DE" />
          <value value="Streptococcus pyogenes, Typ emm103" />
        </designation>
      </concept>
      <concept>
        <extension url="http://hl7.org/fhir/StructureDefinition/valueset-conceptOrder">
          <valueInteger value="0" />
        </extension>
        <code value="698154009" />
        <display value="Streptococcus pyogenes type emm104 (organism)" />
        <designation>
          <language value="en-US" />
          <use>
            <system value="http://snomed.info/sct" />
            <code value="900000000000003001" />
          </use>
          <value value="Streptococcus pyogenes type emm104 (organism)" />
        </designation>
        <designation>
          <language value="de-DE" />
          <value value="Streptococcus pyogenes, Typ emm104" />
        </designation>
      </concept>
      <concept>
        <extension url="http://hl7.org/fhir/StructureDefinition/valueset-conceptOrder">
          <valueInteger value="0" />
        </extension>
        <code value="698155005" />
        <display value="Streptococcus pyogenes type emm105 (organism)" />
        <designation>
          <language value="en-US" />
          <use>
            <system value="http://snomed.info/sct" />
            <code value="900000000000003001" />
          </use>
          <value value="Streptococcus pyogenes type emm105 (organism)" />
        </designation>
        <designation>
          <language value="de-DE" />
          <value value="Streptococcus pyogenes, Typ emm105" />
        </designation>
      </concept>
      <concept>
        <extension url="http://hl7.org/fhir/StructureDefinition/valueset-conceptOrder">
          <valueInteger value="0" />
        </extension>
        <code value="698156006" />
        <display value="Streptococcus pyogenes type emm106 (organism)" />
        <designation>
          <language value="en-US" />
          <use>
            <system value="http://snomed.info/sct" />
            <code value="900000000000003001" />
          </use>
          <value value="Streptococcus pyogenes type emm106 (organism)" />
        </designation>
        <designation>
          <language value="de-DE" />
          <value value="Streptococcus pyogenes, Typ emm106" />
        </designation>
      </concept>
      <concept>
        <extension url="http://hl7.org/fhir/StructureDefinition/valueset-conceptOrder">
          <valueInteger value="0" />
        </extension>
        <code value="698157002" />
        <display value="Streptococcus pyogenes type emm107 (organism)" />
        <designation>
          <language value="en-US" />
          <use>
            <system value="http://snomed.info/sct" />
            <code value="900000000000003001" />
          </use>
          <value value="Streptococcus pyogenes type emm107 (organism)" />
        </designation>
        <designation>
          <language value="de-DE" />
          <value value="Streptococcus pyogenes, Typ emm107" />
        </designation>
      </concept>
      <concept>
        <extension url="http://hl7.org/fhir/StructureDefinition/valueset-conceptOrder">
          <valueInteger value="0" />
        </extension>
        <code value="698158007" />
        <display value="Streptococcus pyogenes type emm108 (organism)" />
        <designation>
          <language value="en-US" />
          <use>
            <system value="http://snomed.info/sct" />
            <code value="900000000000003001" />
          </use>
          <value value="Streptococcus pyogenes type emm108 (organism)" />
        </designation>
        <designation>
          <language value="de-DE" />
          <value value="Streptococcus pyogenes, Typ emm108" />
        </designation>
      </concept>
      <concept>
        <extension url="http://hl7.org/fhir/StructureDefinition/valueset-conceptOrder">
          <valueInteger value="0" />
        </extension>
        <code value="698159004" />
        <display value="Streptococcus pyogenes type emm109 (organism)" />
        <designation>
          <language value="en-US" />
          <use>
            <system value="http://snomed.info/sct" />
            <code value="900000000000003001" />
          </use>
          <value value="Streptococcus pyogenes type emm109 (organism)" />
        </designation>
        <designation>
          <language value="de-DE" />
          <value value="Streptococcus pyogenes, Typ emm109" />
        </designation>
      </concept>
      <concept>
        <extension url="http://hl7.org/fhir/StructureDefinition/valueset-conceptOrder">
          <valueInteger value="0" />
        </extension>
        <code value="698160009" />
        <display value="Streptococcus pyogenes type emm110 (organism)" />
        <designation>
          <language value="en-US" />
          <use>
            <system value="http://snomed.info/sct" />
            <code value="900000000000003001" />
          </use>
          <value value="Streptococcus pyogenes type emm110 (organism)" />
        </designation>
        <designation>
          <language value="de-DE" />
          <value value="Streptococcus pyogenes, Typ emm110" />
        </designation>
      </concept>
      <concept>
        <extension url="http://hl7.org/fhir/StructureDefinition/valueset-conceptOrder">
          <valueInteger value="90" />
        </extension>
        <code value="80166006" />
        <display value="Streptococcus pyogenes (organism)" />
        <designation>
          <language value="en-US" />
          <use>
            <system value="http://snomed.info/sct" />
            <code value="900000000000003001" />
          </use>
          <value value="Streptococcus pyogenes (organism)" />
        </designation>
        <designation>
          <language value="de-DE" />
          <value value="Streptococcus pyogenes" />
        </designation>
      </concept>
    </include>
    <include>
      <valueSet value="https://demis.rki.de/fhir/ValueSet/answerSetLaboratoryTest-SNOMED" />
    </include>
    <include>
      <valueSet value="https://demis.rki.de/fhir/ValueSet/answerSetResistance-SNOMED" />
    </include>
  </compose>
</ValueSet>