<?xml version="1.0" encoding="utf-8"?>
<ValueSet xmlns="http://hl7.org/fhir">
  <id value="answerSetSHIP" />
  <url value="https://demis.rki.de/fhir/ValueSet/answerSetSHIP" />
  <version value="1.7.0" />
  <name value="AnswerSetSHIP" />
  <title value="AnswerSet für Shigella sp." />
  <status value="active" />
  <experimental value="false" />
  <date value="2024-08-26" />
  <publisher value="Robert Koch-Institut" />
  <description value="Das ValueSet AnswerSetSHIP enthält die Codes der Answer-Codes für Shigella sp.." />
  <copyright value="This material includes SNOMED Clinical Terms® (SNOMED CT®) which is used by permission of the International Health Terminology Standards Development Organisation (IHTSDO). All rights reserved. SNOMED CT®, was originally created by The College of American Pathologists. “SNOMED” and “SNOMED CT” are registered trademarks of the IHTSDO.&#xD;&#xA;&#xD;&#xA;Dieses Material enthält SNOMED Clinical Terms® (SNOMED CT®), die mit Genehmigung der International Health Terminology Standards Development Organisation (IHTSDO) verwendet werden. Alle Rechte vorbehalten. SNOMED CT® wurde ursprünglich vom College of American Pathologists entwickelt. &quot;SNOMED&quot; und &quot;SNOMED CT&quot; sind eingetragene Warenzeichen der IHTSDO.&#xD;&#xA;&#xD;&#xA;Downloadbedingungen für SNOMED-CT&#xD;&#xA;&#xD;&#xA;Enthält durch SNOMED International urheberrechtlich geschützte Information. Jede Verwendung von SNOMED CT in Deutschland erfordert eine vollgültige Affiliate Lizenz oder eine Sublizenz. Die entsprechende Lizenz ist kostenlos, vorausgesetzt die Verwendung findet nur in Deutschland statt und erfüllt die Bedingungen des Affiliate License Agreements. Affiliate Lizenzen können über das Mitglieder-Lizenzierungs- und Distributions-Service (MLDS) direkt beim jeweiligen NRC beantragt werden. https://mlds.ihtsdotools.org/#/landing/DE?lang=de&#xD;&#xA;&#xD;&#xA;Contains information protected by copyright of SNOMED International. Any use of SNOMED CT in Austria requires a valid affiliate license or sublicense. The corresponding license is free of charge, provided that the use only takes place in Austria and fulfills the conditions of the Affiliate License Agreement. Affiliate licenses can be requested directly from the respective NRC via the Member Licensing and Distribution Service (MLDS). ttps://mlds.ihtsdotools.org/#/landing/DE?lang=de" />
  <compose>
    <include>
      <system value="http://snomed.info/sct" />
      <version value="http://snomed.info/sct/11000274103/version/20240515" />
      <concept>
        <extension url="http://hl7.org/fhir/StructureDefinition/valueset-conceptOrder">
          <valueInteger value="0" />
        </extension>
        <code value="124995002" />
        <display value="Shigella dysenteriae, serovar 1 (organism)" />
        <designation>
          <language value="en-US" />
          <use>
            <system value="http://snomed.info/sct" />
            <code value="900000000000003001" />
          </use>
          <value value="Shigella dysenteriae, serovar 1 (organism)" />
        </designation>
        <designation>
          <language value="de-DE" />
          <value value="Shigella dysenteriae, Serovar 1" />
        </designation>
      </concept>
      <concept>
        <extension url="http://hl7.org/fhir/StructureDefinition/valueset-conceptOrder">
          <valueInteger value="0" />
        </extension>
        <code value="124996001" />
        <display value="Shigella dysenteriae, serovar 2 (organism)" />
        <designation>
          <language value="en-US" />
          <use>
            <system value="http://snomed.info/sct" />
            <code value="900000000000003001" />
          </use>
          <value value="Shigella dysenteriae, serovar 2 (organism)" />
        </designation>
        <designation>
          <language value="de-DE" />
          <value value="Shigella dysenteriae, Serovar 2" />
        </designation>
      </concept>
      <concept>
        <extension url="http://hl7.org/fhir/StructureDefinition/valueset-conceptOrder">
          <valueInteger value="0" />
        </extension>
        <code value="124997005" />
        <display value="Shigella dysenteriae, serovar 3 (organism)" />
        <designation>
          <language value="en-US" />
          <use>
            <system value="http://snomed.info/sct" />
            <code value="900000000000003001" />
          </use>
          <value value="Shigella dysenteriae, serovar 3 (organism)" />
        </designation>
        <designation>
          <language value="de-DE" />
          <value value="Shigella dysenteriae, Serovar 3" />
        </designation>
      </concept>
      <concept>
        <extension url="http://hl7.org/fhir/StructureDefinition/valueset-conceptOrder">
          <valueInteger value="0" />
        </extension>
        <code value="124998000" />
        <display value="Shigella dysenteriae, serovar 4 (organism)" />
        <designation>
          <language value="en-US" />
          <use>
            <system value="http://snomed.info/sct" />
            <code value="900000000000003001" />
          </use>
          <value value="Shigella dysenteriae, serovar 4 (organism)" />
        </designation>
        <designation>
          <language value="de-DE" />
          <value value="Shigella dysenteriae, Serovar 4" />
        </designation>
      </concept>
      <concept>
        <extension url="http://hl7.org/fhir/StructureDefinition/valueset-conceptOrder">
          <valueInteger value="0" />
        </extension>
        <code value="124999008" />
        <display value="Shigella dysenteriae, serovar 5 (organism)" />
        <designation>
          <language value="en-US" />
          <use>
            <system value="http://snomed.info/sct" />
            <code value="900000000000003001" />
          </use>
          <value value="Shigella dysenteriae, serovar 5 (organism)" />
        </designation>
        <designation>
          <language value="de-DE" />
          <value value="Shigella dysenteriae, Serovar 5" />
        </designation>
      </concept>
      <concept>
        <extension url="http://hl7.org/fhir/StructureDefinition/valueset-conceptOrder">
          <valueInteger value="0" />
        </extension>
        <code value="125000008" />
        <display value="Shigella dysenteriae, serovar 6 (organism)" />
        <designation>
          <language value="en-US" />
          <use>
            <system value="http://snomed.info/sct" />
            <code value="900000000000003001" />
          </use>
          <value value="Shigella dysenteriae, serovar 6 (organism)" />
        </designation>
        <designation>
          <language value="de-DE" />
          <value value="Shigella dysenteriae, Serovar 6" />
        </designation>
      </concept>
      <concept>
        <extension url="http://hl7.org/fhir/StructureDefinition/valueset-conceptOrder">
          <valueInteger value="0" />
        </extension>
        <code value="125001007" />
        <display value="Shigella dysenteriae, serovar 7 (organism)" />
        <designation>
          <language value="en-US" />
          <use>
            <system value="http://snomed.info/sct" />
            <code value="900000000000003001" />
          </use>
          <value value="Shigella dysenteriae, serovar 7 (organism)" />
        </designation>
        <designation>
          <language value="de-DE" />
          <value value="Shigella dysenteriae, Serovar 7" />
        </designation>
      </concept>
      <concept>
        <extension url="http://hl7.org/fhir/StructureDefinition/valueset-conceptOrder">
          <valueInteger value="0" />
        </extension>
        <code value="125002000" />
        <display value="Shigella dysenteriae, serovar 8 (organism)" />
        <designation>
          <language value="en-US" />
          <use>
            <system value="http://snomed.info/sct" />
            <code value="900000000000003001" />
          </use>
          <value value="Shigella dysenteriae, serovar 8 (organism)" />
        </designation>
        <designation>
          <language value="de-DE" />
          <value value="Shigella dysenteriae, Serovar 8" />
        </designation>
      </concept>
      <concept>
        <extension url="http://hl7.org/fhir/StructureDefinition/valueset-conceptOrder">
          <valueInteger value="0" />
        </extension>
        <code value="125003005" />
        <display value="Shigella dysenteriae, serovar 9 (organism)" />
        <designation>
          <language value="en-US" />
          <use>
            <system value="http://snomed.info/sct" />
            <code value="900000000000003001" />
          </use>
          <value value="Shigella dysenteriae, serovar 9 (organism)" />
        </designation>
        <designation>
          <language value="de-DE" />
          <value value="Shigella dysenteriae, Serovar 9" />
        </designation>
      </concept>
      <concept>
        <extension url="http://hl7.org/fhir/StructureDefinition/valueset-conceptOrder">
          <valueInteger value="0" />
        </extension>
        <code value="125004004" />
        <display value="Shigella dysenteriae, serovar 10 (organism)" />
        <designation>
          <language value="en-US" />
          <use>
            <system value="http://snomed.info/sct" />
            <code value="900000000000003001" />
          </use>
          <value value="Shigella dysenteriae, serovar 10 (organism)" />
        </designation>
        <designation>
          <language value="de-DE" />
          <value value="Shigella dysenteriae, Serovar 10" />
        </designation>
      </concept>
      <concept>
        <extension url="http://hl7.org/fhir/StructureDefinition/valueset-conceptOrder">
          <valueInteger value="0" />
        </extension>
        <code value="125005003" />
        <display value="Shigella flexneri, serovar 1 (organism)" />
        <designation>
          <language value="en-US" />
          <use>
            <system value="http://snomed.info/sct" />
            <code value="900000000000003001" />
          </use>
          <value value="Shigella flexneri, serovar 1 (organism)" />
        </designation>
        <designation>
          <language value="de-DE" />
          <value value="Shigella flexneri, Serovar 1" />
        </designation>
      </concept>
      <concept>
        <extension url="http://hl7.org/fhir/StructureDefinition/valueset-conceptOrder">
          <valueInteger value="0" />
        </extension>
        <code value="125006002" />
        <display value="Shigella flexneri, serovar 1a (organism)" />
        <designation>
          <language value="en-US" />
          <use>
            <system value="http://snomed.info/sct" />
            <code value="900000000000003001" />
          </use>
          <value value="Shigella flexneri, serovar 1a (organism)" />
        </designation>
        <designation>
          <language value="de-DE" />
          <value value="Shigella flexneri, Serovar 1a" />
        </designation>
      </concept>
      <concept>
        <extension url="http://hl7.org/fhir/StructureDefinition/valueset-conceptOrder">
          <valueInteger value="0" />
        </extension>
        <code value="125007006" />
        <display value="Shigella flexneri, serovar 1b (organism)" />
        <designation>
          <language value="en-US" />
          <use>
            <system value="http://snomed.info/sct" />
            <code value="900000000000003001" />
          </use>
          <value value="Shigella flexneri, serovar 1b (organism)" />
        </designation>
        <designation>
          <language value="de-DE" />
          <value value="Shigella flexneri, Serovar 1b" />
        </designation>
      </concept>
      <concept>
        <extension url="http://hl7.org/fhir/StructureDefinition/valueset-conceptOrder">
          <valueInteger value="0" />
        </extension>
        <code value="125008001" />
        <display value="Shigella flexneri, serovar 2 (organism)" />
        <designation>
          <language value="en-US" />
          <use>
            <system value="http://snomed.info/sct" />
            <code value="900000000000003001" />
          </use>
          <value value="Shigella flexneri, serovar 2 (organism)" />
        </designation>
        <designation>
          <language value="de-DE" />
          <value value="Shigella flexneri, Serovar 2" />
        </designation>
      </concept>
      <concept>
        <extension url="http://hl7.org/fhir/StructureDefinition/valueset-conceptOrder">
          <valueInteger value="0" />
        </extension>
        <code value="125009009" />
        <display value="Shigella flexneri, serovar 2a (organism)" />
        <designation>
          <language value="en-US" />
          <use>
            <system value="http://snomed.info/sct" />
            <code value="900000000000003001" />
          </use>
          <value value="Shigella flexneri, serovar 2a (organism)" />
        </designation>
        <designation>
          <language value="de-DE" />
          <value value="Shigella flexneri, Serovar 2a" />
        </designation>
      </concept>
      <concept>
        <extension url="http://hl7.org/fhir/StructureDefinition/valueset-conceptOrder">
          <valueInteger value="0" />
        </extension>
        <code value="125010004" />
        <display value="Shigella flexneri, serovar 2b (organism)" />
        <designation>
          <language value="en-US" />
          <use>
            <system value="http://snomed.info/sct" />
            <code value="900000000000003001" />
          </use>
          <value value="Shigella flexneri, serovar 2b (organism)" />
        </designation>
        <designation>
          <language value="de-DE" />
          <value value="Shigella flexneri, Serovar 2b" />
        </designation>
      </concept>
      <concept>
        <extension url="http://hl7.org/fhir/StructureDefinition/valueset-conceptOrder">
          <valueInteger value="0" />
        </extension>
        <code value="125011000" />
        <display value="Shigella flexneri, serovar 3 (organism)" />
        <designation>
          <language value="en-US" />
          <use>
            <system value="http://snomed.info/sct" />
            <code value="900000000000003001" />
          </use>
          <value value="Shigella flexneri, serovar 3 (organism)" />
        </designation>
        <designation>
          <language value="de-DE" />
          <value value="Shigella flexneri, Serovar 3" />
        </designation>
      </concept>
      <concept>
        <extension url="http://hl7.org/fhir/StructureDefinition/valueset-conceptOrder">
          <valueInteger value="0" />
        </extension>
        <code value="125012007" />
        <display value="Shigella flexneri, serovar 3a (organism)" />
        <designation>
          <language value="en-US" />
          <use>
            <system value="http://snomed.info/sct" />
            <code value="900000000000003001" />
          </use>
          <value value="Shigella flexneri, serovar 3a (organism)" />
        </designation>
        <designation>
          <language value="de-DE" />
          <value value="Shigella flexneri, Serovar 3a" />
        </designation>
      </concept>
      <concept>
        <extension url="http://hl7.org/fhir/StructureDefinition/valueset-conceptOrder">
          <valueInteger value="0" />
        </extension>
        <code value="125013002" />
        <display value="Shigella flexneri, serovar 3b (organism)" />
        <designation>
          <language value="en-US" />
          <use>
            <system value="http://snomed.info/sct" />
            <code value="900000000000003001" />
          </use>
          <value value="Shigella flexneri, serovar 3b (organism)" />
        </designation>
        <designation>
          <language value="de-DE" />
          <value value="Shigella flexneri, Serovar 3b" />
        </designation>
      </concept>
      <concept>
        <extension url="http://hl7.org/fhir/StructureDefinition/valueset-conceptOrder">
          <valueInteger value="0" />
        </extension>
        <code value="125014008" />
        <display value="Shigella flexneri, serovar 3c (organism)" />
        <designation>
          <language value="en-US" />
          <use>
            <system value="http://snomed.info/sct" />
            <code value="900000000000003001" />
          </use>
          <value value="Shigella flexneri, serovar 3c (organism)" />
        </designation>
        <designation>
          <language value="de-DE" />
          <value value="Shigella flexneri, Serovar 3c" />
        </designation>
      </concept>
      <concept>
        <extension url="http://hl7.org/fhir/StructureDefinition/valueset-conceptOrder">
          <valueInteger value="0" />
        </extension>
        <code value="125015009" />
        <display value="Shigella flexneri, serovar 4 (organism)" />
        <designation>
          <language value="en-US" />
          <use>
            <system value="http://snomed.info/sct" />
            <code value="900000000000003001" />
          </use>
          <value value="Shigella flexneri, serovar 4 (organism)" />
        </designation>
        <designation>
          <language value="de-DE" />
          <value value="Shigella flexneri, Serovar 4" />
        </designation>
      </concept>
      <concept>
        <extension url="http://hl7.org/fhir/StructureDefinition/valueset-conceptOrder">
          <valueInteger value="0" />
        </extension>
        <code value="125016005" />
        <display value="Shigella flexneri, serovar 4a (organism)" />
        <designation>
          <language value="en-US" />
          <use>
            <system value="http://snomed.info/sct" />
            <code value="900000000000003001" />
          </use>
          <value value="Shigella flexneri, serovar 4a (organism)" />
        </designation>
        <designation>
          <language value="de-DE" />
          <value value="Shigella flexneri, Serovar 4a" />
        </designation>
      </concept>
      <concept>
        <extension url="http://hl7.org/fhir/StructureDefinition/valueset-conceptOrder">
          <valueInteger value="0" />
        </extension>
        <code value="125017001" />
        <display value="Shigella flexneri, serovar 4b (organism)" />
        <designation>
          <language value="en-US" />
          <use>
            <system value="http://snomed.info/sct" />
            <code value="900000000000003001" />
          </use>
          <value value="Shigella flexneri, serovar 4b (organism)" />
        </designation>
        <designation>
          <language value="de-DE" />
          <value value="Shigella flexneri, Serovar 4b" />
        </designation>
      </concept>
      <concept>
        <extension url="http://hl7.org/fhir/StructureDefinition/valueset-conceptOrder">
          <valueInteger value="0" />
        </extension>
        <code value="125018006" />
        <display value="Shigella flexneri, serovar 5 (organism)" />
        <designation>
          <language value="en-US" />
          <use>
            <system value="http://snomed.info/sct" />
            <code value="900000000000003001" />
          </use>
          <value value="Shigella flexneri, serovar 5 (organism)" />
        </designation>
        <designation>
          <language value="de-DE" />
          <value value="Shigella flexneri, Serovar 5" />
        </designation>
      </concept>
      <concept>
        <extension url="http://hl7.org/fhir/StructureDefinition/valueset-conceptOrder">
          <valueInteger value="0" />
        </extension>
        <code value="125019003" />
        <display value="Shigella flexneri, serovar 6 (organism)" />
        <designation>
          <language value="en-US" />
          <use>
            <system value="http://snomed.info/sct" />
            <code value="900000000000003001" />
          </use>
          <value value="Shigella flexneri, serovar 6 (organism)" />
        </designation>
        <designation>
          <language value="de-DE" />
          <value value="Shigella flexneri, Serovar 6" />
        </designation>
      </concept>
      <concept>
        <extension url="http://hl7.org/fhir/StructureDefinition/valueset-conceptOrder">
          <valueInteger value="0" />
        </extension>
        <code value="125020009" />
        <display value="Shigella flexneri, serovar X (organism)" />
        <designation>
          <language value="en-US" />
          <use>
            <system value="http://snomed.info/sct" />
            <code value="900000000000003001" />
          </use>
          <value value="Shigella flexneri, serovar X (organism)" />
        </designation>
        <designation>
          <language value="de-DE" />
          <value value="Shigella flexneri, Serovar X" />
        </designation>
      </concept>
      <concept>
        <extension url="http://hl7.org/fhir/StructureDefinition/valueset-conceptOrder">
          <valueInteger value="0" />
        </extension>
        <code value="125021008" />
        <display value="Shigella flexneri, serovar Y (organism)" />
        <designation>
          <language value="en-US" />
          <use>
            <system value="http://snomed.info/sct" />
            <code value="900000000000003001" />
          </use>
          <value value="Shigella flexneri, serovar Y (organism)" />
        </designation>
        <designation>
          <language value="de-DE" />
          <value value="Shigella flexneri, Serovar Y" />
        </designation>
      </concept>
      <concept>
        <extension url="http://hl7.org/fhir/StructureDefinition/valueset-conceptOrder">
          <valueInteger value="0" />
        </extension>
        <code value="125022001" />
        <display value="Shigella boydii, serovar 1 (organism)" />
        <designation>
          <language value="en-US" />
          <use>
            <system value="http://snomed.info/sct" />
            <code value="900000000000003001" />
          </use>
          <value value="Shigella boydii, serovar 1 (organism)" />
        </designation>
        <designation>
          <language value="de-DE" />
          <value value="Shigella boydii, Serovar 1" />
        </designation>
      </concept>
      <concept>
        <extension url="http://hl7.org/fhir/StructureDefinition/valueset-conceptOrder">
          <valueInteger value="0" />
        </extension>
        <code value="125023006" />
        <display value="Shigella boydii, serovar 2 (organism)" />
        <designation>
          <language value="en-US" />
          <use>
            <system value="http://snomed.info/sct" />
            <code value="900000000000003001" />
          </use>
          <value value="Shigella boydii, serovar 2 (organism)" />
        </designation>
        <designation>
          <language value="de-DE" />
          <value value="Shigella boydii, Serovar 2" />
        </designation>
      </concept>
      <concept>
        <extension url="http://hl7.org/fhir/StructureDefinition/valueset-conceptOrder">
          <valueInteger value="0" />
        </extension>
        <code value="125024000" />
        <display value="Shigella boydii, serovar 3 (organism)" />
        <designation>
          <language value="en-US" />
          <use>
            <system value="http://snomed.info/sct" />
            <code value="900000000000003001" />
          </use>
          <value value="Shigella boydii, serovar 3 (organism)" />
        </designation>
        <designation>
          <language value="de-DE" />
          <value value="Shigella boydii, Serovar 3" />
        </designation>
      </concept>
      <concept>
        <extension url="http://hl7.org/fhir/StructureDefinition/valueset-conceptOrder">
          <valueInteger value="0" />
        </extension>
        <code value="125025004" />
        <display value="Shigella boydii, serovar 4 (organism)" />
        <designation>
          <language value="en-US" />
          <use>
            <system value="http://snomed.info/sct" />
            <code value="900000000000003001" />
          </use>
          <value value="Shigella boydii, serovar 4 (organism)" />
        </designation>
        <designation>
          <language value="de-DE" />
          <value value="Shigella boydii, Serovar 4" />
        </designation>
      </concept>
      <concept>
        <extension url="http://hl7.org/fhir/StructureDefinition/valueset-conceptOrder">
          <valueInteger value="0" />
        </extension>
        <code value="125026003" />
        <display value="Shigella boydii, serovar 5 (organism)" />
        <designation>
          <language value="en-US" />
          <use>
            <system value="http://snomed.info/sct" />
            <code value="900000000000003001" />
          </use>
          <value value="Shigella boydii, serovar 5 (organism)" />
        </designation>
        <designation>
          <language value="de-DE" />
          <value value="Shigella boydii, Serovar 5" />
        </designation>
      </concept>
      <concept>
        <extension url="http://hl7.org/fhir/StructureDefinition/valueset-conceptOrder">
          <valueInteger value="0" />
        </extension>
        <code value="125027007" />
        <display value="Shigella boydii, serovar 6 (organism)" />
        <designation>
          <language value="en-US" />
          <use>
            <system value="http://snomed.info/sct" />
            <code value="900000000000003001" />
          </use>
          <value value="Shigella boydii, serovar 6 (organism)" />
        </designation>
        <designation>
          <language value="de-DE" />
          <value value="Shigella boydii, Serovar 6" />
        </designation>
      </concept>
      <concept>
        <extension url="http://hl7.org/fhir/StructureDefinition/valueset-conceptOrder">
          <valueInteger value="0" />
        </extension>
        <code value="125028002" />
        <display value="Shigella boydii, serovar 7 (organism)" />
        <designation>
          <language value="en-US" />
          <use>
            <system value="http://snomed.info/sct" />
            <code value="900000000000003001" />
          </use>
          <value value="Shigella boydii, serovar 7 (organism)" />
        </designation>
        <designation>
          <language value="de-DE" />
          <value value="Shigella boydii, Serovar 7" />
        </designation>
      </concept>
      <concept>
        <extension url="http://hl7.org/fhir/StructureDefinition/valueset-conceptOrder">
          <valueInteger value="0" />
        </extension>
        <code value="125029005" />
        <display value="Shigella boydii, serovar 8 (organism)" />
        <designation>
          <language value="en-US" />
          <use>
            <system value="http://snomed.info/sct" />
            <code value="900000000000003001" />
          </use>
          <value value="Shigella boydii, serovar 8 (organism)" />
        </designation>
        <designation>
          <language value="de-DE" />
          <value value="Shigella boydii, Serovar 8" />
        </designation>
      </concept>
      <concept>
        <extension url="http://hl7.org/fhir/StructureDefinition/valueset-conceptOrder">
          <valueInteger value="0" />
        </extension>
        <code value="125030000" />
        <display value="Shigella boydii, serovar 9 (organism)" />
        <designation>
          <language value="en-US" />
          <use>
            <system value="http://snomed.info/sct" />
            <code value="900000000000003001" />
          </use>
          <value value="Shigella boydii, serovar 9 (organism)" />
        </designation>
        <designation>
          <language value="de-DE" />
          <value value="Shigella boydii, Serovar 9" />
        </designation>
      </concept>
      <concept>
        <extension url="http://hl7.org/fhir/StructureDefinition/valueset-conceptOrder">
          <valueInteger value="0" />
        </extension>
        <code value="125031001" />
        <display value="Shigella boydii, serovar 10 (organism)" />
        <designation>
          <language value="en-US" />
          <use>
            <system value="http://snomed.info/sct" />
            <code value="900000000000003001" />
          </use>
          <value value="Shigella boydii, serovar 10 (organism)" />
        </designation>
        <designation>
          <language value="de-DE" />
          <value value="Shigella boydii, Serovar 10" />
        </designation>
      </concept>
      <concept>
        <extension url="http://hl7.org/fhir/StructureDefinition/valueset-conceptOrder">
          <valueInteger value="0" />
        </extension>
        <code value="125032008" />
        <display value="Shigella boydii, serovar 11 (organism)" />
        <designation>
          <language value="en-US" />
          <use>
            <system value="http://snomed.info/sct" />
            <code value="900000000000003001" />
          </use>
          <value value="Shigella boydii, serovar 11 (organism)" />
        </designation>
        <designation>
          <language value="de-DE" />
          <value value="Shigella boydii, Serovar 11" />
        </designation>
      </concept>
      <concept>
        <extension url="http://hl7.org/fhir/StructureDefinition/valueset-conceptOrder">
          <valueInteger value="0" />
        </extension>
        <code value="125033003" />
        <display value="Shigella boydii, serovar 12 (organism)" />
        <designation>
          <language value="en-US" />
          <use>
            <system value="http://snomed.info/sct" />
            <code value="900000000000003001" />
          </use>
          <value value="Shigella boydii, serovar 12 (organism)" />
        </designation>
        <designation>
          <language value="de-DE" />
          <value value="Shigella boydii, Serovar 12" />
        </designation>
      </concept>
      <concept>
        <extension url="http://hl7.org/fhir/StructureDefinition/valueset-conceptOrder">
          <valueInteger value="0" />
        </extension>
        <code value="125034009" />
        <display value="Shigella boydii, serovar 13 (organism)" />
        <designation>
          <language value="en-US" />
          <use>
            <system value="http://snomed.info/sct" />
            <code value="900000000000003001" />
          </use>
          <value value="Shigella boydii, serovar 13 (organism)" />
        </designation>
        <designation>
          <language value="de-DE" />
          <value value="Shigella boydii, Serovar 13" />
        </designation>
      </concept>
      <concept>
        <extension url="http://hl7.org/fhir/StructureDefinition/valueset-conceptOrder">
          <valueInteger value="0" />
        </extension>
        <code value="125035005" />
        <display value="Shigella boydii, serovar 14 (organism)" />
        <designation>
          <language value="en-US" />
          <use>
            <system value="http://snomed.info/sct" />
            <code value="900000000000003001" />
          </use>
          <value value="Shigella boydii, serovar 14 (organism)" />
        </designation>
        <designation>
          <language value="de-DE" />
          <value value="Shigella boydii, Serovar 14" />
        </designation>
      </concept>
      <concept>
        <extension url="http://hl7.org/fhir/StructureDefinition/valueset-conceptOrder">
          <valueInteger value="0" />
        </extension>
        <code value="125036006" />
        <display value="Shigella boydii, serovar 15 (organism)" />
        <designation>
          <language value="en-US" />
          <use>
            <system value="http://snomed.info/sct" />
            <code value="900000000000003001" />
          </use>
          <value value="Shigella boydii, serovar 15 (organism)" />
        </designation>
        <designation>
          <language value="de-DE" />
          <value value="Shigella boydii, Serovar 15" />
        </designation>
      </concept>
      <concept>
        <extension url="http://hl7.org/fhir/StructureDefinition/valueset-conceptOrder">
          <valueInteger value="0" />
        </extension>
        <code value="406478008" />
        <display value="Provisional shigella 3065-93 (organism)" />
        <designation>
          <language value="en-US" />
          <use>
            <system value="http://snomed.info/sct" />
            <code value="900000000000003001" />
          </use>
          <value value="Provisional shigella 3065-93 (organism)" />
        </designation>
        <designation>
          <language value="de-DE" />
          <value value="Provisional shigella 3065-93" />
        </designation>
      </concept>
      <concept>
        <extension url="http://hl7.org/fhir/StructureDefinition/valueset-conceptOrder">
          <valueInteger value="0" />
        </extension>
        <code value="406479000" />
        <display value="Shigella dysenteriae strain 96-3162 (organism)" />
        <designation>
          <language value="en-US" />
          <use>
            <system value="http://snomed.info/sct" />
            <code value="900000000000003001" />
          </use>
          <value value="Shigella dysenteriae strain 96-3162 (organism)" />
        </designation>
        <designation>
          <language value="de-DE" />
          <value value="Provisional shigella 3162-96" />
        </designation>
      </concept>
      <concept>
        <extension url="http://hl7.org/fhir/StructureDefinition/valueset-conceptOrder">
          <valueInteger value="0" />
        </extension>
        <code value="406480002" />
        <display value="Shigella flexneri provisional strain 88-893 (organism)" />
        <designation>
          <language value="en-US" />
          <use>
            <system value="http://snomed.info/sct" />
            <code value="900000000000003001" />
          </use>
          <value value="Shigella flexneri provisional strain 88-893 (organism)" />
        </designation>
        <designation>
          <language value="de-DE" />
          <value value="Provisional shigella 88-893 [-: (6)]" />
        </designation>
      </concept>
      <concept>
        <extension url="http://hl7.org/fhir/StructureDefinition/valueset-conceptOrder">
          <valueInteger value="0" />
        </extension>
        <code value="406481003" />
        <display value="Shigella flexneri strain 89-141 (organism)" />
        <designation>
          <language value="en-US" />
          <use>
            <system value="http://snomed.info/sct" />
            <code value="900000000000003001" />
          </use>
          <value value="Shigella flexneri strain 89-141 (organism)" />
        </designation>
        <designation>
          <language value="de-DE" />
          <value value="Provisional shigella 89-141" />
        </designation>
      </concept>
      <concept>
        <extension url="http://hl7.org/fhir/StructureDefinition/valueset-conceptOrder">
          <valueInteger value="0" />
        </extension>
        <code value="406482005" />
        <display value="Shigella dysenteriae strain 93-119 (organism)" />
        <designation>
          <language value="en-US" />
          <use>
            <system value="http://snomed.info/sct" />
            <code value="900000000000003001" />
          </use>
          <value value="Shigella dysenteriae strain 93-119 (organism)" />
        </designation>
        <designation>
          <language value="de-DE" />
          <value value="Provisional shigella 93-119" />
        </designation>
      </concept>
      <concept>
        <extension url="http://hl7.org/fhir/StructureDefinition/valueset-conceptOrder">
          <valueInteger value="0" />
        </extension>
        <code value="406483000" />
        <display value="Shigella dysenteriae strain 204/96 (organism)" />
        <designation>
          <language value="en-US" />
          <use>
            <system value="http://snomed.info/sct" />
            <code value="900000000000003001" />
          </use>
          <value value="Shigella dysenteriae strain 204/96 (organism)" />
        </designation>
        <designation>
          <language value="de-DE" />
          <value value="Provisional shigella 96-204" />
        </designation>
      </concept>
      <concept>
        <extension url="http://hl7.org/fhir/StructureDefinition/valueset-conceptOrder">
          <valueInteger value="0" />
        </extension>
        <code value="406484006" />
        <display value="Shigella dysenteriae strain 96-265 (organism)" />
        <designation>
          <language value="en-US" />
          <use>
            <system value="http://snomed.info/sct" />
            <code value="900000000000003001" />
          </use>
          <value value="Shigella dysenteriae strain 96-265 (organism)" />
        </designation>
        <designation>
          <language value="de-DE" />
          <value value="Provisional shigella 96-265" />
        </designation>
      </concept>
      <concept>
        <extension url="http://hl7.org/fhir/StructureDefinition/valueset-conceptOrder">
          <valueInteger value="0" />
        </extension>
        <code value="406485007" />
        <display value="Provisional shigella E28938 (organism)" />
        <designation>
          <language value="en-US" />
          <use>
            <system value="http://snomed.info/sct" />
            <code value="900000000000003001" />
          </use>
          <value value="Provisional shigella E28938 (organism)" />
        </designation>
        <designation>
          <language value="de-DE" />
          <value value="Provisional shigella E28938" />
        </designation>
      </concept>
      <concept>
        <extension url="http://hl7.org/fhir/StructureDefinition/valueset-conceptOrder">
          <valueInteger value="0" />
        </extension>
        <code value="406486008" />
        <display value="Shigella dysenteriae strain E670/74 (organism)" />
        <designation>
          <language value="en-US" />
          <use>
            <system value="http://snomed.info/sct" />
            <code value="900000000000003001" />
          </use>
          <value value="Shigella dysenteriae strain E670/74 (organism)" />
        </designation>
        <designation>
          <language value="de-DE" />
          <value value="Provisional shigella E670/74" />
        </designation>
      </concept>
      <concept>
        <extension url="http://hl7.org/fhir/StructureDefinition/valueset-conceptOrder">
          <valueInteger value="0" />
        </extension>
        <code value="406487004" />
        <display value="Shigella flexneri serovar 1c strain Y394 (organism)" />
        <designation>
          <language value="en-US" />
          <use>
            <system value="http://snomed.info/sct" />
            <code value="900000000000003001" />
          </use>
          <value value="Shigella flexneri serovar 1c strain Y394 (organism)" />
        </designation>
        <designation>
          <language value="de-DE" />
          <value value="Provisional shigella Y394" />
        </designation>
      </concept>
      <concept>
        <extension url="http://hl7.org/fhir/StructureDefinition/valueset-conceptOrder">
          <valueInteger value="0" />
        </extension>
        <code value="406488009" />
        <display value="Shigella boydii 16 (organism)" />
        <designation>
          <language value="en-US" />
          <use>
            <system value="http://snomed.info/sct" />
            <code value="900000000000003001" />
          </use>
          <value value="Shigella boydii 16 (organism)" />
        </designation>
        <designation>
          <language value="de-DE" />
          <value value="Shigella boydii 16" />
        </designation>
      </concept>
      <concept>
        <extension url="http://hl7.org/fhir/StructureDefinition/valueset-conceptOrder">
          <valueInteger value="0" />
        </extension>
        <code value="406489001" />
        <display value="Shigella boydii 17 (organism)" />
        <designation>
          <language value="en-US" />
          <use>
            <system value="http://snomed.info/sct" />
            <code value="900000000000003001" />
          </use>
          <value value="Shigella boydii 17 (organism)" />
        </designation>
        <designation>
          <language value="de-DE" />
          <value value="Shigella boydii 17" />
        </designation>
      </concept>
      <concept>
        <extension url="http://hl7.org/fhir/StructureDefinition/valueset-conceptOrder">
          <valueInteger value="0" />
        </extension>
        <code value="406490005" />
        <display value="Shigella boydii 18 (organism)" />
        <designation>
          <language value="en-US" />
          <use>
            <system value="http://snomed.info/sct" />
            <code value="900000000000003001" />
          </use>
          <value value="Shigella boydii 18 (organism)" />
        </designation>
        <designation>
          <language value="de-DE" />
          <value value="Shigella boydii 18" />
        </designation>
      </concept>
      <concept>
        <extension url="http://hl7.org/fhir/StructureDefinition/valueset-conceptOrder">
          <valueInteger value="0" />
        </extension>
        <code value="406491009" />
        <display value="Shigella boydii serotype 19 (organism)" />
        <designation>
          <language value="en-US" />
          <use>
            <system value="http://snomed.info/sct" />
            <code value="900000000000003001" />
          </use>
          <value value="Shigella boydii serotype 19 (organism)" />
        </designation>
        <designation>
          <language value="de-DE" />
          <value value="Shigella boydii 19 [Vorläufiger Serotyp E16553]" />
        </designation>
      </concept>
      <concept>
        <extension url="http://hl7.org/fhir/StructureDefinition/valueset-conceptOrder">
          <valueInteger value="0" />
        </extension>
        <code value="406492002" />
        <display value="Shigella boydii serotype 20 (organism)" />
        <designation>
          <language value="en-US" />
          <use>
            <system value="http://snomed.info/sct" />
            <code value="900000000000003001" />
          </use>
          <value value="Shigella boydii serotype 20 (organism)" />
        </designation>
        <designation>
          <language value="de-DE" />
          <value value="Shigella boydii 20 [Vorläufiger Serotyp SH108(99-4528)]" />
        </designation>
      </concept>
      <concept>
        <extension url="http://hl7.org/fhir/StructureDefinition/valueset-conceptOrder">
          <valueInteger value="0" />
        </extension>
        <code value="406493007" />
        <display value="Shigella boydii serotype undetermined (Subgroup C) (organism)" />
        <designation>
          <language value="en-US" />
          <use>
            <system value="http://snomed.info/sct" />
            <code value="900000000000003001" />
          </use>
          <value value="Shigella boydii serotype undetermined (Subgroup C) (organism)" />
        </designation>
        <designation>
          <language value="de-DE" />
          <value value="Shigella boydii, Serotyp unbestimmt (Subgruppe C)" />
        </designation>
      </concept>
      <concept>
        <extension url="http://hl7.org/fhir/StructureDefinition/valueset-conceptOrder">
          <valueInteger value="0" />
        </extension>
        <code value="406494001" />
        <display value="Shigella dysenteriae 11 (organism)" />
        <designation>
          <language value="en-US" />
          <use>
            <system value="http://snomed.info/sct" />
            <code value="900000000000003001" />
          </use>
          <value value="Shigella dysenteriae 11 (organism)" />
        </designation>
        <designation>
          <language value="de-DE" />
          <value value="Shigella dysenteriae 11" />
        </designation>
      </concept>
      <concept>
        <extension url="http://hl7.org/fhir/StructureDefinition/valueset-conceptOrder">
          <valueInteger value="0" />
        </extension>
        <code value="406495000" />
        <display value="Shigella dysenteriae 12 (organism)" />
        <designation>
          <language value="en-US" />
          <use>
            <system value="http://snomed.info/sct" />
            <code value="900000000000003001" />
          </use>
          <value value="Shigella dysenteriae 12 (organism)" />
        </designation>
        <designation>
          <language value="de-DE" />
          <value value="Shigella dysenteriae 12" />
        </designation>
      </concept>
      <concept>
        <extension url="http://hl7.org/fhir/StructureDefinition/valueset-conceptOrder">
          <valueInteger value="0" />
        </extension>
        <code value="406496004" />
        <display value="Shigella dysenteriae 13 (organism)" />
        <designation>
          <language value="en-US" />
          <use>
            <system value="http://snomed.info/sct" />
            <code value="900000000000003001" />
          </use>
          <value value="Shigella dysenteriae 13 (organism)" />
        </designation>
        <designation>
          <language value="de-DE" />
          <value value="Shigella dysenteriae 13" />
        </designation>
      </concept>
      <concept>
        <extension url="http://hl7.org/fhir/StructureDefinition/valueset-conceptOrder">
          <valueInteger value="0" />
        </extension>
        <code value="406497008" />
        <display value="Shigella dysenteriae 15 (organism)" />
        <designation>
          <language value="en-US" />
          <use>
            <system value="http://snomed.info/sct" />
            <code value="900000000000003001" />
          </use>
          <value value="Shigella dysenteriae 15 (organism)" />
        </designation>
        <designation>
          <language value="de-DE" />
          <value value="Shigella dysenteriae 15" />
        </designation>
      </concept>
      <concept>
        <extension url="http://hl7.org/fhir/StructureDefinition/valueset-conceptOrder">
          <valueInteger value="0" />
        </extension>
        <code value="406498003" />
        <display value="Shigella dysenteriae 14 (organism)" />
        <designation>
          <language value="en-US" />
          <use>
            <system value="http://snomed.info/sct" />
            <code value="900000000000003001" />
          </use>
          <value value="Shigella dysenteriae 14 (organism)" />
        </designation>
        <designation>
          <language value="de-DE" />
          <value value="Shigella dysenteriae 14" />
        </designation>
      </concept>
      <concept>
        <extension url="http://hl7.org/fhir/StructureDefinition/valueset-conceptOrder">
          <valueInteger value="0" />
        </extension>
        <code value="406500002" />
        <display value="Shigella flexneri 4c [IV:7,8] (organism)" />
        <designation>
          <language value="en-US" />
          <use>
            <system value="http://snomed.info/sct" />
            <code value="900000000000003001" />
          </use>
          <value value="Shigella flexneri 4c [IV:7,8] (organism)" />
        </designation>
        <designation>
          <language value="de-DE" />
          <value value="Shigella flexneri 4c [IV:7,8]" />
        </designation>
      </concept>
      <concept>
        <extension url="http://hl7.org/fhir/StructureDefinition/valueset-conceptOrder">
          <valueInteger value="0" />
        </extension>
        <code value="406501003" />
        <display value="Shigella flexneri 5a [V:3,4] (organism)" />
        <designation>
          <language value="en-US" />
          <use>
            <system value="http://snomed.info/sct" />
            <code value="900000000000003001" />
          </use>
          <value value="Shigella flexneri 5a [V:3,4] (organism)" />
        </designation>
        <designation>
          <language value="de-DE" />
          <value value="Shigella flexneri 5a [V:3,4]" />
        </designation>
      </concept>
      <concept>
        <extension url="http://hl7.org/fhir/StructureDefinition/valueset-conceptOrder">
          <valueInteger value="0" />
        </extension>
        <code value="406502005" />
        <display value="Shigella flexneri 5b [V:7,8] (organism)" />
        <designation>
          <language value="en-US" />
          <use>
            <system value="http://snomed.info/sct" />
            <code value="900000000000003001" />
          </use>
          <value value="Shigella flexneri 5b [V:7,8] (organism)" />
        </designation>
        <designation>
          <language value="de-DE" />
          <value value="Shigella flexneri 5b [V:7,8]" />
        </designation>
      </concept>
      <concept>
        <extension url="http://hl7.org/fhir/StructureDefinition/valueset-conceptOrder">
          <valueInteger value="0" />
        </extension>
        <code value="406503000" />
        <display value="Shigella flexneri serotype undetermined (Subgroup B) (organism)" />
        <designation>
          <language value="en-US" />
          <use>
            <system value="http://snomed.info/sct" />
            <code value="900000000000003001" />
          </use>
          <value value="Shigella flexneri serotype undetermined (Subgroup B) (organism)" />
        </designation>
        <designation>
          <language value="de-DE" />
          <value value="Shigella flexneri, Serotyp unbestimmt (Subgruppe B)" />
        </designation>
      </concept>
      <concept>
        <extension url="http://hl7.org/fhir/StructureDefinition/valueset-conceptOrder">
          <valueInteger value="0" />
        </extension>
        <code value="406504006" />
        <display value="Shigella sonnei (Subgroup D) (organism)" />
        <designation>
          <language value="en-US" />
          <use>
            <system value="http://snomed.info/sct" />
            <code value="900000000000003001" />
          </use>
          <value value="Shigella sonnei (Subgroup D) (organism)" />
        </designation>
        <designation>
          <language value="de-DE" />
          <value value="Shigella sonnei (Subgruppe D)" />
        </designation>
      </concept>
      <concept>
        <extension url="http://hl7.org/fhir/StructureDefinition/valueset-conceptOrder">
          <valueInteger value="1" />
        </extension>
        <code value="4298009" />
        <display value="Shigella sonnei (organism)" />
        <designation>
          <language value="en-US" />
          <use>
            <system value="http://snomed.info/sct" />
            <code value="900000000000003001" />
          </use>
          <value value="Shigella sonnei (organism)" />
        </designation>
        <designation>
          <language value="de-DE" />
          <value value="Shigella sonnei" />
        </designation>
      </concept>
      <concept>
        <extension url="http://hl7.org/fhir/StructureDefinition/valueset-conceptOrder">
          <valueInteger value="1" />
        </extension>
        <code value="43612004" />
        <display value="Shigella dysenteriae (organism)" />
        <designation>
          <language value="en-US" />
          <use>
            <system value="http://snomed.info/sct" />
            <code value="900000000000003001" />
          </use>
          <value value="Shigella dysenteriae (organism)" />
        </designation>
        <designation>
          <language value="de-DE" />
          <value value="Shigella dysenteriae" />
        </designation>
      </concept>
      <concept>
        <extension url="http://hl7.org/fhir/StructureDefinition/valueset-conceptOrder">
          <valueInteger value="0" />
        </extension>
        <code value="473764841000087103" />
        <display value="Shigella flexneri 5b (organism)" />
        <designation>
          <language value="en-US" />
          <use>
            <system value="http://snomed.info/sct" />
            <code value="900000000000003001" />
          </use>
          <value value="Shigella flexneri 5b (organism)" />
        </designation>
        <designation>
          <language value="de-DE" />
          <value value="Shigella flexneri 5b" />
        </designation>
      </concept>
      <concept>
        <extension url="http://hl7.org/fhir/StructureDefinition/valueset-conceptOrder">
          <valueInteger value="1" />
        </extension>
        <code value="55462008" />
        <display value="Shigella boydii (organism)" />
        <designation>
          <language value="en-US" />
          <use>
            <system value="http://snomed.info/sct" />
            <code value="900000000000003001" />
          </use>
          <value value="Shigella boydii (organism)" />
        </designation>
        <designation>
          <language value="de-DE" />
          <value value="Shigella boydii" />
        </designation>
      </concept>
      <concept>
        <extension url="http://hl7.org/fhir/StructureDefinition/valueset-conceptOrder">
          <valueInteger value="0" />
        </extension>
        <code value="646165971000087107" />
        <display value="Shigella flexneri 5a (organism)" />
        <designation>
          <language value="en-US" />
          <use>
            <system value="http://snomed.info/sct" />
            <code value="900000000000003001" />
          </use>
          <value value="Shigella flexneri 5a (organism)" />
        </designation>
        <designation>
          <language value="de-DE" />
          <value value="Shigella flexneri 5a" />
        </designation>
      </concept>
      <concept>
        <extension url="http://hl7.org/fhir/StructureDefinition/valueset-conceptOrder">
          <valueInteger value="0" />
        </extension>
        <code value="721911002" />
        <display value="Extended spectrum beta-lactamase producing Shigella sonnei (organism)" />
        <designation>
          <language value="en-US" />
          <use>
            <system value="http://snomed.info/sct" />
            <code value="900000000000003001" />
          </use>
          <value value="Extended spectrum beta-lactamase producing Shigella sonnei (organism)" />
        </designation>
        <designation>
          <language value="de-DE" />
          <value value="Erweitertes-Spektrum-Beta-Laktamase produzierende Shigella sonnei" />
        </designation>
      </concept>
      <concept>
        <extension url="http://hl7.org/fhir/StructureDefinition/valueset-conceptOrder">
          <valueInteger value="0" />
        </extension>
        <code value="721980008" />
        <display value="Shigella flexneri serovar 6 biotype Manchester (organism)" />
        <designation>
          <language value="en-US" />
          <use>
            <system value="http://snomed.info/sct" />
            <code value="900000000000003001" />
          </use>
          <value value="Shigella flexneri serovar 6 biotype Manchester (organism)" />
        </designation>
        <designation>
          <language value="de-DE" />
          <value value="Shigella flexneri, Serovar 6, Biotyp Manchester" />
        </designation>
      </concept>
      <concept>
        <extension url="http://hl7.org/fhir/StructureDefinition/valueset-conceptOrder">
          <valueInteger value="0" />
        </extension>
        <code value="726499009" />
        <display value="Fluoroquinolone resistant Shigella (organism)" />
        <designation>
          <language value="en-US" />
          <use>
            <system value="http://snomed.info/sct" />
            <code value="900000000000003001" />
          </use>
          <value value="Fluoroquinolone resistant Shigella (organism)" />
        </designation>
        <designation>
          <language value="de-DE" />
          <value value="Fluoroquinolon-resistente Shigella" />
        </designation>
      </concept>
      <concept>
        <extension url="http://hl7.org/fhir/StructureDefinition/valueset-conceptOrder">
          <valueInteger value="100" />
        </extension>
        <code value="77352002" />
        <display value="Genus Shigella (organism)" />
        <designation>
          <language value="en-US" />
          <use>
            <system value="http://snomed.info/sct" />
            <code value="900000000000003001" />
          </use>
          <value value="Genus Shigella (organism)" />
        </designation>
        <designation>
          <language value="de-DE" />
          <value value="Gattung Shigella" />
        </designation>
      </concept>
      <concept>
        <extension url="http://hl7.org/fhir/StructureDefinition/valueset-conceptOrder">
          <valueInteger value="0" />
        </extension>
        <code value="783138941000087102" />
        <display value="Shigella dysenteriae, serovar 16 (organism)" />
        <designation>
          <language value="en-US" />
          <use>
            <system value="http://snomed.info/sct" />
            <code value="900000000000003001" />
          </use>
          <value value="Shigella dysenteriae, serovar 16 (organism)" />
        </designation>
        <designation>
          <language value="de-DE" />
          <value value="Shigella dysenteriae, Serovar 16" />
        </designation>
      </concept>
      <concept>
        <extension url="http://hl7.org/fhir/StructureDefinition/valueset-conceptOrder">
          <valueInteger value="1" />
        </extension>
        <code value="85729005" />
        <display value="Shigella flexneri (organism)" />
        <designation>
          <language value="en-US" />
          <use>
            <system value="http://snomed.info/sct" />
            <code value="900000000000003001" />
          </use>
          <value value="Shigella flexneri (organism)" />
        </designation>
        <designation>
          <language value="de-DE" />
          <value value="Shigella flexneri" />
        </designation>
      </concept>
    </include>
    <include>
      <valueSet value="https://demis.rki.de/fhir/ValueSet/answerSetLaboratoryTest-SNOMED" />
    </include>
    <include>
      <valueSet value="https://demis.rki.de/fhir/ValueSet/answerSetResistance-SNOMED" />
    </include>
  </compose>
</ValueSet>