<?xml version="1.0" encoding="UTF-8"?>
<StructureDefinition xmlns="http://hl7.org/fhir">
  <id value="ImmunizationInformationCVDD"/>
  <url value="https://demis.rki.de/fhir/StructureDefinition/ImmunizationInformationCVDD"/>
  <version value="1.3.1"/>
  <name value="ImmunizationInformationCVDD"/>
  <title value="Impfung für Coronavirus-Krankheit-2019 (COVID-19)"/>
  <status value="active"/>
  <date value="2024-10-10"/>
  <description value="Die Immunization-Ressource ImmunizationInformationCVDD spezifiziert die Angaben zum Impfstoff hinsichtlich Coronavirus-Krankheit-2019 (COVID-19)."/>
  <fhirVersion value="4.0.1"/>
  <mapping>
    <identity value="workflow"/>
    <uri value="http://hl7.org/fhir/workflow"/>
    <name value="Workflow Pattern"/>
  </mapping>
  <mapping>
    <identity value="v2"/>
    <uri value="http://hl7.org/v2"/>
    <name value="HL7 v2 Mapping"/>
  </mapping>
  <mapping>
    <identity value="rim"/>
    <uri value="http://hl7.org/v3"/>
    <name value="RIM Mapping"/>
  </mapping>
  <mapping>
    <identity value="w5"/>
    <uri value="http://hl7.org/fhir/fivews"/>
    <name value="FiveWs Pattern Mapping"/>
  </mapping>
  <mapping>
    <identity value="cda"/>
    <uri value="http://hl7.org/v3/cda"/>
    <name value="CDA (R2)"/>
  </mapping>
  <kind value="resource"/>
  <abstract value="false"/>
  <type value="Immunization"/>
  <baseDefinition value="https://demis.rki.de/fhir/StructureDefinition/ImmunizationInformation"/>
  <derivation value="constraint"/>
  <differential>
    <element id="Immunization.vaccineCode">
      <path value="Immunization.vaccineCode"/>
      <short value="Verabreichter Impfstoff in Bezug auf Coronavirus-Krankheit-2019 (COVID-19)"/>
      <definition value="Verabreichter Impfstoff in Bezug auf Coronavirus-Krankheit-2019 (COVID-19)"/>
    </element>
    <element id="Immunization.vaccineCode.coding">
      <path value="Immunization.vaccineCode.coding"/>
      <slicing>
        <description value="Slicing based on system"/>
        <rules value="open"/>
      </slicing>
    </element>
    <element id="Immunization.vaccineCode.coding:snomed_CT">
      <path value="Immunization.vaccineCode.coding"/>
      <sliceName value="snomed_CT"/>
      <binding>
        <strength value="required"/>
        <valueSet value="https://demis.rki.de/fhir/ValueSet/vaccineCVDD-SNOMED"/>
      </binding>
    </element>
    <element id="Immunization.vaccineCode.coding:snomed_CT.system">
      <path value="Immunization.vaccineCode.coding.system"/>
      <fixedUri value="http://snomed.info/sct"/>
    </element>
    <element id="Immunization.vaccineCode.coding:ema">
      <path value="Immunization.vaccineCode.coding"/>
      <sliceName value="ema"/>
      <short value="EMA (European Medicines Agency)"/>
      <definition value="Dieses Element beschreibt den Impfstoff als EMA-Code (European Medicines Agency)."/>
      <max value="1"/>
 <mustSupport value="true"/>
      <binding>
        <strength value="extensible"/>
        <valueSet value="https://demis.rki.de/fhir/ValueSet/vaccineCVDD"/>
      </binding>
    </element>
    <element id="Immunization.vaccineCode.coding:ema.system">
      <path value="Immunization.vaccineCode.coding.system"/>
      <min value="1"/>
      <fixedUri value="https://ec.europa.eu/health/documents/community-register/html/"/>
      <mustSupport value="true"/>
    </element>
    <element id="Immunization.vaccineCode.coding:ema.code">
      <path value="Immunization.vaccineCode.coding.code"/>
      <min value="1"/>
      <mustSupport value="true"/>
    </element>
    <element id="Immunization.doseQuantity">
      <path value="Immunization.doseQuantity"/>
      <mustSupport value="false"/>
    </element>
    <element id="Immunization.protocolApplied">
      <path value="Immunization.protocolApplied"/>
      <max value="0"/>
    </element>
  </differential>
</StructureDefinition>
