<?xml version="1.0" encoding="UTF-8"?>
<Patient xmlns="http://hl7.org/fhir">
  <id value="AddressUse-example" />
  <meta>
    <profile value="https://demis.rki.de/fhir/StructureDefinition/NotifiedPerson" />
  </meta>
  <name>
    <family value="Handschlag" />
    <given value="Johanna" />
  </name>
  <gender value="female" />
  <address>
    <extension url="https://demis.rki.de/fhir/StructureDefinition/AddressUse">
      <valueCoding>
        <system value="https://demis.rki.de/fhir/CodeSystem/addressUse" />
        <code value="current" />
      </valueCoding>
    </extension>
  </address>
</Patient>
