<?xml version="1.0" encoding="UTF-8"?>
<NamingSystem xmlns="http://hl7.org/fhir">
  <id value="NotificationBundleId"/>
  <name value="NotificationBundleId" />
  <status value="active" />
  <kind value="identifier" />
  <date value="2025-02-12" />
  <description value="Die NotificationBundleId ist das NamingSystem um den Identifier des Meldevorgangs anzugeben." />
  <uniqueId>
    <type value="uri" />
    <value value="https://demis.rki.de/fhir/NamingSystem/NotificationBundleId" />
    <preferred value="true" />
  </uniqueId>
</NamingSystem>
