<?xml version="1.0" encoding="UTF-8"?>
<NamingSystem xmlns="http://hl7.org/fhir">
  <id value="NotificationId" />
  <name value="NotificationId" />
  <status value="active" />
  <kind value="identifier" />
  <date value="2025-02-12" />
  <description value="Die NotificationId ist das NamingSystem um den Identifier der Meldung anzugeben." />
  <uniqueId>
    <type value="uri" />
    <value value="https://demis.rki.de/fhir/NamingSystem/NotificationId" />
    <preferred value="true" />
  </uniqueId>
</NamingSystem>
