<?xml version="1.0" encoding="UTF-8"?>
<NamingSystem xmlns="http://hl7.org/fhir">
  <id value="SendingServiceProvider" />
  <name value="SendingServiceProvider" />
  <status value="active" />
  <kind value="identifier" />
  <date value="2025-02-12" />
  <description value="Der SendingServiceProvider ist das NamingSystem um die Identifikation der sendenden Einrichtung zu übermitteln." />
  <uniqueId>
    <type value="uri" />
    <value value="https://demis.rki.de/fhir/NamingSystem/SendingServiceProvider" />
    <preferred value="true" />
  </uniqueId>
</NamingSystem>
