<?xml version="1.0" encoding="UTF-8"?>
<StructureDefinition xmlns="http://hl7.org/fhir">
  <id value="DiseaseInformationCDFD"/>
  <url value="https://demis.rki.de/fhir/StructureDefinition/DiseaseInformationCDFD"/>
  <version value="1.0.1"/>
  <name value="DiseaseInformationCDFD"/>
  <title value="Clostridioides-difficile-Erkrankung, schwere Verlaufsform-spezifische klinische und epidemiologische Angaben"/>
  <status value="active"/>
  <date value="2024-08-30"/>
  <description value="DiseaseInformationCDFD"/>
  <fhirVersion value="4.0.1"/>
  <kind value="resource"/>
  <abstract value="false"/>
  <type value="QuestionnaireResponse"/>
  <baseDefinition value="https://demis.rki.de/fhir/StructureDefinition/DiseaseInformation"/>
  <derivation value="constraint"/>
  <differential>
    <element id="QuestionnaireResponse.questionnaire">
      <path value="QuestionnaireResponse.questionnaire"/>
      <fixedCanonical value="https://demis.rki.de/fhir/Questionnaire/DiseaseQuestionsCDFD"/>
    </element>
  </differential>
</StructureDefinition>
