<?xml version="1.0" encoding="utf-8"?>
<StructureDefinition xmlns="http://hl7.org/fhir">
	<id value="DiseaseInformationVZZD" />
	<url value="https://demis.rki.de/fhir/StructureDefinition/DiseaseInformationVZZD" />
	<version value="1.0.1" />
	<name value="DiseaseInformationVZZD" />
	<title value="Herpes Zoster-spezifische klinische und epidemiologische Angaben" />
	<status value="active" />
	<date value="2024-08-20" />
	<description value="DiseaseInformationVZZD" />
	<fhirVersion value="4.0.1" />
	<kind value="resource" />
	<abstract value="false" />
	<type value="QuestionnaireResponse" />
	<baseDefinition value="https://demis.rki.de/fhir/StructureDefinition/DiseaseInformation" />
	<derivation value="constraint" />
	<differential>
		<element id="QuestionnaireResponse.questionnaire">
			<path value="QuestionnaireResponse.questionnaire" />
			<fixedCanonical value="https://demis.rki.de/fhir/Questionnaire/DiseaseQuestionsVZZD" />
		</element>
	</differential>
</StructureDefinition>