<?xml version="1.0" encoding="UTF-8"?>
<CodeSystem xmlns="http://hl7.org/fhir">
  <id value="country" />
  <url value="https://demis.rki.de/fhir/CodeSystem/country" />
  <version value="1.1.0" />
  <name value="Country" />
  <title value="Land" />
  <status value="retired" />
  <experimental value="false" />
  <date value="2025-04-10" />
  <publisher value="Robert Koch-Institut" />
  <description value="Das CodeSystem Country enthält die Codes der Länder." />
  <caseSensitive value="false" />
  <valueSet value="https://demis.rki.de/fhir/ValueSet/country" />
  <content value="complete" />
  <count value="198" />
  <concept>
    <code value="20422" />
    <display value="Deutschland" />
  </concept>
  <concept>
    <code value="17213" />
    <display value="Slowenien" />
  </concept>
  <concept>
    <code value="17363" />
    <display value="Liechtenstein" />
  </concept>
  <concept>
    <code value="17516" />
    <display value="Österreich" />
  </concept>
  <concept>
    <code value="17604" />
    <display value="Slowakei" />
  </concept>
  <concept>
    <code value="17637" />
    <display value="Schweiz" />
  </concept>
  <concept>
    <code value="17856" />
    <display value="Tschechische Republik" />
  </concept>
  <concept>
    <code value="17865" />
    <display value="Ungarn" />
  </concept>
  <concept>
    <code value="17114" />
    <display value="Dänemark" />
  </concept>
  <concept>
    <code value="17132" />
    <display value="Estland" />
  </concept>
  <concept>
    <code value="17148" />
    <display value="Finnland" />
  </concept>
  <concept>
    <code value="17240" />
    <display value="Irland" />
  </concept>
  <concept>
    <code value="17268" />
    <display value="Island" />
  </concept>
  <concept>
    <code value="17314" />
    <display value="Lettland" />
  </concept>
  <concept>
    <code value="17375" />
    <display value="Litauen" />
  </concept>
  <concept>
    <code value="17491" />
    <display value="Norwegen" />
  </concept>
  <concept>
    <code value="17615" />
    <display value="Schweden" />
  </concept>
  <concept>
    <code value="17914" />
    <display value="Vereinigtes Königreich" />
  </concept>
  <concept>
    <code value="17664" />
    <display value="Russische Föderation" />
  </concept>
  <concept>
    <code value="17526" />
    <display value="Polen" />
  </concept>
  <concept>
    <code value="17886" />
    <display value="Ukraine" />
  </concept>
  <concept>
    <code value="17937" />
    <display value="Weißrussland" />
  </concept>
  <concept>
    <code value="17191" />
    <display value="Kroatien" />
  </concept>
  <concept>
    <code value="17293" />
    <display value="Italien" />
  </concept>
  <concept>
    <code value="17392" />
    <display value="Malta" />
  </concept>
  <concept>
    <code value="17472" />
    <display value="Monaco" />
  </concept>
  <concept>
    <code value="17613" />
    <display value="San Marino" />
  </concept>
  <concept>
    <code value="17754" />
    <display value="Spanien" />
  </concept>
  <concept>
    <code value="17912" />
    <display value="Vatikanstadt" />
  </concept>
  <concept>
    <code value="17033" />
    <display value="Albanien" />
  </concept>
  <concept>
    <code value="17070" />
    <display value="Bosnien und Herzegowina" />
  </concept>
  <concept>
    <code value="17085" />
    <display value="Bulgarien" />
  </concept>
  <concept>
    <code value="17226" />
    <display value="Griechenland" />
  </concept>
  <concept>
    <code value="17341" />
    <display value="Montenegro" />
  </concept>
  <concept>
    <code value="17390" />
    <display value="Mazedonien" />
  </concept>
  <concept>
    <code value="17460" />
    <display value="Moldau" />
  </concept>
  <concept>
    <code value="17514" />
    <display value="Kosovo" />
  </concept>
  <concept>
    <code value="17562" />
    <display value="Rumänien" />
  </concept>
  <concept>
    <code value="17945" />
    <display value="Serbien" />
  </concept>
  <concept>
    <code value="17976" />
    <display value="Zypern" />
  </concept>
  <concept>
    <code value="17073" />
    <display value="Andorra" />
  </concept>
  <concept>
    <code value="17081" />
    <display value="Belgien" />
  </concept>
  <concept>
    <code value="17155" />
    <display value="Frankreich" />
  </concept>
  <concept>
    <code value="17386" />
    <display value="Luxemburg" />
  </concept>
  <concept>
    <code value="17474" />
    <display value="Niederlande" />
  </concept>
  <concept>
    <code value="17543" />
    <display value="Portugal" />
  </concept>
  <concept>
    <code value="18285" />
    <display value="Libyen" />
  </concept>
  <concept>
    <code value="18689" />
    <display value="Tunesien" />
  </concept>
  <concept>
    <code value="18051" />
    <display value="Eritrea" />
  </concept>
  <concept>
    <code value="18591" />
    <display value="Sudan" />
  </concept>
  <concept>
    <code value="18826" />
    <display value="Ägypten" />
  </concept>
  <concept>
    <code value="17983" />
    <display value="Algerien" />
  </concept>
  <concept>
    <code value="18204" />
    <display value="Mauretanien" />
  </concept>
  <concept>
    <code value="18344" />
    <display value="Marokko" />
  </concept>
  <concept>
    <code value="18059" />
    <display value="Äthiopien" />
  </concept>
  <concept>
    <code value="18106" />
    <display value="Dschibuti" />
  </concept>
  <concept>
    <code value="18233" />
    <display value="Kenia" />
  </concept>
  <concept>
    <code value="18242" />
    <display value="Komoren" />
  </concept>
  <concept>
    <code value="18460" />
    <display value="Ruanda" />
  </concept>
  <concept>
    <code value="18498" />
    <display value="Seychellen" />
  </concept>
  <concept>
    <code value="18564" />
    <display value="Somalia" />
  </concept>
  <concept>
    <code value="18623" />
    <display value="Tansania" />
  </concept>
  <concept>
    <code value="18714" />
    <display value="Uganda" />
  </concept>
  <concept>
    <code value="18872" />
    <display value="Burundi" />
  </concept>
  <concept>
    <code value="18071" />
    <display value="Lesotho" />
  </concept>
  <concept>
    <code value="18082" />
    <display value="Botsuana" />
  </concept>
  <concept>
    <code value="18165" />
    <display value="Simbabwe" />
  </concept>
  <concept>
    <code value="18396" />
    <display value="Sambia" />
  </concept>
  <concept>
    <code value="18450" />
    <display value="Südafrika (Staat)" />
  </concept>
  <concept>
    <code value="18466" />
    <display value="Namibia" />
  </concept>
  <concept>
    <code value="18618" />
    <display value="Swasiland" />
  </concept>
  <concept>
    <code value="18311" />
    <display value="Madagaskar" />
  </concept>
  <concept>
    <code value="18361" />
    <display value="Mauritius" />
  </concept>
  <concept>
    <code value="18371" />
    <display value="Mosambik" />
  </concept>
  <concept>
    <code value="18392" />
    <display value="Malawi" />
  </concept>
  <concept>
    <code value="18032" />
    <display value="Angola" />
  </concept>
  <concept>
    <code value="18480" />
    <display value="São Tomé und Príncipe" />
  </concept>
  <concept>
    <code value="18093" />
    <display value="Benin" />
  </concept>
  <concept>
    <code value="18112" />
    <display value="Elfenbeinküste (Côte d'Ivoire)" />
  </concept>
  <concept>
    <code value="18127" />
    <display value="Nigeria" />
  </concept>
  <concept>
    <code value="18186" />
    <display value="Gambia" />
  </concept>
  <concept>
    <code value="18193" />
    <display value="Ghana" />
  </concept>
  <concept>
    <code value="18218" />
    <display value="Kap Verde" />
  </concept>
  <concept>
    <code value="18269" />
    <display value="Liberia" />
  </concept>
  <concept>
    <code value="18334" />
    <display value="Mali" />
  </concept>
  <concept>
    <code value="18383" />
    <display value="Niger" />
  </concept>
  <concept>
    <code value="18406" />
    <display value="Burkina Faso" />
  </concept>
  <concept>
    <code value="18420" />
    <display value="Guinea-Bissau" />
  </concept>
  <concept>
    <code value="18430" />
    <display value="Guinea" />
  </concept>
  <concept>
    <code value="18483" />
    <display value="Senegal" />
  </concept>
  <concept>
    <code value="18559" />
    <display value="Sierra Leone" />
  </concept>
  <concept>
    <code value="18654" />
    <display value="Togo" />
  </concept>
  <concept>
    <code value="18176" />
    <display value="Gabun" />
  </concept>
  <concept>
    <code value="18246" />
    <display value="Kongo" />
  </concept>
  <concept>
    <code value="18257" />
    <display value="Kongo, Demokratische Republik" />
  </concept>
  <concept>
    <code value="18439" />
    <display value="Kamerun" />
  </concept>
  <concept>
    <code value="18583" />
    <display value="Äquatorialguinea" />
  </concept>
  <concept>
    <code value="18607" />
    <display value="Südsudan" />
  </concept>
  <concept>
    <code value="18660" />
    <display value="Tschad" />
  </concept>
  <concept>
    <code value="18854" />
    <display value="Zentralafrikanische Republik" />
  </concept>
  <concept>
    <code value="20329" />
    <display value="Australien (Land)" />
  </concept>
  <concept>
    <code value="20347" />
    <display value="Salomonen" />
  </concept>
  <concept>
    <code value="20349" />
    <display value="Fidschi" />
  </concept>
  <concept>
    <code value="20354" />
    <display value="Cookinseln" />
  </concept>
  <concept>
    <code value="20356" />
    <display value="Kiribati" />
  </concept>
  <concept>
    <code value="20358" />
    <display value="Nauru" />
  </concept>
  <concept>
    <code value="20360" />
    <display value="Vanuatu" />
  </concept>
  <concept>
    <code value="20367" />
    <display value="Niue" />
  </concept>
  <concept>
    <code value="20369" />
    <display value="Neuseeland" />
  </concept>
  <concept>
    <code value="20386" />
    <display value="Palau" />
  </concept>
  <concept>
    <code value="20388" />
    <display value="Papua-Neuguinea" />
  </concept>
  <concept>
    <code value="20409" />
    <display value="Tuvalu" />
  </concept>
  <concept>
    <code value="20411" />
    <display value="Tonga" />
  </concept>
  <concept>
    <code value="20413" />
    <display value="Samoa" />
  </concept>
  <concept>
    <code value="20415" />
    <display value="Marshallinseln" />
  </concept>
  <concept>
    <code value="20417" />
    <display value="Mikronesien" />
  </concept>
  <concept>
    <code value="19715" />
    <display value="Korea, Demokratische Volksrepublik" />
  </concept>
  <concept>
    <code value="19851" />
    <display value="Japan" />
  </concept>
  <concept>
    <code value="20096" />
    <display value="Korea, Republik" />
  </concept>
  <concept>
    <code value="20264" />
    <display value="China" />
  </concept>
  <concept>
    <code value="19524" />
    <display value="Afghanistan" />
  </concept>
  <concept>
    <code value="19583" />
    <display value="Bhutan" />
  </concept>
  <concept>
    <code value="19622" />
    <display value="Brunei Darussalam" />
  </concept>
  <concept>
    <code value="19640" />
    <display value="Sri Lanka" />
  </concept>
  <concept>
    <code value="19953" />
    <display value="Katar" />
  </concept>
  <concept>
    <code value="20002" />
    <display value="Malediven" />
  </concept>
  <concept>
    <code value="20055" />
    <display value="Nepal" />
  </concept>
  <concept>
    <code value="20063" />
    <display value="Bangladesch" />
  </concept>
  <concept>
    <code value="20071" />
    <display value="Pakistan" />
  </concept>
  <concept>
    <code value="19604" />
    <display value="Myanmar" />
  </concept>
  <concept>
    <code value="19650" />
    <display value="Vietnam" />
  </concept>
  <concept>
    <code value="19762" />
    <display value="Indonesien" />
  </concept>
  <concept>
    <code value="19928" />
    <display value="Kambodscha" />
  </concept>
  <concept>
    <code value="19969" />
    <display value="Laos" />
  </concept>
  <concept>
    <code value="20078" />
    <display value="Philippinen" />
  </concept>
  <concept>
    <code value="20147" />
    <display value="Singapur" />
  </concept>
  <concept>
    <code value="20172" />
    <display value="Thailand" />
  </concept>
  <concept>
    <code value="20299" />
    <display value="Malaysia" />
  </concept>
  <concept>
    <code value="20315" />
    <display value="Timor-Leste" />
  </concept>
  <concept>
    <code value="19559" />
    <display value="Bahrain" />
  </concept>
  <concept>
    <code value="20023" />
    <display value="Oman" />
  </concept>
  <concept>
    <code value="20112" />
    <display value="Vereinigte Arabische Emirate" />
  </concept>
  <concept>
    <code value="17775" />
    <display value="Türkei" />
  </concept>
  <concept>
    <code value="19490" />
    <display value="Jemen" />
  </concept>
  <concept>
    <code value="19512" />
    <display value="Armenien" />
  </concept>
  <concept>
    <code value="19572" />
    <display value="Aserbaidschan" />
  </concept>
  <concept>
    <code value="19627" />
    <display value="Georgien" />
  </concept>
  <concept>
    <code value="19727" />
    <display value="Indien" />
  </concept>
  <concept>
    <code value="19796" />
    <display value="Irak" />
  </concept>
  <concept>
    <code value="19815" />
    <display value="Iran" />
  </concept>
  <concept>
    <code value="19844" />
    <display value="Israel" />
  </concept>
  <concept>
    <code value="19915" />
    <display value="Jordanien" />
  </concept>
  <concept>
    <code value="19963" />
    <display value="Kuwait" />
  </concept>
  <concept>
    <code value="19995" />
    <display value="Libanon" />
  </concept>
  <concept>
    <code value="20061" />
    <display value="Palästinensische Gebiete" />
  </concept>
  <concept>
    <code value="20133" />
    <display value="Saudi-Arabien" />
  </concept>
  <concept>
    <code value="20157" />
    <display value="Syrien" />
  </concept>
  <concept>
    <code value="19899" />
    <display value="Kasachstan" />
  </concept>
  <concept>
    <code value="19987" />
    <display value="Kirgisistan" />
  </concept>
  <concept>
    <code value="20032" />
    <display value="Mongolei" />
  </concept>
  <concept>
    <code value="20122" />
    <display value="Tadschikistan" />
  </concept>
  <concept>
    <code value="20127" />
    <display value="Turkmenistan" />
  </concept>
  <concept>
    <code value="20249" />
    <display value="Usbekistan" />
  </concept>
  <concept>
    <code value="18890" />
    <display value="Antigua und Barbuda" />
  </concept>
  <concept>
    <code value="18899" />
    <display value="Barbados" />
  </concept>
  <concept>
    <code value="18937" />
    <display value="Bahamas" />
  </concept>
  <concept>
    <code value="18988" />
    <display value="Belize" />
  </concept>
  <concept>
    <code value="19013" />
    <display value="Dominica" />
  </concept>
  <concept>
    <code value="19024" />
    <display value="Costa Rica" />
  </concept>
  <concept>
    <code value="19032" />
    <display value="Dominikanische Republik" />
  </concept>
  <concept>
    <code value="19091" />
    <display value="El Salvador" />
  </concept>
  <concept>
    <code value="19106" />
    <display value="Grenada" />
  </concept>
  <concept>
    <code value="19113" />
    <display value="Guatemala" />
  </concept>
  <concept>
    <code value="19136" />
    <display value="Haiti" />
  </concept>
  <concept>
    <code value="19147" />
    <display value="Honduras" />
  </concept>
  <concept>
    <code value="19214" />
    <display value="Kuba" />
  </concept>
  <concept>
    <code value="19263" />
    <display value="Nicaragua" />
  </concept>
  <concept>
    <code value="19281" />
    <display value="Jamaika" />
  </concept>
  <concept>
    <code value="19295" />
    <display value="Panama" />
  </concept>
  <concept>
    <code value="19383" />
    <display value="St. Lucia" />
  </concept>
  <concept>
    <code value="19470" />
    <display value="St. Vincent und die Grenadinen" />
  </concept>
  <concept>
    <code value="19472" />
    <display value="St. Kitts und Nevis" />
  </concept>
  <concept>
    <code value="19474" />
    <display value="Trinidad und Tobago" />
  </concept>
  <concept>
    <code value="19166" />
    <display value="Kanada" />
  </concept>
  <concept>
    <code value="19230" />
    <display value="Mexiko" />
  </concept>
  <concept>
    <code value="19411" />
    <display value="Vereinigte Staaten" />
  </concept>
  <concept>
    <code value="18911" />
    <display value="Argentinien" />
  </concept>
  <concept>
    <code value="18939" />
    <display value="Bolivien" />
  </concept>
  <concept>
    <code value="18949" />
    <display value="Brasilien" />
  </concept>
  <concept>
    <code value="18977" />
    <display value="Guyana" />
  </concept>
  <concept>
    <code value="18995" />
    <display value="Chile" />
  </concept>
  <concept>
    <code value="19065" />
    <display value="Ecuador" />
  </concept>
  <concept>
    <code value="19180" />
    <display value="Kolumbien" />
  </concept>
  <concept>
    <code value="19308" />
    <display value="Paraguay" />
  </concept>
  <concept>
    <code value="19326" />
    <display value="Peru" />
  </concept>
  <concept>
    <code value="19352" />
    <display value="Suriname" />
  </concept>
  <concept>
    <code value="19363" />
    <display value="Uruguay" />
  </concept>
  <concept>
    <code value="19385" />
    <display value="Venezuela" />
  </concept>
</CodeSystem>
